Date,会場,Round,着順結果,艇番,選手登番,選手名,モーターNo,ボートNo,展示タイム,進入順位,スタートタイム,レースタイム,試合タイプ,コース距離,天候,風向,風速,波高,決まり手
20150920,大村,1,1,1,3956,横澤剛治,45,43,7.08,1,0.19,110.3,一般戦,1800,晴,南西,1,1,逃げ
20150920,大村,1,2,4,4217,栩本佑介,39,62,7.00,4,0.11,112.0,一般戦,1800,晴,南西,1,1,逃げ
20150920,大村,1,3,6,4675,井手良太,72,25,6.99,6,0.07,112.7,一般戦,1800,晴,南西,1,1,逃げ
20150920,大村,1,4,2,3596,河上年昭,38,69,6.97,2,0.16,114.2,一般戦,1800,晴,南西,1,1,逃げ
20150920,大村,1,5,3,4565,西村豪洋,51,64,6.93,3,0.24,NaN,一般戦,1800,晴,南西,1,1,逃げ
20150920,大村,1,6,5,3701,大西隆洋,54,18,7.01,5,0.10,NaN,一般戦,1800,晴,南西,1,1,逃げ
20150920,大村,2,1,1,4259,真庭明志,40,38,7.02,1,0.21,109.5,一般戦,1800,晴,西,2,1,逃げ
20150920,大村,2,2,3,4007,榮田将彦,74,58,7.02,3,0.18,111.6,一般戦,1800,晴,西,2,1,逃げ
20150920,大村,2,3,4,3648,原田通雅,31,31,6.96,4,0.26,112.6,一般戦,1800,晴,西,2,1,逃げ
20150920,大村,2,4,5,3972,富永恭史,32,23,7.05,5,0.28,114.6,一般戦,1800,晴,西,2,1,逃げ
20150920,大村,2,5,6,4866,橋本英一,49,61,6.99,6,0.21,NaN,一般戦,1800,晴,西,2,1,逃げ
20150920,大村,2,6,2,4334,児玉旭,65,26,7.05,2,0.26,NaN,一般戦,1800,晴,西,2,1,逃げ
20150920,大村,3,1,1,3331,新美恵一,59,34,6.90,1,0.14,110.9,一般戦,1800,晴,西,1,1,逃げ
20150920,大村,3,2,4,4116,川田正人,24,33,6.87,5,0.11,113.5,一般戦,1800,晴,西,1,1,逃げ
20150920,大村,3,3,2,4705,吉川勇作,29,40,7.00,2,0.08,116.5,一般戦,1800,晴,西,1,1,逃げ
20150920,大村,3,4,5,4307,村上橋蔵,30,29,6.97,6,0.24,117.9,一般戦,1800,晴,西,1,1,逃げ
20150920,大村,3,5,6,3660,長谷川親王,67,20,7.06,4,0.15,NaN,一般戦,1800,晴,西,1,1,逃げ
20150920,大村,3,NaN,3,4241,大串重幸,26,51,6.90,3,0.18,NaN,一般戦,1800,晴,西,1,1,逃げ
20150920,大村,4,1,1,3841,佐々木和伸,70,71,7.00,1,0.01,109.1,一般戦,1800,晴,西,1,1,逃げ
20150920,大村,4,2,2,3782,伊藤宏,58,27,7.05,2,0.07,110.7,一般戦,1800,晴,西,1,1,逃げ
20150920,大村,4,3,6,3658,阪本聖秀,56,66,6.99,6,0.16,112.6,一般戦,1800,晴,西,1,1,逃げ
20150920,大村,4,4,4,4346,前田健太郎,73,12,6.96,4,0.10,114.1,一般戦,1800,晴,西,1,1,逃げ
20150920,大村,4,5,3,4382,高山智至,36,59,6.88,3,0.07,NaN,一般戦,1800,晴,西,1,1,逃げ
20150920,大村,4,6,5,3761,山本光雄,69,39,6.96,5,0.12,NaN,一般戦,1800,晴,西,1,1,逃げ
20150920,大村,5,1,2,3718,伊達正利,52,74,6.98,2,0.11,110.5,一般戦,1800,晴,西,1,1,抜き
20150920,大村,5,2,1,4030,森高一真,13,68,7.04,1,0.11,111.3,一般戦,1800,晴,西,1,1,抜き
20150920,大村,5,3,4,3553,平池仁志,62,65,6.94,4,0.16,112.8,一般戦,1800,晴,西,1,1,抜き
20150920,大村,5,4,5,4333,村田友也,57,11,6.96,5,0.15,113.7,一般戦,1800,晴,西,1,1,抜き
20150920,大村,5,5,3,3596,河上年昭,38,69,6.95,3,0.16,NaN,一般戦,1800,晴,西,1,1,抜き
20150920,大村,5,6,6,4575,戸塚邦好,43,57,7.00,6,0.26,NaN,一般戦,1800,晴,西,1,1,抜き
20150920,大村,6,1,3,3743,林美憲,15,41,6.97,3,0.08,110.3,一般戦,1800,晴,西,1,1,差し
20150920,大村,6,2,1,4091,荒田泰明,66,32,7.06,1,0.15,111.7,一般戦,1800,晴,西,1,1,差し
20150920,大村,6,3,5,4156,浜野孝志,55,15,7.01,5,0.11,113.3,一般戦,1800,晴,西,1,1,差し
20150920,大村,6,4,2,3818,山崎康弘,46,37,6.99,2,0.14,114.8,一般戦,1800,晴,西,1,1,差し
20150920,大村,6,5,4,4007,榮田将彦,74,58,6.97,4,0.12,NaN,一般戦,1800,晴,西,1,1,差し
20150920,大村,6,6,6,4861,田中宏樹,18,45,6.92,6,0.10,NaN,一般戦,1800,晴,西,1,1,差し
20150920,大村,7,1,1,4043,桐本康臣,50,63,6.94,1,0.10,110.2,一般戦,1800,晴,西,1,1,逃げ
20150920,大村,7,2,4,3445,加藤高史,60,17,6.91,4,0.12,111.7,一般戦,1800,晴,西,1,1,逃げ
20150920,大村,7,3,2,2930,新良一規,41,67,6.92,2,0.12,112.4,一般戦,1800,晴,西,1,1,逃げ
20150920,大村,7,4,5,3648,原田通雅,31,31,6.92,5,0.15,113.6,一般戦,1800,晴,西,1,1,逃げ
20150920,大村,7,5,3,4705,吉川勇作,29,40,6.90,3,0.06,NaN,一般戦,1800,晴,西,1,1,逃げ
20150920,大村,7,6,6,4217,栩本佑介,39,62,6.97,6,0.14,NaN,一般戦,1800,晴,西,1,1,逃げ
20150920,大村,8,1,1,4411,沢田昭宏,64,73,7.02,1,0.12,110.5,一般戦,1800,晴,南,1,1,逃げ
20150920,大村,8,2,3,4314,青木幸太郎,21,60,7.04,3,0.11,111.5,一般戦,1800,晴,南,1,1,逃げ
20150920,大村,8,3,2,3553,平池仁志,62,65,7.04,2,0.08,113.1,一般戦,1800,晴,南,1,1,逃げ
20150920,大村,8,4,5,4565,西村豪洋,51,64,6.96,5,0.06,113.8,一般戦,1800,晴,南,1,1,逃げ
20150920,大村,8,5,4,3660,長谷川親王,67,20,6.97,4,0.12,NaN,一般戦,1800,晴,南,1,1,逃げ
20150920,大村,9,1,1,4614,石倉洋行,44,76,6.94,1,0.12,110.7,一般戦,1800,晴,西,1,1,逃げ
20150920,大村,9,2,3,3701,大西隆洋,54,18,7.08,3,0.13,111.9,一般戦,1800,晴,西,1,1,逃げ
20150920,大村,9,3,4,4333,村田友也,57,11,6.97,4,0.16,112.9,一般戦,1800,晴,西,1,1,逃げ
20150920,大村,9,4,5,3895,堀本裕也,68,35,6.89,5,0.11,113.2,一般戦,1800,晴,西,1,1,逃げ
20150920,大村,9,5,2,4104,木下陽介,37,28,7.00,2,0.11,NaN,一般戦,1800,晴,西,1,1,逃げ
20150920,大村,9,6,6,4346,前田健太郎,73,12,6.98,6,0.08,NaN,一般戦,1800,晴,西,1,1,逃げ
20150920,大村,10,1,2,4259,真庭明志,40,38,6.99,2,0.11,110.2,準優勝戦,1800,晴,南,2,1,抜き
20150920,大村,10,2,3,4116,川田正人,24,33,6.93,3,0.13,110.3,準優勝戦,1800,晴,南,2,1,抜き
20150920,大村,10,3,1,3658,阪本聖秀,56,66,6.93,1,0.11,112.2,準優勝戦,1800,晴,南,2,1,抜き
20150920,大村,10,4,5,4030,森高一真,13,68,7.06,5,0.12,112.5,準優勝戦,1800,晴,南,2,1,抜き
20150920,大村,10,5,4,2930,新良一規,41,67,7.05,4,0.12,NaN,準優勝戦,1800,晴,南,2,1,抜き
20150920,大村,10,6,6,3818,山崎康弘,46,37,7.01,6,0.19,NaN,準優勝戦,1800,晴,南,2,1,抜き
20150920,大村,11,1,1,4314,青木幸太郎,21,60,7.05,1,0.18,109.8,準優勝戦,1800,晴,西,2,1,逃げ
20150920,大村,11,2,4,3841,佐々木和伸,70,71,6.96,4,0.11,110.5,準優勝戦,1800,晴,西,2,1,逃げ
20150920,大村,11,3,2,3761,山本光雄,69,39,6.98,2,0.19,112.2,準優勝戦,1800,晴,西,2,1,逃げ
20150920,大村,11,4,3,4043,桐本康臣,50,63,6.97,3,0.17,113.6,準優勝戦,1800,晴,西,2,1,逃げ
20150920,大村,11,5,5,4091,荒田泰明,66,32,6.98,5,0.15,NaN,準優勝戦,1800,晴,西,2,1,逃げ
20150920,大村,11,6,6,4334,児玉旭,65,26,6.94,6,0.15,NaN,準優勝戦,1800,晴,西,2,1,逃げ
20150920,大村,12,1,1,3743,林美憲,15,41,6.96,1,0.31,109.7,準優勝戦,1800,晴,北西,2,1,逃げ
20150920,大村,12,2,4,3956,横澤剛治,45,43,6.95,4,0.24,111.3,準優勝戦,1800,晴,北西,2,1,逃げ
20150920,大村,12,3,6,3782,伊藤宏,58,27,7.07,5,0.25,113.1,準優勝戦,1800,晴,北西,2,1,逃げ
20150920,大村,12,4,3,3445,加藤高史,60,17,7.02,3,0.25,113.7,準優勝戦,1800,晴,北西,2,1,逃げ
20150920,大村,12,5,5,4104,木下陽介,37,28,6.98,6,0.16,NaN,準優勝戦,1800,晴,北西,2,1,逃げ
20150920,大村,12,6,2,3331,新美恵一,59,34,7.04,2,0.29,NaN,準優勝戦,1800,晴,北西,2,1,逃げ
20150920,唐津,1,1,1,3684,清水攻二,17,82,6.90,1,0.02,110.1,一般戦,1800,晴,北東,4,3,逃げ
20150920,唐津,1,2,4,4161,黒柳浩孝,25,65,7.00,4,0.08,112.7,一般戦,1800,晴,北東,4,3,逃げ
20150920,唐津,1,3,2,4508,野間大樹,33,68,6.90,2,0.01,113.3,一般戦,1800,晴,北東,4,3,逃げ
20150920,唐津,1,4,6,4727,安部慎一,27,84,6.86,6,0.09,114.7,一般戦,1800,晴,北東,4,3,逃げ
20150920,唐津,1,5,3,4299,中島浩哉,18,44,6.96,3,0.05,116.0,一般戦,1800,晴,北東,4,3,逃げ
20150920,唐津,1,6,5,3561,池田真治,46,78,7.03,5,0.11,116.9,一般戦,1800,晴,北東,4,3,逃げ
20150920,唐津,2,1,1,3662,大庭元明,37,55,6.89,1,0.09,109.8,一般戦,1800,晴,北東,4,3,逃げ
20150920,唐津,2,2,2,3985,内田貴士,30,63,6.98,2,0.09,111.5,一般戦,1800,晴,北東,4,3,逃げ
20150920,唐津,2,3,5,4851,関浩哉,31,57,6.97,6,0.19,112.7,一般戦,1800,晴,北東,4,3,逃げ
20150920,唐津,2,4,4,4495,森晋太郎,66,61,6.95,4,0.08,114.0,一般戦,1800,晴,北東,4,3,逃げ
20150920,唐津,2,5,3,4315,山崎昂介,26,79,6.99,3,0.17,114.0,一般戦,1800,晴,北東,4,3,逃げ
20150920,唐津,2,6,6,4777,五十嵐一聡,35,45,6.96,5,0.14,114.6,一般戦,1800,晴,北東,4,3,逃げ
20150920,唐津,3,1,1,4261,岡祐臣,70,35,6.91,1,0.14,110.2,一般戦,1800,晴,北,5,5,逃げ
20150920,唐津,3,2,3,4467,渡邉俊介,55,33,6.95,3,0.19,111.1,一般戦,1800,晴,北,5,5,逃げ
20150920,唐津,3,3,4,2903,山崎毅,23,56,7.02,4,0.19,113.4,一般戦,1800,晴,北,5,5,逃げ
20150920,唐津,3,4,2,4405,南野利騰,61,50,6.94,2,0.15,113.6,一般戦,1800,晴,北,5,5,逃げ
20150920,唐津,3,5,6,4718,北川太一,13,69,6.87,6,0.23,114.7,一般戦,1800,晴,北,5,5,逃げ
20150920,唐津,3,6,5,4741,中村直喜,36,43,6.85,5,0.21,115.6,一般戦,1800,晴,北,5,5,逃げ
20150920,唐津,4,1,2,4383,竹田吉行,29,34,6.99,2,0.16,110.7,一般戦,1800,晴,北,4,3,差し
20150920,唐津,4,2,1,3656,伯母芳恒,38,58,6.99,1,0.19,112.0,一般戦,1800,晴,北,4,3,差し
20150920,唐津,4,3,4,4172,森定晃史,34,64,6.87,5,0.17,113.6,一般戦,1800,晴,北,4,3,差し
20150920,唐津,4,4,5,4395,下河雅史,44,36,7.01,3,0.10,113.8,一般戦,1800,晴,北,4,3,差し
20150920,唐津,4,5,3,4632,長尾京志郎,14,49,6.87,4,0.16,114.5,一般戦,1800,晴,北,4,3,差し
20150920,唐津,4,6,6,3892,草場康幸,24,67,6.97,6,0.18,116.3,一般戦,1800,晴,北,4,3,差し
20150920,唐津,5,1,3,3663,木山和幸,45,52,6.92,3,0.08,110.4,一般戦,1800,晴,北,4,3,まくり
20150920,唐津,5,2,4,3998,冨成謙児,41,80,6.92,4,0.12,111.6,一般戦,1800,晴,北,4,3,まくり
20150920,唐津,5,3,6,3772,一柳和孝,15,76,6.93,6,0.12,113.0,一般戦,1800,晴,北,4,3,まくり
20150920,唐津,5,4,2,4299,中島浩哉,18,44,6.92,2,0.05,113.6,一般戦,1800,晴,北,4,3,まくり
20150920,唐津,5,5,5,4727,安部慎一,27,84,6.92,5,0.17,115.0,一般戦,1800,晴,北,4,3,まくり
20150920,唐津,6,1,4,3809,吉田光,51,75,6.99,4,0.12,110.9,一般戦,1800,晴,北,5,5,差し
20150920,唐津,6,2,1,3807,岡部哲,54,89,7.04,1,0.08,112.5,一般戦,1800,晴,北,5,5,差し
20150920,唐津,6,3,3,3985,内田貴士,30,63,6.99,3,0.08,113.6,一般戦,1800,晴,北,5,5,差し
20150920,唐津,6,4,6,4851,関浩哉,31,57,7.04,6,0.14,113.7,一般戦,1800,晴,北,5,5,差し
20150920,唐津,6,5,5,3967,鈴木茂高,63,74,7.03,5,0.17,115.4,一般戦,1800,晴,北,5,5,差し
20150920,唐津,6,6,2,4161,黒柳浩孝,25,65,7.02,2,0.15,117.7,一般戦,1800,晴,北,5,5,差し
20150920,唐津,7,1,1,4119,泥谷一毅,57,60,6.89,1,0.11,111.0,一般戦,1800,晴,北,5,5,逃げ
20150920,唐津,7,2,6,4741,中村直喜,36,43,6.85,6,0.09,112.7,一般戦,1800,晴,北,5,5,逃げ
20150920,唐津,7,3,2,4153,佐々木巌,68,51,7.00,2,0.16,113.8,一般戦,1800,晴,北,5,5,逃げ
20150920,唐津,7,4,3,3927,平賀圭,64,88,7.08,3,0.14,113.9,一般戦,1800,晴,北,5,5,逃げ
20150920,唐津,7,5,5,4777,五十嵐一聡,35,45,6.95,5,0.13,116.3,一般戦,1800,晴,北,5,5,逃げ
20150920,唐津,7,6,4,4508,野間大樹,33,68,6.99,4,0.17,119.1,一般戦,1800,晴,北,5,5,逃げ
20150920,唐津,8,1,1,2903,山崎毅,23,56,7.10,1,0.13,112.2,一般戦,1800,晴,北,5,5,逃げ
20150920,唐津,8,2,2,3974,深山祐二,28,46,7.06,2,0.16,112.7,一般戦,1800,晴,北,5,5,逃げ
20150920,唐津,8,3,3,4495,森晋太郎,66,61,7.06,3,0.15,112.9,一般戦,1800,晴,北,5,5,逃げ
20150920,唐津,8,4,4,3476,中村稔宏,65,37,7.11,4,0.22,114.5,一般戦,1800,晴,北,5,5,逃げ
20150920,唐津,8,5,6,4315,山崎昂介,26,79,7.08,6,0.16,116.8,一般戦,1800,晴,北,5,5,逃げ
20150920,唐津,8,6,5,2776,三谷征伸,52,39,7.14,5,0.16,118.2,一般戦,1800,晴,北,5,5,逃げ
20150920,唐津,9,1,1,3892,草場康幸,24,67,6.96,1,0.18,110.7,一般戦,1800,晴,北,4,3,抜き
20150920,唐津,9,2,3,3772,一柳和孝,15,76,6.94,3,0.16,111.9,一般戦,1800,晴,北,4,3,抜き
20150920,唐津,9,3,4,4632,長尾京志郎,14,49,6.90,4,0.15,111.9,一般戦,1800,晴,北,4,3,抜き
20150920,唐津,9,4,5,4467,渡邉俊介,55,33,6.95,5,0.14,113.0,一般戦,1800,晴,北,4,3,抜き
20150920,唐津,9,5,2,4718,北川太一,13,69,6.91,2,0.17,114.0,一般戦,1800,晴,北,4,3,抜き
20150920,唐津,9,6,6,3684,清水攻二,17,82,6.95,6,0.18,115.5,一般戦,1800,晴,北,4,3,抜き
20150920,唐津,10,1,2,4148,枝尾賢,19,38,6.97,2,0.18,109.4,一般戦,1800,晴,北,4,3,差し
20150920,唐津,10,2,1,3663,木山和幸,45,52,6.96,1,0.21,111.0,一般戦,1800,晴,北,4,3,差し
20150920,唐津,10,3,3,4172,森定晃史,34,64,6.95,3,0.17,112.8,一般戦,1800,晴,北,4,3,差し
20150920,唐津,10,4,5,3807,岡部哲,54,89,7.06,5,0.15,114.5,一般戦,1800,晴,北,4,3,差し
20150920,唐津,10,5,4,4261,岡祐臣,70,35,6.92,4,0.15,115.4,一般戦,1800,晴,北,4,3,差し
20150920,唐津,10,6,6,4405,南野利騰,61,50,7.00,6,0.14,116.3,一般戦,1800,晴,北,4,3,差し
20150920,唐津,11,1,3,3998,冨成謙児,41,80,6.96,3,0.17,110.3,一般戦,1800,晴,北,5,5,差し
20150920,唐津,11,2,5,3656,伯母芳恒,38,58,6.99,5,0.21,112.7,一般戦,1800,晴,北,5,5,差し
20150920,唐津,11,3,2,3662,大庭元明,37,55,6.87,2,0.21,113.1,一般戦,1800,晴,北,5,5,差し
20150920,唐津,11,4,4,4119,泥谷一毅,57,60,6.95,4,0.17,114.7,一般戦,1800,晴,北,5,5,差し
20150920,唐津,11,5,1,3809,吉田光,51,75,6.98,1,0.18,115.8,一般戦,1800,晴,北,5,5,差し
20150920,唐津,11,6,6,4383,竹田吉行,29,34,6.95,6,0.26,117.6,一般戦,1800,晴,北,5,5,差し
20150920,唐津,12,1,2,3984,坂口周,59,48,7.00,2,0.11,110.2,優勝戦,1800,晴,北,5,5,差し
20150920,唐津,12,2,4,4415,下出卓矢,32,70,6.88,4,0.17,112.6,優勝戦,1800,晴,北,5,5,差し
20150920,唐津,12,3,6,3499,市川哲也,39,62,7.04,5,0.14,113.1,優勝戦,1800,晴,北,5,5,差し
20150920,唐津,12,4,3,4033,伊藤将吉,40,41,7.05,3,0.18,114.9,優勝戦,1800,晴,北,5,5,差し
20150920,唐津,12,5,1,4297,山田哲也,49,87,6.93,1,0.15,116.1,優勝戦,1800,晴,北,5,5,差し
20150920,唐津,12,6,5,4069,山本修一,16,31,7.02,6,0.17,117.0,優勝戦,1800,晴,北,5,5,差し
20150920,福岡,1,1,1,3174,古賀勝則,42,130,6.84,1,0.15,112.1,予選,1800,晴,北東,2,2,逃げ
20150920,福岡,1,2,5,4402,乙藤智史,16,165,6.82,4,0.26,113.1,予選,1800,晴,北東,2,2,逃げ
20150920,福岡,1,3,2,4169,多田有佑,29,139,6.86,2,0.21,113.9,予選,1800,晴,北東,2,2,逃げ
20150920,福岡,1,4,4,4834,浜本裕己,18,149,6.86,6,0.30,116.6,予選,1800,晴,北東,2,2,逃げ
20150920,福岡,1,5,3,4628,山田達也,72,166,6.89,3,0.18,NaN,予選,1800,晴,北東,2,2,逃げ
20150920,福岡,1,6,6,4465,大西賢,11,148,6.84,5,0.26,NaN,予選,1800,晴,北東,2,2,逃げ
20150920,福岡,2,1,1,4180,上野秀和,27,134,6.89,1,0.08,110.8,予選,1800,晴,北東,2,2,逃げ
20150920,福岡,2,2,2,3493,小島幸弘,51,127,6.91,2,0.10,112.6,予選,1800,晴,北東,2,2,逃げ
20150920,福岡,2,3,4,4540,相原利章,39,150,6.87,4,0.16,113.3,予選,1800,晴,北東,2,2,逃げ
20150920,福岡,2,4,6,3977,山本兼士,68,103,6.88,5,0.24,114.5,予選,1800,晴,北東,2,2,逃げ
20150920,福岡,2,5,3,3681,山谷央,35,143,6.94,3,0.11,NaN,予選,1800,晴,北東,2,2,逃げ
20150920,福岡,2,6,5,4745,関野龍,49,169,6.93,6,0.20,NaN,予選,1800,晴,北東,2,2,逃げ
20150920,福岡,3,1,4,4236,松村敏,45,137,6.89,4,0.15,110.8,予選,1800,晴,北,2,2,まくり
20150920,福岡,3,2,1,3377,塚田修二,22,157,6.88,1,0.25,112.4,予選,1800,晴,北,2,2,まくり
20150920,福岡,3,3,5,3863,海老澤泰行,70,136,6.87,5,0.27,113.5,予選,1800,晴,北,2,2,まくり
20150920,福岡,3,4,3,3881,浦上拓也,28,167,6.89,3,0.19,115.5,予選,1800,晴,北,2,2,まくり
20150920,福岡,3,5,6,4462,夏山亮平,75,161,6.91,6,0.29,NaN,予選,1800,晴,北,2,2,まくり
20150920,福岡,3,6,2,3521,今村賢二郎,17,135,6.93,2,0.24,NaN,予選,1800,晴,北,2,2,まくり
20150920,福岡,4,1,1,3514,山一鉄也,63,113,6.84,1,0.15,111.5,予選,1800,晴,北東,3,3,逃げ
20150920,福岡,4,2,2,3107,平岡重典,33,146,6.87,2,0.19,113.0,予選,1800,晴,北東,3,3,逃げ
20150920,福岡,4,3,4,4487,三原司,48,107,6.86,4,0.12,114.5,予選,1800,晴,北東,3,3,逃げ
20150920,福岡,4,4,5,3170,谷口勝,37,163,6.92,5,0.18,116.1,予選,1800,晴,北東,3,3,逃げ
20150920,福岡,4,5,3,4496,内堀学,56,154,6.85,3,0.19,NaN,予選,1800,晴,北東,3,3,逃げ
20150920,福岡,4,6,6,4644,山田亮太,19,151,6.87,6,0.23,NaN,予選,1800,晴,北東,3,3,逃げ
20150920,福岡,5,1,2,4140,梶野学志,52,140,6.89,2,0.09,111.3,予選,1800,晴,北東,3,3,差し
20150920,福岡,5,2,1,4628,山田達也,72,166,6.90,1,0.10,112.4,予選,1800,晴,北東,3,3,差し
20150920,福岡,5,3,4,4319,三宅潤,46,141,6.90,4,0.16,113.7,予選,1800,晴,北東,3,3,差し
20150920,福岡,5,4,5,3940,飯山泰,47,144,6.81,5,0.13,115.4,予選,1800,晴,北東,3,3,差し
20150920,福岡,5,5,3,4204,柴田大輔,43,109,6.82,3,0.11,NaN,予選,1800,晴,北東,3,3,差し
20150920,福岡,5,6,6,3726,桂林寛,66,117,6.91,6,0.15,NaN,予選,1800,晴,北東,3,3,差し
20150920,福岡,6,1,4,3702,貞兼淳二,25,126,6.89,4,0.09,111.9,予選,1800,晴,北,3,3,恵まれ
20150920,福岡,6,2,5,4039,村上功祐,69,147,6.96,5,0.14,114.9,予選,1800,晴,北,3,3,恵まれ
20150920,福岡,6,3,1,4639,雑賀勇貴,64,170,6.88,1,0.10,116.0,予選,1800,晴,北,3,3,恵まれ
20150920,福岡,6,4,6,3472,浅和重哉,26,164,6.95,6,0.24,118.1,予選,1800,晴,北,3,3,恵まれ
20150920,福岡,7,1,1,4083,福島勇樹,31,132,6.89,1,0.06,111.3,予選,1800,晴,北,3,3,逃げ
20150920,福岡,7,2,3,3607,原田智和,73,122,6.87,3,0.09,112.7,予選,1800,晴,北,3,3,逃げ
20150920,福岡,7,3,6,4424,松尾昂明,60,106,6.82,6,0.09,113.8,予選,1800,晴,北,3,3,逃げ
20150920,福岡,7,4,2,3174,古賀勝則,42,130,6.87,2,0.07,114.3,予選,1800,晴,北,3,3,逃げ
20150920,福岡,7,5,5,3977,山本兼士,68,103,6.91,5,0.11,NaN,予選,1800,晴,北,3,3,逃げ
20150920,福岡,7,6,4,3377,塚田修二,22,157,6.87,4,0.16,NaN,予選,1800,晴,北,3,3,逃げ
20150920,福岡,8,1,2,4168,石野貴之,40,162,6.80,2,0.16,111.5,予選,1800,晴,北,3,3,まくり
20150920,福岡,8,2,3,4485,楠原正剛,59,110,6.88,3,0.19,113.0,予選,1800,晴,北,3,3,まくり
20150920,福岡,8,3,5,3090,土屋昭,65,155,6.89,5,0.22,114.9,予選,1800,晴,北,3,3,まくり
20150920,福岡,8,4,6,4749,山口貢輝,58,160,6.84,6,0.19,114.9,予選,1800,晴,北,3,3,まくり
20150920,福岡,8,5,4,4826,井上一輝,32,156,6.86,4,0.25,NaN,予選,1800,晴,北,3,3,まくり
20150920,福岡,8,6,1,4169,多田有佑,29,139,6.83,1,0.21,NaN,予選,1800,晴,北,3,3,まくり
20150920,福岡,9,1,1,3107,平岡重典,33,146,6.89,1,0.15,112.4,予選,1800,晴,北,4,4,逃げ
20150920,福岡,9,2,2,4059,入澤友治,41,138,6.90,2,0.19,113.4,予選,1800,晴,北,4,4,逃げ
20150920,福岡,9,3,3,4180,上野秀和,27,134,6.92,3,0.25,115.1,予選,1800,晴,北,4,4,逃げ
20150920,福岡,9,4,5,3569,増田進,23,108,6.92,4,0.26,115.5,予選,1800,晴,北,4,4,逃げ
20150920,福岡,9,5,4,4750,井上尚悟,15,119,6.91,5,0.35,NaN,予選,1800,晴,北,4,4,逃げ
20150920,福岡,9,6,6,4204,柴田大輔,43,109,6.85,6,0.34,NaN,予選,1800,晴,北,4,4,逃げ
20150920,福岡,10,1,4,3863,海老澤泰行,70,136,6.90,4,0.17,111.5,一般戦,1800,晴,北,4,4,恵まれ
20150920,福岡,10,2,2,4496,内堀学,56,154,6.84,2,0.06,113.8,一般戦,1800,晴,北,4,4,恵まれ
20150920,福岡,10,3,1,4102,益田啓司,21,105,6.84,1,0.12,113.9,一般戦,1800,晴,北,4,4,恵まれ
20150920,福岡,10,4,6,4319,三宅潤,46,141,6.87,6,0.24,114.9,一般戦,1800,晴,北,4,4,恵まれ
20150920,福岡,10,5,5,4268,和合俊介,53,145,6.81,5,0.15,NaN,一般戦,1800,晴,北,4,4,恵まれ
20150920,福岡,11,1,4,4424,松尾昂明,60,106,6.84,4,0.13,109.9,一般戦,1800,晴,北,4,4,まくり差し
20150920,福岡,11,2,5,3881,浦上拓也,28,167,6.93,5,0.24,113.0,一般戦,1800,晴,北,4,4,まくり差し
20150920,福岡,11,3,1,4140,梶野学志,52,140,6.88,1,0.14,114.2,一般戦,1800,晴,北,4,4,まくり差し
20150920,福岡,11,4,6,4540,相原利章,39,150,6.86,6,0.34,114.8,一般戦,1800,晴,北,4,4,まくり差し
20150920,福岡,11,5,2,4639,雑賀勇貴,64,170,6.88,2,0.23,NaN,一般戦,1800,晴,北,4,4,まくり差し
20150920,福岡,11,6,3,4487,三原司,48,107,6.82,3,0.18,NaN,一般戦,1800,晴,北,4,4,まくり差し
20150920,福岡,12,1,3,3940,飯山泰,47,144,6.81,3,0.17,110.5,一般戦,1800,晴,北,4,4,まくり
20150920,福岡,12,2,4,4083,福島勇樹,31,132,6.89,4,0.15,112.0,一般戦,1800,晴,北,4,4,まくり
20150920,福岡,12,3,6,4039,村上功祐,69,147,6.98,6,0.16,114.0,一般戦,1800,晴,北,4,4,まくり
20150920,福岡,12,4,1,4168,石野貴之,40,162,6.80,1,0.20,114.4,一般戦,1800,晴,北,4,4,まくり
20150920,福岡,12,5,5,4236,松村敏,45,137,6.84,5,0.11,NaN,一般戦,1800,晴,北,4,4,まくり
20150920,福岡,12,6,2,3514,山一鉄也,63,113,6.80,2,0.25,NaN,一般戦,1800,晴,北,4,4,まくり
20150920,下関,1,1,1,4409,坂元浩仁,16,14,6.76,1,0.16,109.7,一般戦,1800,晴,南,3,3,逃げ
20150920,下関,1,2,3,4010,越智照浩,54,60,6.86,3,0.23,111.9,一般戦,1800,晴,南,3,3,逃げ
20150920,下関,1,3,2,3709,田中浩之,48,47,6.87,2,0.21,113.2,一般戦,1800,晴,南,3,3,逃げ
20150920,下関,1,4,6,4272,大場広孝,53,13,6.82,6,0.18,114.0,一般戦,1800,晴,南,3,3,逃げ
20150920,下関,1,5,4,3723,白井弘文,28,39,6.81,4,0.28,NaN,一般戦,1800,晴,南,3,3,逃げ
20150920,下関,1,6,5,4755,山田貴愛,56,27,6.83,5,0.23,NaN,一般戦,1800,晴,南,3,3,逃げ
20150920,下関,2,1,6,4631,新井英孝,62,65,6.82,6,0.11,110.8,予選,1800,晴,南,3,3,まくり差し
20150920,下関,2,2,5,4196,田中太一郎,12,62,6.78,4,0.23,112.3,予選,1800,晴,南,3,3,まくり差し
20150920,下関,2,3,1,4157,田崎豊,22,11,6.85,1,0.27,114.5,予選,1800,晴,南,3,3,まくり差し
20150920,下関,2,4,4,2568,中村義雄,57,33,6.82,5,0.23,115.2,予選,1800,晴,南,3,3,まくり差し
20150920,下関,2,5,3,4154,森安弘雅,38,12,6.75,3,0.33,NaN,予選,1800,晴,南,3,3,まくり差し
20150920,下関,2,6,2,4097,貫地谷直人,32,20,6.80,2,0.37,NaN,予選,1800,晴,南,3,3,まくり差し
20150920,下関,3,1,3,4158,木場雄二郎,43,23,6.69,3,0.17,110.7,予選,1800,晴,南西,2,2,まくり差し
20150920,下関,3,2,5,4335,若林将,37,51,6.80,5,0.14,111.7,予選,1800,晴,南西,2,2,まくり差し
20150920,下関,3,3,1,3187,篠原俊夫,30,63,6.76,1,0.17,113.8,予選,1800,晴,南西,2,2,まくり差し
20150920,下関,3,4,4,4016,西川新太郎,29,53,6.77,4,0.13,114.6,予選,1800,晴,南西,2,2,まくり差し
20150920,下関,3,5,2,4771,下寺秀和,25,24,6.69,2,0.22,NaN,予選,1800,晴,南西,2,2,まくり差し
20150920,下関,3,6,6,2878,富山弘幸,65,40,6.81,6,0.20,NaN,予選,1800,晴,南西,2,2,まくり差し
20150920,下関,4,1,2,4601,森野正弘,58,70,6.78,2,0.16,111.4,予選,1800,晴,南西,2,2,抜き
20150920,下関,4,2,4,3121,占部彰二,19,26,6.79,4,0.14,112.3,予選,1800,晴,南西,2,2,抜き
20150920,下関,4,3,3,3075,中村裕将,18,55,6.81,3,0.11,113.9,予選,1800,晴,南西,2,2,抜き
20150920,下関,4,4,5,3286,坂東満,39,37,6.80,5,0.18,115.0,予選,1800,晴,南西,2,2,抜き
20150920,下関,4,5,6,3794,前田昭広,52,50,6.83,6,0.19,NaN,予選,1800,晴,南西,2,2,抜き
20150920,下関,4,6,1,4129,宇野博之,63,15,6.80,1,0.17,NaN,予選,1800,晴,南西,2,2,抜き
20150920,下関,5,1,5,4543,重木輝彦,23,18,6.78,5,0.17,110.2,一般戦,1800,晴,南西,3,3,まくり差し
20150920,下関,5,2,1,4000,松本博昭,41,68,6.79,1,0.14,112.5,一般戦,1800,晴,南西,3,3,まくり差し
20150920,下関,5,3,3,4272,大場広孝,53,13,6.87,3,0.16,113.7,一般戦,1800,晴,南西,3,3,まくり差し
20150920,下関,5,4,6,4094,中島真二,45,38,6.82,6,0.16,115.0,一般戦,1800,晴,南西,3,3,まくり差し
20150920,下関,5,5,4,3920,正木聖賢,50,17,6.83,4,0.11,NaN,一般戦,1800,晴,南西,3,3,まくり差し
20150920,下関,5,6,2,4620,佐藤裕紀,64,57,6.78,2,0.19,NaN,一般戦,1800,晴,南西,3,3,まくり差し
20150920,下関,6,1,6,3448,高山秀雄,42,56,6.83,4,0.15,111.9,予選,1800,晴,南西,3,3,まくり差し
20150920,下関,6,2,5,3574,大神康司,44,59,6.79,3,0.15,112.9,予選,1800,晴,南西,3,3,まくり差し
20150920,下関,6,3,4,4196,田中太一郎,12,62,6.78,6,0.16,114.2,予選,1800,晴,南西,3,3,まくり差し
20150920,下関,6,4,3,4633,森智也,27,36,6.77,5,0.16,114.9,予選,1800,晴,南西,3,3,まくり差し
20150920,下関,6,5,2,4199,北川潤二,51,32,6.82,2,0.20,NaN,予選,1800,晴,南西,3,3,まくり差し
20150920,下関,6,6,1,4010,越智照浩,54,60,6.80,1,0.18,NaN,予選,1800,晴,南西,3,3,まくり差し
20150920,下関,7,1,4,4335,若林将,37,51,6.79,5,0.11,111.2,一般戦,1800,晴,南西,3,3,まくり差し
20150920,下関,7,2,3,3723,白井弘文,28,39,6.78,4,0.16,113.1,一般戦,1800,晴,南西,3,3,まくり差し
20150920,下関,7,3,1,4535,北山康介,35,21,6.82,1,0.10,113.6,一般戦,1800,晴,南西,3,3,まくり差し
20150920,下関,7,4,6,4848,仲谷颯仁,14,34,6.74,6,0.11,115.5,一般戦,1800,晴,南西,3,3,まくり差し
20150920,下関,7,5,2,2568,中村義雄,57,33,6.83,2,0.17,NaN,一般戦,1800,晴,南西,3,3,まくり差し
20150920,下関,7,6,5,3121,占部彰二,19,26,6.82,3,0.21,NaN,一般戦,1800,晴,南西,3,3,まくり差し
20150920,下関,8,1,1,4601,森野正弘,58,70,6.73,1,0.19,111.4,予選,1800,晴,南西,4,4,逃げ
20150920,下関,8,2,2,3973,崎利仁,17,25,6.78,2,0.19,112.9,予選,1800,晴,南西,4,4,逃げ
20150920,下関,8,3,5,3680,森林太,47,41,6.82,5,0.22,114.2,予選,1800,晴,南西,4,4,逃げ
20150920,下関,8,4,6,4868,松本峻,33,45,6.71,6,0.12,115.6,予選,1800,晴,南西,4,4,逃げ
20150920,下関,8,5,4,4157,田崎豊,22,11,6.81,4,0.21,NaN,予選,1800,晴,南西,4,4,逃げ
20150920,下関,8,6,3,3709,田中浩之,48,47,6.79,3,0.19,NaN,予選,1800,晴,南西,4,4,逃げ
20150920,下関,9,1,2,4409,坂元浩仁,16,14,6.78,2,0.24,110.6,予選,1800,晴,西,3,3,差し
20150920,下関,9,2,1,3212,亀本勇樹,34,42,6.84,1,0.22,112.2,予選,1800,晴,西,3,3,差し
20150920,下関,9,3,3,4771,下寺秀和,25,24,6.71,3,0.21,114.3,予選,1800,晴,西,3,3,差し
20150920,下関,9,4,4,4129,宇野博之,63,15,6.82,4,0.26,115.3,予選,1800,晴,西,3,3,差し
20150920,下関,9,5,6,4305,金子拓矢,59,52,6.82,6,0.24,NaN,予選,1800,晴,西,3,3,差し
20150920,下関,9,6,5,3434,松尾宣邦,67,44,6.80,5,0.31,NaN,予選,1800,晴,西,3,3,差し
20150920,下関,10,1,1,4199,北川潤二,51,32,6.83,1,0.18,110.8,一般戦,1800,晴,北西,1,1,逃げ
20150920,下関,10,2,6,4158,木場雄二郎,43,23,6.71,6,0.23,112.0,一般戦,1800,晴,北西,1,1,逃げ
20150920,下関,10,3,5,4154,森安弘雅,38,12,6.81,5,0.17,113.0,一般戦,1800,晴,北西,1,1,逃げ
20150920,下関,10,4,3,3929,杢野誓良,20,31,6.76,3,0.21,114.2,一般戦,1800,晴,北西,1,1,逃げ
20150920,下関,10,5,2,4444,桐生順平,11,61,6.81,2,0.32,NaN,一般戦,1800,晴,北西,1,1,逃げ
20150920,下関,10,6,4,3794,前田昭広,52,50,6.81,4,0.21,NaN,一般戦,1800,晴,北西,1,1,逃げ
20150920,下関,11,1,3,3961,谷村一哉,15,69,6.88,3,0.23,111.0,一般戦,1800,晴,北,3,3,差し
20150920,下関,11,2,1,3973,崎利仁,17,25,6.90,1,0.13,112.7,一般戦,1800,晴,北,3,3,差し
20150920,下関,11,3,2,4000,松本博昭,41,68,6.83,2,0.14,114.7,一般戦,1800,晴,北,3,3,差し
20150920,下関,11,4,6,3286,坂東満,39,37,6.92,6,0.15,116.7,一般戦,1800,晴,北,3,3,差し
20150920,下関,11,5,5,4633,森智也,27,36,6.95,5,0.10,NaN,一般戦,1800,晴,北,3,3,差し
20150920,下関,11,6,4,4848,仲谷颯仁,14,34,6.84,4,0.04,NaN,一般戦,1800,晴,北,3,3,差し
20150920,下関,12,1,1,3920,正木聖賢,50,17,6.90,1,0.18,111.4,一般戦,1800,晴,北,4,4,逃げ
20150920,下関,12,2,2,3075,中村裕将,18,55,6.96,2,0.17,113.3,一般戦,1800,晴,北,4,4,逃げ
20150920,下関,12,3,4,3212,亀本勇樹,34,42,6.98,4,0.36,114.5,一般戦,1800,晴,北,4,4,逃げ
20150920,下関,12,4,3,3574,大神康司,44,59,6.94,3,0.29,116.0,一般戦,1800,晴,北,4,4,逃げ
20150920,下関,12,5,6,3680,森林太,47,41,6.94,6,0.38,NaN,一般戦,1800,晴,北,4,4,逃げ
20150920,下関,12,6,5,2878,富山弘幸,65,40,6.99,5,0.43,NaN,一般戦,1800,晴,北,4,4,逃げ
20150920,徳山,1,1,1,4501,樋口由加里,70,49,6.96,1,0.19,120.3,一般戦,1800,晴,南,2,3,逃げ
20150920,徳山,1,2,2,4275,菅野はやか,33,50,6.91,2,0.30,123.0,一般戦,1800,晴,南,2,3,逃げ
20150920,徳山,1,3,4,4629,遠藤ゆみ,29,13,6.88,4,0.16,125.3,一般戦,1800,晴,南,2,3,逃げ
20150920,徳山,1,4,3,4125,内田亜希子,16,64,6.95,3,0.27,128.5,一般戦,1800,晴,南,2,3,逃げ
20150920,徳山,1,NaN,5,4548,篠木亜衣花,15,67,6.98,5,0.15,NaN,一般戦,1800,晴,南,2,3,逃げ
20150920,徳山,1,NaN,6,4767,米井里実,17,60,6.95,6,0.14,NaN,一般戦,1800,晴,南,2,3,逃げ
20150920,徳山,2,1,1,4611,今井美亜,38,15,6.95,1,0.19,112.1,一般戦,1800,晴,南西,3,3,逃げ
20150920,徳山,2,2,2,4400,加藤奈月,63,12,6.95,2,0.23,113.2,一般戦,1800,晴,南西,3,3,逃げ
20150920,徳山,2,3,5,3142,西茂登子,28,37,6.94,5,0.23,115.1,一般戦,1800,晴,南西,3,3,逃げ
20150920,徳山,2,4,6,4045,佐々木裕美,66,59,6.90,6,0.16,116.2,一般戦,1800,晴,南西,3,3,逃げ
20150920,徳山,2,5,4,3094,藤井昌子,61,55,6.90,4,0.26,NaN,一般戦,1800,晴,南西,3,3,逃げ
20150920,徳山,2,6,3,4243,西村歩,14,29,6.91,3,0.37,NaN,一般戦,1800,晴,南西,3,3,逃げ
20150920,徳山,3,1,5,3801,五反田忍,68,73,6.88,5,0.21,116.3,一般戦,1800,晴,南西,4,5,まくり差し
20150920,徳山,3,2,1,3845,中谷朋子,42,17,6.83,1,0.26,117.9,一般戦,1800,晴,南西,4,5,まくり差し
20150920,徳山,3,3,3,3604,武藤綾子,43,25,6.91,3,0.25,119.6,一般戦,1800,晴,南西,4,5,まくり差し
20150920,徳山,3,4,4,3298,定野久恵,27,36,6.82,4,0.18,121.3,一般戦,1800,晴,南西,4,5,まくり差し
20150920,徳山,3,5,2,3092,中村照美,25,74,6.96,2,0.26,NaN,一般戦,1800,晴,南西,4,5,まくり差し
20150920,徳山,3,NaN,6,4783,木村詳子,26,21,6.98,6,0.28,NaN,一般戦,1800,晴,南西,4,5,まくり差し
20150920,徳山,4,1,1,4190,長嶋万記,32,27,6.90,1,0.23,111.1,一般戦,1800,晴,南西,3,3,逃げ
20150920,徳山,4,2,3,4447,深川麻奈美,18,46,6.94,3,0.17,113.1,一般戦,1800,晴,南西,3,3,逃げ
20150920,徳山,4,3,2,4014,片岡恵里,30,19,6.88,2,0.16,114.7,一般戦,1800,晴,南西,3,3,逃げ
20150920,徳山,4,4,5,4534,坂咲友理,62,38,6.91,5,0.17,115.7,一般戦,1800,晴,南西,3,3,逃げ
20150920,徳山,4,5,4,4473,藤堂里香,20,41,6.87,4,0.16,NaN,一般戦,1800,晴,南西,3,3,逃げ
20150920,徳山,4,6,6,4773,中川りな,31,56,6.95,6,0.18,NaN,一般戦,1800,晴,南西,3,3,逃げ
20150920,徳山,5,1,1,4680,後藤美翼,44,48,6.80,1,0.33,111.6,一般戦,1800,晴,南西,4,3,逃げ
20150920,徳山,5,2,2,3932,池田浩美,11,34,6.90,2,0.28,113.5,一般戦,1800,晴,南西,4,3,逃げ
20150920,徳山,5,3,5,4011,堀之内紀代子,22,63,6.90,5,0.26,114.7,一般戦,1800,晴,南西,4,3,逃げ
20150920,徳山,5,4,3,4275,菅野はやか,33,50,6.86,3,0.31,117.6,一般戦,1800,晴,南西,4,3,逃げ
20150920,徳山,5,5,6,3254,柳澤千春,40,22,6.90,6,0.27,NaN,一般戦,1800,晴,南西,4,3,逃げ
20150920,徳山,5,6,4,3871,池田紫乃,46,28,6.83,4,0.30,NaN,一般戦,1800,晴,南西,4,3,逃げ
20150920,徳山,6,1,4,3357,福島陽子,37,32,6.92,4,0.08,111.1,一般戦,1800,晴,南西,4,5,まくり
20150920,徳山,6,2,5,3232,山川美由紀,24,20,6.90,5,0.12,113.4,一般戦,1800,晴,南西,4,5,まくり
20150920,徳山,6,3,1,3175,渡辺千草,13,71,6.84,1,0.16,115.0,一般戦,1800,晴,南西,4,5,まくり
20150920,徳山,6,4,3,4354,古川舞,67,58,6.91,3,0.13,116.7,一般戦,1800,晴,南西,4,5,まくり
20150920,徳山,6,5,2,4726,島田なぎさ,19,57,6.87,2,0.12,NaN,一般戦,1800,晴,南西,4,5,まくり
20150920,徳山,6,6,6,4125,内田亜希子,16,64,6.96,6,0.30,NaN,一般戦,1800,晴,南西,4,5,まくり
20150920,徳山,7,1,1,4629,遠藤ゆみ,29,13,6.83,1,0.28,112.3,一般戦,1800,晴,南西,5,5,逃げ
20150920,徳山,7,2,2,3100,若山美穂,45,62,6.84,2,0.22,113.7,一般戦,1800,晴,南西,5,5,逃げ
20150920,徳山,7,3,6,4349,犬童千秋,39,18,6.90,5,0.14,115.7,一般戦,1800,晴,南西,5,5,逃げ
20150920,徳山,7,4,3,3094,藤井昌子,61,55,6.88,3,0.19,116.9,一般戦,1800,晴,南西,5,5,逃げ
20150920,徳山,7,5,4,3092,中村照美,25,65,6.90,4,0.15,NaN,一般戦,1800,晴,南西,5,5,逃げ
20150920,徳山,8,1,1,4372,原田佑実,64,11,6.90,1,0.16,113.3,一般戦,1800,晴,南西,5,5,逃げ
20150920,徳山,8,2,5,4208,三浦永理,23,69,6.83,6,0.14,114.6,一般戦,1800,晴,南西,5,5,逃げ
20150920,徳山,8,3,6,3182,久保田美紀,34,43,6.86,3,0.18,116.5,一般戦,1800,晴,南西,5,5,逃げ
20150920,徳山,8,4,4,4443,津田裕絵,12,52,6.92,5,0.17,116.9,一般戦,1800,晴,南西,5,5,逃げ
20150920,徳山,8,5,2,3604,武藤綾子,43,25,6.88,2,0.20,NaN,一般戦,1800,晴,南西,5,5,逃げ
20150920,徳山,8,6,3,4548,篠木亜衣花,15,35,6.91,4,0.20,NaN,一般戦,1800,晴,南西,5,5,逃げ
20150920,徳山,9,1,3,3254,柳澤千春,40,16,6.91,3,0.29,112.4,一般戦,1800,晴,南,5,5,まくり差し
20150920,徳山,9,2,6,4065,金田幸子,36,75,6.95,6,0.18,113.4,一般戦,1800,晴,南,5,5,まくり差し
20150920,徳山,9,3,5,4773,中川りな,31,56,6.94,5,0.22,115.1,一般戦,1800,晴,南,5,5,まくり差し
20150920,徳山,9,4,4,4680,後藤美翼,44,48,6.88,4,0.21,116.0,一般戦,1800,晴,南,5,5,まくり差し
20150920,徳山,9,5,1,3289,高橋淳美,35,70,6.86,1,0.29,NaN,一般戦,1800,晴,南,5,5,まくり差し
20150920,徳山,9,6,2,4478,櫻本あゆみ,21,51,6.91,2,0.32,NaN,一般戦,1800,晴,南,5,5,まくり差し
20150920,徳山,10,1,1,4011,堀之内紀代子,22,63,6.78,1,0.09,111.0,準優勝戦,1800,晴,南西,4,5,逃げ
20150920,徳山,10,2,3,3845,中谷朋子,42,17,6.80,3,0.21,113.0,準優勝戦,1800,晴,南西,4,5,逃げ
20150920,徳山,10,3,6,4243,西村歩,14,29,6.88,6,0.10,115.0,準優勝戦,1800,晴,南西,4,5,逃げ
20150920,徳山,10,4,5,4014,片岡恵里,30,19,6.86,5,0.13,115.2,準優勝戦,1800,晴,南西,4,5,逃げ
20150920,徳山,10,5,4,4534,坂咲友理,62,38,6.84,4,0.21,NaN,準優勝戦,1800,晴,南西,4,5,逃げ
20150920,徳山,10,6,2,3357,福島陽子,37,32,6.82,2,0.25,NaN,準優勝戦,1800,晴,南西,4,5,逃げ
20150920,徳山,11,1,1,3232,山川美由紀,24,20,6.83,1,0.13,112.5,準優勝戦,1800,晴,南西,4,5,逃げ
20150920,徳山,11,2,4,4045,佐々木裕美,66,59,6.84,4,0.25,114.1,準優勝戦,1800,晴,南西,4,5,逃げ
20150920,徳山,11,3,5,3871,池田紫乃,46,28,6.87,5,0.19,114.6,準優勝戦,1800,晴,南西,4,5,逃げ
20150920,徳山,11,4,3,3298,定野久恵,27,36,6.86,3,0.11,114.8,準優勝戦,1800,晴,南西,4,5,逃げ
20150920,徳山,11,5,2,3801,五反田忍,68,73,6.80,2,0.14,NaN,準優勝戦,1800,晴,南西,4,5,逃げ
20150920,徳山,11,6,6,4400,加藤奈月,63,12,6.92,6,0.19,NaN,準優勝戦,1800,晴,南西,4,5,逃げ
20150920,徳山,12,1,1,4208,三浦永理,23,69,6.82,1,0.10,111.2,準優勝戦,1800,晴,南西,4,3,逃げ
20150920,徳山,12,2,6,4447,深川麻奈美,18,46,6.87,6,0.16,112.4,準優勝戦,1800,晴,南西,4,3,逃げ
20150920,徳山,12,3,3,4372,原田佑実,64,11,6.90,3,0.08,113.3,準優勝戦,1800,晴,南西,4,3,逃げ
20150920,徳山,12,4,2,3175,渡辺千草,13,71,6.82,2,0.08,115.6,準優勝戦,1800,晴,南西,4,3,逃げ
20150920,徳山,12,5,4,4611,今井美亜,38,15,6.91,4,0.06,NaN,準優勝戦,1800,晴,南西,4,3,逃げ
20150920,徳山,12,6,5,3932,池田浩美,11,34,6.86,5,0.12,NaN,準優勝戦,1800,晴,南西,4,3,逃げ
20150920,宮島,1,1,1,3747,國崎良春,34,50,6.74,1,0.15,109.6,一般戦,1800,晴,東,3,5,逃げ
20150920,宮島,1,2,3,4453,永田郁弥,33,13,6.72,3,0.14,111.7,一般戦,1800,晴,東,3,5,逃げ
20150920,宮島,1,3,4,3583,齋藤智裕,29,53,6.76,4,0.11,113.2,一般戦,1800,晴,東,3,5,逃げ
20150920,宮島,1,4,5,4811,向井田佑紀,26,62,6.73,5,0.07,114.6,一般戦,1800,晴,東,3,5,逃げ
20150920,宮島,1,5,2,3444,香月大介,49,55,6.72,2,0.27,115.8,一般戦,1800,晴,東,3,5,逃げ
20150920,宮島,1,6,6,4763,清水敬太,17,61,6.80,6,0.10,116.3,一般戦,1800,晴,東,3,5,逃げ
20150920,宮島,2,1,1,3338,出本正博,32,44,6.77,1,0.12,111.9,一般戦,1800,晴,東,4,6,逃げ
20150920,宮島,2,2,5,3945,橋口真樹,62,18,6.82,5,0.11,113.7,一般戦,1800,晴,東,4,6,逃げ
20150920,宮島,2,3,6,4761,山田晃大,13,15,6.78,6,0.12,114.3,一般戦,1800,晴,東,4,6,逃げ
20150920,宮島,2,4,3,4428,有賀達也,53,14,6.80,3,0.15,114.5,一般戦,1800,晴,東,4,6,逃げ
20150920,宮島,2,5,4,4682,大上卓人,58,60,6.76,4,0.11,115.1,一般戦,1800,晴,東,4,6,逃げ
20150920,宮島,2,6,2,2838,松本功,35,37,6.87,2,0.13,117.7,一般戦,1800,晴,東,4,6,逃げ
20150920,宮島,3,1,1,2844,田中伸二,25,17,6.88,1,0.10,111.0,一般戦,1800,晴,東,3,3,逃げ
20150920,宮島,3,2,3,4472,尾嶋一広,69,39,6.81,3,0.15,111.4,一般戦,1800,晴,東,3,3,逃げ
20150920,宮島,3,3,2,3181,林慎一,16,46,6.85,2,0.15,113.7,一般戦,1800,晴,東,3,3,逃げ
20150920,宮島,3,4,6,3992,関口智久,47,52,6.79,6,0.14,115.2,一般戦,1800,晴,東,3,3,逃げ
20150920,宮島,3,5,4,4085,荻野裕介,50,58,6.81,4,0.14,116.0,一般戦,1800,晴,東,3,3,逃げ
20150920,宮島,3,6,5,3880,浅見宗孝,20,41,6.85,5,0.19,116.0,一般戦,1800,晴,東,3,3,逃げ
20150920,宮島,4,1,1,3711,江本真治,59,48,6.82,1,0.15,111.5,一般戦,1800,晴,東,2,3,逃げ
20150920,宮島,4,2,2,3502,渡邉英児,21,47,6.74,2,0.19,112.6,一般戦,1800,晴,東,2,3,逃げ
20150920,宮島,4,3,4,3839,川合理司,61,54,6.72,4,0.27,114.2,一般戦,1800,晴,東,2,3,逃げ
20150920,宮島,4,4,5,3600,玄馬徹,22,27,6.82,5,0.31,115.2,一般戦,1800,晴,東,2,3,逃げ
20150920,宮島,4,5,6,4716,近久大志,43,35,6.73,6,0.17,116.7,一般戦,1800,晴,東,2,3,逃げ
20150920,宮島,4,6,3,4488,小山勉,23,29,6.79,3,0.17,118.7,一般戦,1800,晴,東,2,3,逃げ
20150920,宮島,5,1,4,4316,山口裕太,12,40,6.84,4,0.02,111.4,一般戦,1800,晴,東,2,3,恵まれ
20150920,宮島,5,2,3,4080,山崎哲司,56,38,6.75,3,0.09,113.1,一般戦,1800,晴,東,2,3,恵まれ
20150920,宮島,5,3,1,3583,齋藤智裕,29,53,6.79,1,0.14,114.5,一般戦,1800,晴,東,2,3,恵まれ
20150920,宮島,5,4,2,4214,林祐介,52,22,6.74,2,0.17,114.6,一般戦,1800,晴,東,2,3,恵まれ
20150920,宮島,5,5,6,4588,田中京介,65,45,6.80,6,0.07,117.3,一般戦,1800,晴,東,2,3,恵まれ
20150920,宮島,6,1,3,4090,中村尊,31,42,6.77,3,0.07,110.7,一般戦,1800,晴,南東,1,3,まくり差し
20150920,宮島,6,2,1,3694,木村恒一,24,30,6.79,1,0.10,111.9,一般戦,1800,晴,南東,1,3,まくり差し
20150920,宮島,6,3,5,3613,角谷健吾,51,23,6.75,5,0.06,112.9,一般戦,1800,晴,南東,1,3,まくり差し
20150920,宮島,6,4,4,3338,出本正博,32,44,6.77,4,0.14,113.4,一般戦,1800,晴,南東,1,3,まくり差し
20150920,宮島,6,5,2,3725,向達哉,15,33,6.76,2,0.13,114.6,一般戦,1800,晴,南東,1,3,まくり差し
20150920,宮島,6,6,6,4881,檀将太,60,59,6.77,6,0.10,117.3,一般戦,1800,晴,南東,1,3,まくり差し
20150920,宮島,7,1,1,4239,竹田辰也,48,19,6.76,1,0.16,110.5,一般戦,1800,晴,無風,0,1,逃げ
20150920,宮島,7,2,4,4453,永田郁弥,33,13,6.69,4,0.18,111.8,一般戦,1800,晴,無風,0,1,逃げ
20150920,宮島,7,3,2,3879,中村格,42,51,6.67,2,0.18,113.1,一般戦,1800,晴,無風,0,1,逃げ
20150920,宮島,7,4,3,3992,関口智久,47,52,6.71,3,0.19,113.6,一般戦,1800,晴,無風,0,1,逃げ
20150920,宮島,7,5,5,4044,湯川浩司,30,24,6.67,5,0.18,114.3,一般戦,1800,晴,無風,0,1,逃げ
20150920,宮島,7,6,6,3848,川上聡介,67,31,6.74,6,0.17,116.4,一般戦,1800,晴,無風,0,1,逃げ
20150920,宮島,8,1,3,4113,木村浩士,39,20,6.69,3,0.12,111.2,一般戦,1800,晴,南西,3,3,まくり
20150920,宮島,8,2,4,4488,小山勉,23,29,6.74,4,0.17,112.5,一般戦,1800,晴,南西,3,3,まくり
20150920,宮島,8,3,6,4428,有賀達也,53,14,6.71,6,0.19,114.1,一般戦,1800,晴,南西,3,3,まくり
20150920,宮島,8,4,1,3746,岡瀬正人,41,16,6.71,1,0.17,115.6,一般戦,1800,晴,南西,3,3,まくり
20150920,宮島,8,5,2,3293,宮内由紀英,66,25,6.73,2,0.18,116.6,一般戦,1800,晴,南西,3,3,まくり
20150920,宮島,8,6,5,4763,清水敬太,17,61,6.77,5,0.24,119.4,一般戦,1800,晴,南西,3,3,まくり
20150920,宮島,9,1,1,4080,山崎哲司,56,38,6.72,1,0.15,110.3,一般戦,1800,晴,南西,3,3,逃げ
20150920,宮島,9,2,5,4506,稗田聖也,38,36,6.71,5,0.17,111.9,一般戦,1800,晴,南西,3,3,逃げ
20150920,宮島,9,3,4,3600,玄馬徹,22,27,6.74,4,0.27,114.5,一般戦,1800,晴,南西,3,3,逃げ
20150920,宮島,9,4,3,2844,田中伸二,25,17,6.79,3,0.20,116.1,一般戦,1800,晴,南西,3,3,逃げ
20150920,宮島,9,5,2,4228,吉田慎二郎,57,26,6.72,2,0.23,117.0,一般戦,1800,晴,南西,3,3,逃げ
20150920,宮島,9,6,6,4811,向井田佑紀,26,62,6.75,6,0.19,118.0,一般戦,1800,晴,南西,3,3,逃げ
20150920,宮島,10,1,1,4193,郷原章平,40,56,6.63,1,0.14,110.7,準優勝戦,1800,晴,南西,4,3,逃げ
20150920,宮島,10,2,2,3839,川合理司,61,54,6.67,2,0.15,111.5,準優勝戦,1800,晴,南西,4,3,逃げ
20150920,宮島,10,3,6,3747,國崎良春,34,50,6.69,6,0.13,112.4,準優勝戦,1800,晴,南西,4,3,逃げ
20150920,宮島,10,4,3,4085,荻野裕介,50,58,6.74,3,0.15,112.7,準優勝戦,1800,晴,南西,4,3,逃げ
20150920,宮島,10,5,5,4214,林祐介,52,22,6.67,5,0.12,114.4,準優勝戦,1800,晴,南西,4,3,逃げ
20150920,宮島,10,6,4,3725,向達哉,15,33,6.67,4,0.13,116.4,準優勝戦,1800,晴,南西,4,3,逃げ
20150920,宮島,11,1,1,3613,角谷健吾,51,23,6.66,1,0.19,110.8,準優勝戦,1800,晴,南西,4,5,抜き
20150920,宮島,11,2,3,4239,竹田辰也,48,19,6.71,3,0.19,111.1,準優勝戦,1800,晴,南西,4,5,抜き
20150920,宮島,11,3,4,3502,渡邉英児,21,47,6.69,4,0.15,113.5,準優勝戦,1800,晴,南西,4,5,抜き
20150920,宮島,11,4,5,3879,中村格,42,51,6.66,5,0.18,114.5,準優勝戦,1800,晴,南西,4,5,抜き
20150920,宮島,11,5,6,3181,林慎一,16,46,6.71,6,0.15,115.3,準優勝戦,1800,晴,南西,4,5,抜き
20150920,宮島,11,6,2,4316,山口裕太,12,40,6.73,2,0.23,117.3,準優勝戦,1800,晴,南西,4,5,抜き
20150920,宮島,12,1,1,4044,湯川浩司,30,24,6.58,1,0.20,115.4,準優勝戦,1800,晴,西,4,5,逃げ
20150920,宮島,12,2,3,3746,岡瀬正人,41,16,6.71,3,0.19,117.5,準優勝戦,1800,晴,西,4,5,逃げ
20150920,宮島,12,3,5,4090,中村尊,31,42,6.70,5,0.14,119.6,準優勝戦,1800,晴,西,4,5,逃げ
20150920,宮島,12,4,6,3711,江本真治,59,48,6.72,6,0.09,121.6,準優勝戦,1800,晴,西,4,5,逃げ
20150920,宮島,12,5,2,4113,木村浩士,39,20,6.67,2,0.22,126.4,準優勝戦,1800,晴,西,4,5,逃げ
20150920,宮島,12,NaN,4,4472,尾嶋一広,69,39,6.69,4,0.18,NaN,準優勝戦,1800,晴,西,4,5,逃げ
20150920,住之江,1,1,1,4142,平野和明,39,27,6.84,1,0.08,110.2,予選,1800,晴,北,3,1,逃げ
20150920,住之江,1,2,4,4041,小林基樹,25,14,6.82,4,0.04,111.4,予選,1800,晴,北,3,1,逃げ
20150920,住之江,1,3,3,4389,伊藤喜智,73,13,6.86,3,0.04,114.0,予選,1800,晴,北,3,1,逃げ
20150920,住之江,1,4,2,4087,吉田敦志,77,69,6.83,2,0.14,117.4,予選,1800,晴,北,3,1,逃げ
20150920,住之江,2,1,2,3997,北村征嗣,67,83,6.80,2,0.16,109.8,予選,1800,晴,北,3,1,抜き
20150920,住之江,2,2,1,3516,吉原聖人,55,17,6.89,1,0.15,111.0,予選,1800,晴,北,3,1,抜き
20150920,住之江,2,3,4,4245,高橋直哉,60,53,6.80,4,0.16,112.6,予選,1800,晴,北,3,1,抜き
20150920,住之江,2,4,5,4463,三苫晃幸,59,1,6.81,5,0.13,113.8,予選,1800,晴,北,3,1,抜き
20150920,住之江,2,5,6,4788,小池哲也,63,12,6.87,6,0.27,116.0,予選,1800,晴,北,3,1,抜き
20150920,住之江,2,6,3,3921,川村正輝,72,10,6.88,3,0.13,116.3,予選,1800,晴,北,3,1,抜き
20150920,住之江,3,1,3,4258,関根彰人,38,2,6.86,4,0.14,110.4,予選,1800,晴,北,3,1,まくり差し
20150920,住之江,3,2,5,3683,小羽正作,21,55,6.84,5,0.15,112.1,予選,1800,晴,北,3,1,まくり差し
20150920,住之江,3,3,4,3485,竹村祥司,65,85,6.83,2,0.18,114.3,予選,1800,晴,北,3,1,まくり差し
20150920,住之江,3,4,2,4517,平野恭兵,13,37,6.94,3,0.18,115.3,予選,1800,晴,北,3,1,まくり差し
20150920,住之江,3,5,6,4800,小寺拳人,23,1,6.99,6,0.23,115.7,予選,1800,晴,北,3,1,まくり差し
20150920,住之江,3,6,1,3103,水上浩充,95,9,6.85,1,0.14,118.8,予選,1800,晴,北,3,1,まくり差し
20150920,住之江,4,1,1,4120,柘植政浩,71,78,6.77,1,0.21,110.1,予選,1800,晴,北,3,1,逃げ
20150920,住之江,4,2,5,4420,津久井拓也,33,90,6.87,5,0.23,111.4,予選,1800,晴,北,3,1,逃げ
20150920,住之江,4,3,3,4452,松尾祭,22,67,6.87,4,0.26,112.2,予選,1800,晴,北,3,1,逃げ
20150920,住之江,4,4,6,3095,岩津英人,34,77,6.97,2,0.24,113.6,予選,1800,晴,北,3,1,逃げ
20150920,住之江,4,5,2,4442,松竹大輔,20,64,6.92,3,0.29,115.2,予選,1800,晴,北,3,1,逃げ
20150920,住之江,4,6,4,4799,大山大我,24,11,6.95,6,0.30,115.7,予選,1800,晴,北,3,1,逃げ
20150920,住之江,5,1,2,4096,石橋道友,57,58,6.89,2,0.05,109.9,予選,1800,晴,北,3,1,差し
20150920,住之江,5,2,1,4475,末永祐輝,17,19,6.84,1,0.04,110.7,予選,1800,晴,北,3,1,差し
20150920,住之江,5,3,3,4105,松下直也,78,23,6.83,3,0.08,112.4,予選,1800,晴,北,3,1,差し
20150920,住之江,5,4,4,3849,中岡正彦,28,21,6.85,4,0.06,112.9,予選,1800,晴,北,3,1,差し
20150920,住之江,5,5,5,4701,福本悠,27,38,6.82,5,0.05,114.9,予選,1800,晴,北,3,1,差し
20150920,住之江,5,6,6,4721,金光佑治,54,57,6.90,6,0.26,117.6,予選,1800,晴,北,3,1,差し
20150920,住之江,6,1,2,4364,池永太,23,74,6.89,2,0.17,110.3,予選,1800,晴,北,3,1,差し
20150920,住之江,6,2,1,3981,今坂晃広,11,26,6.86,1,0.18,111.7,予選,1800,晴,北,3,1,差し
20150920,住之江,6,3,3,4118,宇佐見淳,74,20,6.94,3,0.18,113.1,予選,1800,晴,北,3,1,差し
20150920,住之江,6,4,4,3933,山地正樹,10,28,6.96,4,0.18,114.2,予選,1800,晴,北,3,1,差し
20150920,住之江,6,5,5,3381,滝沢芳行,26,36,6.90,5,0.17,115.2,予選,1800,晴,北,3,1,差し
20150920,住之江,6,6,6,3921,川村正輝,72,10,6.99,6,0.16,117.8,予選,1800,晴,北,3,1,差し
20150920,住之江,7,1,1,3054,北川幸典,86,1,6.85,1,0.20,110.1,予選,1800,晴,北,3,1,逃げ
20150920,住之江,7,2,2,4041,小林基樹,25,14,6.93,2,0.24,112.5,予選,1800,晴,北,3,1,逃げ
20150920,住之江,7,3,4,4788,小池哲也,63,12,6.89,6,0.16,114.2,予選,1800,晴,北,3,1,逃げ
20150920,住之江,7,4,6,3536,一色雅昭,36,75,6.85,5,0.37,115.0,予選,1800,晴,北,3,1,逃げ
20150920,住之江,7,5,3,3506,宮西真昭,19,54,6.88,3,0.26,116.2,予選,1800,晴,北,3,1,逃げ
20150920,住之江,7,6,5,4712,冨好祐真,15,76,6.86,4,0.32,116.6,予選,1800,晴,北,3,1,逃げ
20150920,住之江,8,1,4,3959,坪井康晴,56,52,6.84,4,0.15,109.7,予選,1800,晴,北,3,1,まくり差し
20150920,住之江,8,2,1,3478,嶋田貴支,70,71,6.87,1,0.17,110.8,予選,1800,晴,北,3,1,まくり差し
20150920,住之江,8,3,5,4258,関根彰人,38,2,6.88,6,0.19,112.9,予選,1800,晴,北,3,1,まくり差し
20150920,住之江,8,4,6,4463,三苫晃幸,59,1,6.84,5,0.22,114.6,予選,1800,晴,北,3,1,まくり差し
20150920,住之江,8,5,2,3141,山来和人,51,73,6.88,2,0.21,115.6,予選,1800,晴,北,3,1,まくり差し
20150920,住之江,8,6,3,4442,松竹大輔,20,64,6.90,3,0.26,118.1,予選,1800,晴,北,3,1,まくり差し
20150920,住之江,9,1,1,4096,石橋道友,57,58,6.73,1,0.19,110.3,予選,1800,晴,北,3,1,逃げ
20150920,住之江,9,2,6,4112,大久保信一郎,35,35,6.76,6,0.27,110.9,予選,1800,晴,北,3,1,逃げ
20150920,住之江,9,3,2,3516,吉原聖人,55,17,6.85,2,0.16,113.0,予選,1800,晴,北,3,1,逃げ
20150920,住之江,9,4,3,4420,津久井拓也,33,90,6.82,3,0.19,113.8,予選,1800,晴,北,3,1,逃げ
20150920,住之江,9,5,4,4517,平野恭兵,13,37,6.82,4,0.24,114.5,予選,1800,晴,北,3,1,逃げ
20150920,住之江,9,6,5,4651,佐藤大騎,66,81,6.80,5,0.21,116.3,予選,1800,晴,北,3,1,逃げ
20150920,住之江,10,1,2,3981,今坂晃広,11,26,6.76,2,0.10,109.9,予選,1800,晴,北,2,1,差し
20150920,住之江,10,2,1,3849,中岡正彦,28,21,6.83,1,0.19,111.4,予選,1800,晴,北,2,1,差し
20150920,住之江,10,3,4,4142,平野和明,39,27,6.92,4,0.24,112.2,予選,1800,晴,北,2,1,差し
20150920,住之江,10,4,3,3918,深井利寿,68,88,6.87,3,0.17,113.3,予選,1800,晴,北,2,1,差し
20150920,住之江,10,5,5,4452,松尾祭,22,67,6.81,5,0.29,115.7,予選,1800,晴,北,2,1,差し
20150920,住之江,10,6,6,3683,小羽正作,21,55,6.79,6,0.26,118.2,予選,1800,晴,北,2,1,差し
20150920,住之江,11,1,1,4364,池永太,23,74,6.77,1,0.11,110.0,予選,1800,晴,北,3,1,逃げ
20150920,住之江,11,2,4,4475,末永祐輝,17,19,6.87,4,0.15,111.1,予選,1800,晴,北,3,1,逃げ
20150920,住之江,11,3,5,3485,竹村祥司,65,85,6.80,2,0.09,113.3,予選,1800,晴,北,3,1,逃げ
20150920,住之江,11,4,3,4120,柘植政浩,71,78,6.73,3,0.06,114.5,予選,1800,晴,北,3,1,逃げ
20150920,住之江,11,5,6,4079,出畑孝典,12,93,6.79,6,0.09,116.0,予選,1800,晴,北,3,1,逃げ
20150920,住之江,11,6,2,4012,中村有裕,75,29,6.89,5,0.08,119.1,予選,1800,晴,北,3,1,逃げ
20150920,住之江,12,1,3,3959,坪井康晴,56,52,6.80,4,0.12,109.0,一般戦,1800,晴,北,3,1,まくり差し
20150920,住之江,12,2,1,3997,北村征嗣,67,83,6.68,1,0.12,110.6,一般戦,1800,晴,北,3,1,まくり差し
20150920,住之江,12,3,4,4105,松下直也,78,23,6.82,5,0.16,112.2,一般戦,1800,晴,北,3,1,まくり差し
20150920,住之江,12,4,5,3095,岩津英人,34,77,6.88,6,0.20,113.9,一般戦,1800,晴,北,3,1,まくり差し
20150920,住之江,12,5,6,3933,山地正樹,10,28,6.77,3,0.11,114.5,一般戦,1800,晴,北,3,1,まくり差し
20150920,住之江,12,6,2,3054,北川幸典,86,1,6.79,2,0.11,118.1,一般戦,1800,晴,北,3,1,まくり差し
20150920,琵琶湖,1,1,1,3986,沖島広和,53,45,6.69,1,0.20,109.5,一般戦,1800,晴,東,2,2,逃げ
20150920,琵琶湖,1,2,2,3105,内山文典,29,56,6.74,2,0.21,112.0,一般戦,1800,晴,東,2,2,逃げ
20150920,琵琶湖,1,3,3,4664,東口晃,23,33,6.83,3,0.24,112.1,一般戦,1800,晴,東,2,2,逃げ
20150920,琵琶湖,1,4,5,4679,植田太一,24,41,6.70,5,0.19,113.7,一般戦,1800,晴,東,2,2,逃げ
20150920,琵琶湖,1,5,4,4425,大井清貴,14,27,6.75,4,0.24,114.1,一般戦,1800,晴,東,2,2,逃げ
20150920,琵琶湖,1,6,6,4833,吉崎悠司,32,31,6.77,6,0.27,117.0,一般戦,1800,晴,東,2,2,逃げ
20150920,琵琶湖,2,1,5,4674,池田剛規,39,28,6.75,5,0.17,109.7,一般戦,1800,晴,東,2,2,抜き
20150920,琵琶湖,2,2,2,3787,天野誠,52,70,6.79,2,0.19,111.2,一般戦,1800,晴,東,2,2,抜き
20150920,琵琶湖,2,3,3,3982,福田理,35,12,6.81,3,0.23,112.4,一般戦,1800,晴,東,2,2,抜き
20150920,琵琶湖,2,4,1,3283,窪田好弘,18,23,6.75,1,0.15,113.8,一般戦,1800,晴,東,2,2,抜き
20150920,琵琶湖,2,5,6,3202,三品隆浩,15,61,6.92,6,0.23,115.1,一般戦,1800,晴,東,2,2,抜き
20150920,琵琶湖,2,6,4,3482,金子猛志,33,38,6.66,4,0.16,116.1,一般戦,1800,晴,東,2,2,抜き
20150920,琵琶湖,3,1,1,2380,関忠志,67,71,6.73,2,0.18,110.4,一般戦,1800,晴,東,2,2,まくり
20150920,琵琶湖,3,2,2,4686,丸野一樹,37,40,6.83,3,0.22,111.8,一般戦,1800,晴,東,2,2,まくり
20150920,琵琶湖,3,3,3,3519,冨田秀幸,58,46,6.78,4,0.26,113.8,一般戦,1800,晴,東,2,2,まくり
20150920,琵琶湖,3,4,6,2850,小松昇司,28,57,6.79,1,0.27,114.8,一般戦,1800,晴,東,2,2,まくり
20150920,琵琶湖,3,5,5,3276,鈴木貴司,43,17,6.85,6,0.19,115.3,一般戦,1800,晴,東,2,2,まくり
20150920,琵琶湖,3,6,4,3310,金澤一洋,61,26,6.79,5,0.43,115.8,一般戦,1800,晴,東,2,2,まくり
20150920,琵琶湖,4,1,6,3742,宮地秀祈,44,54,6.85,2,0.16,110.1,一般戦,1800,晴,東,1,1,差し
20150920,琵琶湖,4,2,2,4406,幸野史明,46,20,6.66,3,0.22,111.1,一般戦,1800,晴,東,1,1,差し
20150920,琵琶湖,4,3,1,4251,川崎誠志,22,68,6.71,1,0.18,111.8,一般戦,1800,晴,東,1,1,差し
20150920,琵琶湖,4,4,3,3976,内田圭,26,62,6.69,4,0.20,113.5,一般戦,1800,晴,東,1,1,差し
20150920,琵琶湖,4,5,5,3791,川俣昌史,62,11,6.78,6,0.21,114.5,一般戦,1800,晴,東,1,1,差し
20150920,琵琶湖,4,6,4,4725,佐竹太一,64,49,6.80,5,0.19,116.4,一般戦,1800,晴,東,1,1,差し
20150920,琵琶湖,5,1,1,4068,幸田智裕,66,64,6.81,1,0.10,110.1,一般戦,1800,晴,北東,2,2,逃げ
20150920,琵琶湖,5,2,4,4610,佐藤大佑,34,53,6.79,4,0.07,110.9,一般戦,1800,晴,北東,2,2,逃げ
20150920,琵琶湖,5,3,3,4211,村田敦,31,55,6.84,3,0.10,112.7,一般戦,1800,晴,北東,2,2,逃げ
20150920,琵琶湖,5,4,2,4185,藤原真也,11,65,6.84,2,0.13,113.7,一般戦,1800,晴,北東,2,2,逃げ
20150920,琵琶湖,5,5,5,4833,吉崎悠司,32,31,6.86,5,0.14,116.2,一般戦,1800,晴,北東,2,2,逃げ
20150920,琵琶湖,5,6,6,4348,宮崎奨,51,67,6.83,6,0.13,117.1,一般戦,1800,晴,北東,2,2,逃げ
20150920,琵琶湖,6,1,4,4674,池田剛規,39,28,6.75,4,0.11,109.9,一般戦,1800,晴,東,2,2,まくり
20150920,琵琶湖,6,2,6,4207,松下一也,63,15,6.72,6,0.13,112.3,一般戦,1800,晴,東,2,2,まくり
20150920,琵琶湖,6,3,5,4425,大井清貴,14,27,6.79,5,0.12,113.5,一般戦,1800,晴,東,2,2,まくり
20150920,琵琶湖,6,4,1,4379,桑島和宏,60,39,6.74,1,0.15,113.6,一般戦,1800,晴,東,2,2,まくり
20150920,琵琶湖,6,5,2,3617,竹田広樹,36,32,6.70,2,0.16,114.3,一般戦,1800,晴,東,2,2,まくり
20150920,琵琶湖,6,6,3,4162,竹本太樹,17,30,6.93,3,0.23,119.7,一般戦,1800,晴,東,2,2,まくり
20150920,琵琶湖,7,1,2,4368,山口隆史,16,24,6.69,2,0.07,110.0,一般戦,1800,晴,北東,3,3,差し
20150920,琵琶湖,7,2,6,3482,金子猛志,33,38,6.85,6,0.14,111.3,一般戦,1800,晴,北東,3,3,差し
20150920,琵琶湖,7,3,4,4679,植田太一,24,41,6.66,4,0.03,113.0,一般戦,1800,晴,北東,3,3,差し
20150920,琵琶湖,7,4,3,2850,小松昇司,28,57,6.83,3,0.10,114.4,一般戦,1800,晴,北東,3,3,差し
20150920,琵琶湖,7,5,1,3910,松下知幸,48,43,6.77,1,0.05,114.9,一般戦,1800,晴,北東,3,3,差し
20150920,琵琶湖,7,6,5,4725,佐竹太一,64,49,6.84,5,0.12,116.2,一般戦,1800,晴,北東,3,3,差し
20150920,琵琶湖,8,1,2,4357,田中和也,65,58,6.82,2,0.21,110.3,一般戦,1800,晴,北東,4,4,差し
20150920,琵琶湖,8,2,1,3519,冨田秀幸,58,46,6.79,1,0.24,111.5,一般戦,1800,晴,北東,4,4,差し
20150920,琵琶湖,8,3,5,4610,佐藤大佑,34,53,6.90,4,0.27,113.4,一般戦,1800,晴,北東,4,4,差し
20150920,琵琶湖,8,4,3,3791,川俣昌史,62,11,6.87,3,0.30,113.6,一般戦,1800,晴,北東,4,4,差し
20150920,琵琶湖,8,5,4,4664,東口晃,23,33,6.88,6,0.21,113.7,一般戦,1800,晴,北東,4,4,差し
20150920,琵琶湖,8,6,6,3982,福田理,35,12,6.87,5,0.24,115.9,一般戦,1800,晴,北東,4,4,差し
20150920,琵琶湖,9,1,1,3858,織田猛,27,63,6.81,1,0.15,110.6,一般戦,1800,晴,北,3,3,逃げ
20150920,琵琶湖,9,2,2,3310,金澤一洋,61,26,6.85,2,0.17,111.4,一般戦,1800,晴,北,3,3,逃げ
20150920,琵琶湖,9,3,3,3105,内山文典,29,56,6.91,3,0.17,113.6,一般戦,1800,晴,北,3,3,逃げ
20150920,琵琶湖,9,4,6,4162,竹本太樹,17,30,6.95,6,0.28,114.3,一般戦,1800,晴,北,3,3,逃げ
20150920,琵琶湖,9,5,4,3283,窪田好弘,18,23,6.90,4,0.18,114.5,一般戦,1800,晴,北,3,3,逃げ
20150920,琵琶湖,9,6,5,3976,内田圭,26,62,6.90,5,0.28,117.5,一般戦,1800,晴,北,3,3,逃げ
20150920,琵琶湖,10,1,1,4406,幸野史明,46,20,6.70,1,0.09,109.7,一般戦,1800,晴,北東,4,4,逃げ
20150920,琵琶湖,10,2,4,4686,丸野一樹,37,40,6.86,4,0.18,111.5,一般戦,1800,晴,北東,4,4,逃げ
20150920,琵琶湖,10,3,2,3910,松下知幸,48,43,6.74,2,0.04,112.8,一般戦,1800,晴,北東,4,4,逃げ
20150920,琵琶湖,10,4,5,4185,藤原真也,11,65,6.88,5,0.20,114.0,一般戦,1800,晴,北東,4,4,逃げ
20150920,琵琶湖,10,5,3,3986,沖島広和,53,45,6.80,3,0.12,114.3,一般戦,1800,晴,北東,4,4,逃げ
20150920,琵琶湖,10,6,6,4379,桑島和宏,60,39,6.88,6,0.21,115.9,一般戦,1800,晴,北東,4,4,逃げ
20150920,琵琶湖,11,1,3,4068,幸田智裕,66,64,6.85,3,0.14,110.5,一般戦,1800,晴,北東,4,4,差し
20150920,琵琶湖,11,2,4,4357,田中和也,65,58,6.95,4,0.27,111.8,一般戦,1800,晴,北東,4,4,差し
20150920,琵琶湖,11,3,1,4368,山口隆史,16,24,6.74,2,0.13,113.1,一般戦,1800,晴,北東,4,4,差し
20150920,琵琶湖,11,4,6,3617,竹田広樹,36,32,6.87,5,0.29,114.0,一般戦,1800,晴,北東,4,4,差し
20150920,琵琶湖,11,5,5,4251,川崎誠志,22,68,6.81,6,0.25,116.2,一般戦,1800,晴,北東,4,4,差し
20150920,琵琶湖,11,6,2,2380,関忠志,67,71,6.88,1,0.13,118.6,一般戦,1800,晴,北東,4,4,差し
20150920,琵琶湖,12,1,1,3327,野長瀬正孝,19,37,6.88,1,0.01,109.8,優勝戦,1800,晴,北東,3,3,逃げ
20150920,琵琶湖,12,2,5,3721,守田俊介,21,21,6.96,5,0.14,110.8,優勝戦,1800,晴,北東,3,3,逃げ
20150920,琵琶湖,12,3,6,3385,渡邉睦広,56,14,6.96,6,0.28,112.2,優勝戦,1800,晴,北東,3,3,逃げ
20150920,琵琶湖,12,4,2,3576,白水勝也,57,50,6.79,2,0.11,112.4,優勝戦,1800,晴,北東,3,3,逃げ
20150920,琵琶湖,12,5,4,3872,岡田憲行,45,69,6.85,4,0.10,112.5,優勝戦,1800,晴,北東,3,3,逃げ
20150920,琵琶湖,12,6,3,3965,北中元樹,13,18,6.89,3,0.07,115.2,優勝戦,1800,晴,北東,3,3,逃げ
20150920,三国,1,1,1,4342,谷野錬志,60,51,6.83,1,0.16,110.0,一般戦,1800,晴,北,5,4,逃げ
20150920,三国,1,2,2,3824,中村智也,23,53,6.87,2,0.19,112.0,一般戦,1800,晴,北,5,4,逃げ
20150920,三国,1,3,3,4681,太田潮,52,64,6.85,3,0.18,113.0,一般戦,1800,晴,北,5,4,逃げ
20150920,三国,1,4,4,3741,松尾基成,24,66,6.84,4,0.15,113.7,一般戦,1800,晴,北,5,4,逃げ
20150920,三国,1,5,5,3707,野辺香織,67,55,6.93,5,0.19,NaN,一般戦,1800,晴,北,5,4,逃げ
20150920,三国,1,6,6,4882,瀧川千依,13,18,6.82,6,0.17,NaN,一般戦,1800,晴,北,5,4,逃げ
20150920,三国,2,1,1,3775,泉啓文,30,50,6.84,1,0.17,110.1,予選,1800,晴,北,6,5,逃げ
20150920,三国,2,2,2,3755,吉村和也,68,40,6.88,2,0.16,111.3,予選,1800,晴,北,6,5,逃げ
20150920,三国,2,3,4,3614,谷勝幸,36,16,6.95,4,0.14,113.1,予選,1800,晴,北,6,5,逃げ
20150920,三国,2,4,5,4138,中井俊祐,28,35,6.87,5,0.05,115.1,予選,1800,晴,北,6,5,逃げ
20150920,三国,2,5,6,4692,酒井俊弘,35,28,6.90,6,0.05,NaN,予選,1800,晴,北,6,5,逃げ
20150920,三国,2,6,3,4744,伊藤玲奈,59,67,6.96,3,0.26,NaN,予選,1800,晴,北,6,5,逃げ
20150920,三国,3,1,3,4523,中村辰也,15,57,6.93,3,0.14,110.4,予選,1800,晴,北,5,4,まくり差し
20150920,三国,3,2,1,3627,井上恵一,25,72,6.90,1,0.16,111.4,予選,1800,晴,北,5,4,まくり差し
20150920,三国,3,3,6,3736,岡本猛,61,25,6.99,6,0.13,113.0,予選,1800,晴,北,5,4,まくり差し
20150920,三国,3,4,4,4464,山下友貴,66,54,6.95,4,0.11,113.6,予選,1800,晴,北,5,4,まくり差し
20150920,三国,3,5,5,4003,表憲一,11,31,6.86,5,0.11,NaN,予選,1800,晴,北,5,4,まくり差し
20150920,三国,3,6,2,3469,潮田浩子,38,43,6.87,2,0.15,NaN,予選,1800,晴,北,5,4,まくり差し
20150920,三国,4,1,4,4277,金田大輔,39,52,6.82,4,0.11,110.5,予選,1800,晴,北,5,4,まくり
20150920,三国,4,2,2,4549,小林文彦,69,12,6.78,2,0.16,112.1,予選,1800,晴,北,5,4,まくり
20150920,三国,4,3,6,4360,庄司孝輔,14,47,6.79,5,0.05,112.9,予選,1800,晴,北,5,4,まくり
20150920,三国,4,4,3,3188,日高逸子,72,34,6.90,3,0.15,113.1,予選,1800,晴,北,5,4,まくり
20150920,三国,4,5,1,3867,松浦勝,45,19,6.89,1,0.20,NaN,予選,1800,晴,北,5,4,まくり
20150920,三国,4,6,5,3692,竹腰正樹,19,61,6.92,6,0.05,NaN,予選,1800,晴,北,5,4,まくり
20150920,三国,5,1,1,4022,待鳥雄紀,48,23,6.81,1,0.10,109.4,一般戦,1800,晴,北,5,4,逃げ
20150920,三国,5,2,3,3713,伊藤誠二,42,13,6.91,3,0.13,111.8,一般戦,1800,晴,北,5,4,逃げ
20150920,三国,5,3,5,3621,天野晶夫,37,58,6.95,4,0.15,113.1,一般戦,1800,晴,北,5,4,逃げ
20150920,三国,5,4,2,3317,大山博美,40,60,6.79,2,0.15,114.4,一般戦,1800,晴,北,5,4,逃げ
20150920,三国,5,5,6,2912,尾崎鉄也,20,27,6.87,5,0.18,NaN,一般戦,1800,晴,北,5,4,逃げ
20150920,三国,5,6,4,4882,瀧川千依,13,18,6.85,6,0.33,NaN,一般戦,1800,晴,北,5,4,逃げ
20150920,三国,6,1,5,4019,笠原亮,33,37,6.86,4,0.13,109.6,予選,1800,晴,北西,5,4,まくり
20150920,三国,6,2,6,3360,原田富士男,26,39,6.97,5,0.17,111.4,予選,1800,晴,北西,5,4,まくり
20150920,三国,6,3,1,2958,井川正人,32,29,6.93,1,0.18,113.3,予選,1800,晴,北西,5,4,まくり
20150920,三国,6,4,4,3775,泉啓文,30,50,6.88,6,0.16,114.5,予選,1800,晴,北西,5,4,まくり
20150920,三国,6,5,2,4393,田中孝明,58,41,6.93,2,0.18,NaN,予選,1800,晴,北西,5,4,まくり
20150920,三国,6,6,3,3458,東健介,70,44,7.05,3,0.14,NaN,予選,1800,晴,北西,5,4,まくり
20150920,三国,7,1,1,4505,島田賢人,34,70,6.89,1,0.10,110.8,一般戦,1800,晴,北,5,4,抜き
20150920,三国,7,2,3,3627,井上恵一,25,72,6.82,3,0.22,111.9,一般戦,1800,晴,北,5,4,抜き
20150920,三国,7,3,2,3717,立間充宏,64,42,6.86,2,0.15,113.3,一般戦,1800,晴,北,5,4,抜き
20150920,三国,7,4,4,4817,渡邉翼,53,71,6.81,4,0.12,114.2,一般戦,1800,晴,北,5,4,抜き
20150920,三国,7,5,6,3707,野辺香織,67,55,6.88,5,0.13,NaN,一般戦,1800,晴,北,5,4,抜き
20150920,三国,7,6,5,4744,伊藤玲奈,59,67,6.85,6,0.16,NaN,一般戦,1800,晴,北,5,4,抜き
20150920,三国,8,1,1,3741,松尾基成,24,66,6.83,1,0.10,110.5,予選,1800,晴,北西,5,4,逃げ
20150920,三国,8,2,2,3934,鋤柄貴俊,44,20,6.87,2,0.13,112.7,予選,1800,晴,北西,5,4,逃げ
20150920,三国,8,3,4,3251,平石和男,56,24,6.83,4,0.11,113.3,予選,1800,晴,北西,5,4,逃げ
20150920,三国,8,4,3,3692,竹腰正樹,19,61,6.87,3,0.13,114.4,予選,1800,晴,北西,5,4,逃げ
20150920,三国,8,5,6,4138,中井俊祐,28,35,6.85,6,0.06,NaN,予選,1800,晴,北西,5,4,逃げ
20150920,三国,8,6,5,3409,三好一,65,69,6.86,5,0.09,NaN,予選,1800,晴,北西,5,4,逃げ
20150920,三国,9,1,3,4342,谷野錬志,60,51,6.89,3,0.16,108.6,予選,1800,晴,北,5,4,まくり
20150920,三国,9,2,4,4692,酒井俊弘,35,28,6.83,6,0.11,111.6,予選,1800,晴,北,5,4,まくり
20150920,三国,9,3,6,3713,伊藤誠二,42,13,6.78,5,0.09,112.6,予選,1800,晴,北,5,4,まくり
20150920,三国,9,4,1,4549,小林文彦,69,12,6.79,1,0.22,113.6,予選,1800,晴,北,5,4,まくり
20150920,三国,9,5,5,3533,佐川正道,31,63,6.88,4,0.14,NaN,予選,1800,晴,北,5,4,まくり
20150920,三国,9,6,2,4523,中村辰也,15,57,6.78,2,0.33,NaN,予選,1800,晴,北,5,4,まくり
20150920,三国,10,1,2,4263,武重雄介,27,46,6.91,2,0.18,110.1,予選,1800,晴,北,5,4,まくり
20150920,三国,10,2,3,3621,天野晶夫,37,58,6.95,3,0.15,111.2,予選,1800,晴,北,5,4,まくり
20150920,三国,10,3,6,4464,山下友貴,66,54,6.89,6,0.03,113.4,予選,1800,晴,北,5,4,まくり
20150920,三国,10,4,5,3360,原田富士男,26,39,6.95,4,0.12,115.1,予選,1800,晴,北,5,4,まくり
20150920,三国,10,5,1,3614,谷勝幸,36,16,6.83,1,0.22,NaN,予選,1800,晴,北,5,4,まくり
20150920,三国,10,6,4,3867,松浦勝,45,19,6.84,5,0.08,NaN,予選,1800,晴,北,5,4,まくり
20150920,三国,11,1,3,4019,笠原亮,33,37,6.84,3,0.27,110.0,一般戦,1800,晴,北,5,4,抜き
20150920,三国,11,2,6,4003,表憲一,11,31,6.86,6,0.11,110.9,一般戦,1800,晴,北,5,4,抜き
20150920,三国,11,3,1,4347,魚谷香織,57,36,6.89,1,0.28,113.0,一般戦,1800,晴,北,5,4,抜き
20150920,三国,11,4,5,2912,尾崎鉄也,20,27,6.88,5,0.34,114.2,一般戦,1800,晴,北,5,4,抜き
20150920,三国,11,5,4,4505,島田賢人,34,70,6.93,4,0.34,NaN,一般戦,1800,晴,北,5,4,抜き
20150920,三国,11,6,2,3188,日高逸子,72,34,6.92,2,0.29,NaN,一般戦,1800,晴,北,5,4,抜き
20150920,三国,12,1,1,3251,平石和男,56,24,6.87,1,0.18,109.8,一般戦,1800,晴,北,6,4,抜き
20150920,三国,12,2,2,4022,待鳥雄紀,48,23,6.81,2,0.16,111.2,一般戦,1800,晴,北,6,4,抜き
20150920,三国,12,3,5,4360,庄司孝輔,14,47,6.82,5,0.17,113.1,一般戦,1800,晴,北,6,4,抜き
20150920,三国,12,4,6,3458,東健介,70,44,6.95,6,0.25,114.6,一般戦,1800,晴,北,6,4,抜き
20150920,三国,12,5,4,3736,岡本猛,61,25,6.78,4,0.11,NaN,一般戦,1800,晴,北,6,4,抜き
20150920,三国,12,6,3,3717,立間充宏,64,42,6.85,3,0.15,NaN,一般戦,1800,晴,北,6,4,抜き
20150920,津,1,1,2,3306,武田正紀,46,76,6.80,2,0.14,111.1,予選,1800,晴,北西,1,1,差し
20150920,津,1,2,1,3291,河原順一,61,21,6.80,1,0.10,113.0,予選,1800,晴,北西,1,1,差し
20150920,津,1,3,4,4615,板倉敦史,21,46,6.85,4,0.15,113.8,予選,1800,晴,北西,1,1,差し
20150920,津,1,4,6,4711,前出達吉,20,74,6.82,5,0.16,114.6,予選,1800,晴,北西,1,1,差し
20150920,津,1,5,3,3851,森田昭彦,26,16,6.85,3,0.12,NaN,予選,1800,晴,北西,1,1,差し
20150920,津,1,6,5,4876,梅木敬太,34,40,6.82,6,0.11,NaN,予選,1800,晴,北西,1,1,差し
20150920,津,2,1,1,3439,大平誉史明,30,24,6.79,1,0.17,109.5,一般戦,1800,晴,北西,1,1,逃げ
20150920,津,2,2,2,4336,松田竜馬,60,14,6.90,2,0.14,112.1,一般戦,1800,晴,北西,1,1,逃げ
20150920,津,2,3,6,4713,白神優,58,19,6.84,6,0.11,113.0,一般戦,1800,晴,北西,1,1,逃げ
20150920,津,2,4,4,4815,伏島祐介,57,12,6.83,4,0.16,114.0,一般戦,1800,晴,北西,1,1,逃げ
20150920,津,2,5,3,3620,信濃由行,24,71,6.87,3,0.18,NaN,一般戦,1800,晴,北西,1,1,逃げ
20150920,津,2,6,5,2994,茂垣達也,59,35,6.87,5,0.18,NaN,一般戦,1800,晴,北西,1,1,逃げ
20150920,津,3,1,2,4808,松尾拓,28,75,6.78,3,0.08,110.1,予選,1800,晴,北西,2,1,まくり
20150920,津,3,2,3,4466,南佑典,55,48,6.83,4,0.08,111.5,予選,1800,晴,北西,2,1,まくり
20150920,津,3,3,5,3853,岩崎正哉,54,29,6.82,5,0.09,113.9,予選,1800,晴,北西,2,1,まくり
20150920,津,3,4,6,3020,若女井正,41,23,6.85,2,0.26,115.0,予選,1800,晴,北西,2,1,まくり
20150920,津,3,5,1,3769,佐竹恒彦,44,36,6.79,1,0.17,NaN,予選,1800,晴,北西,2,1,まくり
20150920,津,3,6,4,4810,後藤麦,36,43,6.92,6,0.10,NaN,予選,1800,晴,北西,2,1,まくり
20150920,津,4,1,2,3888,山本英志,18,22,6.80,2,0.12,109.9,予選,1800,晴,北西,1,1,差し
20150920,津,4,2,3,4146,柳橋宏紀,40,44,6.82,3,0.10,112.3,予選,1800,晴,北西,1,1,差し
20150920,津,4,3,6,4384,鶴本崇文,35,34,6.79,6,0.19,113.7,予選,1800,晴,北西,1,1,差し
20150920,津,4,4,1,4202,浮田圭浩,65,49,6.84,1,0.11,113.9,予選,1800,晴,北西,1,1,差し
20150920,津,4,5,5,3467,森弘行,68,38,6.78,4,0.11,NaN,予選,1800,晴,北西,1,1,差し
20150920,津,4,6,4,4827,鈴木雄斗,63,33,6.83,5,0.23,NaN,予選,1800,晴,北西,1,1,差し
20150920,津,5,1,2,4796,春園功太,53,17,6.80,2,0.28,110.9,予選,1800,晴,北西,2,1,差し
20150920,津,5,2,5,4344,新田雄史,23,15,6.81,5,0.20,112.2,予選,1800,晴,北西,2,1,差し
20150920,津,5,3,6,3562,山下和彦,45,20,6.79,4,0.30,112.9,予選,1800,晴,北西,2,1,差し
20150920,津,5,4,1,3123,中西宏文,37,31,6.80,1,0.23,114.5,予選,1800,晴,北西,2,1,差し
20150920,津,5,5,3,3797,岩井繁,64,45,6.76,3,0.41,NaN,予選,1800,晴,北西,2,1,差し
20150920,津,5,6,4,4876,梅木敬太,34,40,6.81,6,0.23,NaN,予選,1800,晴,北西,2,1,差し
20150920,津,6,1,2,3988,古川誠之,31,25,6.80,2,0.26,111.4,予選,1800,晴,北西,2,1,差し
20150920,津,6,2,3,3947,寺本昇平,66,73,6.81,3,0.30,112.3,予選,1800,晴,北西,2,1,差し
20150920,津,6,3,4,3572,安田政彦,62,27,6.81,4,0.39,114.7,予選,1800,晴,北西,2,1,差し
20150920,津,6,4,6,3392,小森信雄,33,47,6.79,5,0.43,115.7,予選,1800,晴,北西,2,1,差し
20150920,津,6,5,1,2823,平野勇志,67,28,6.81,1,0.29,NaN,予選,1800,晴,北西,2,1,差し
20150920,津,6,6,5,4815,伏島祐介,57,12,6.83,6,0.41,NaN,予選,1800,晴,北西,2,1,差し
20150920,津,7,1,6,4200,早川尚人,22,13,6.78,6,0.03,111.8,予選,1800,晴,北西,3,2,差し
20150920,津,7,2,2,4388,是澤孝宏,19,68,6.81,2,0.07,112.2,予選,1800,晴,北西,3,2,差し
20150920,津,7,3,4,2994,茂垣達也,59,35,6.83,4,0.08,113.6,予選,1800,晴,北西,3,2,差し
20150920,津,7,4,1,4133,高橋正男,29,18,6.79,1,0.16,114.3,予選,1800,晴,北西,3,2,差し
20150920,津,7,5,3,4227,安達裕樹,39,37,6.78,3,0.06,NaN,予選,1800,晴,北西,3,2,差し
20150920,津,7,6,5,4466,南佑典,55,48,6.78,5,0.07,NaN,予選,1800,晴,北西,3,2,差し
20150920,津,8,1,1,3647,伊藤雄二,17,41,6.78,1,0.19,112.0,予選,1800,晴,北西,3,2,逃げ
20150920,津,8,2,4,3306,武田正紀,46,76,6.78,4,0.18,112.8,予選,1800,晴,北西,3,2,逃げ
20150920,津,8,3,5,3620,信濃由行,24,71,6.81,5,0.24,114.1,予選,1800,晴,北西,3,2,逃げ
20150920,津,8,4,6,3853,岩崎正哉,54,29,6.82,6,0.21,114.6,予選,1800,晴,北西,3,2,逃げ
20150920,津,8,5,3,4376,藤田靖弘,43,72,6.82,3,0.19,NaN,予選,1800,晴,北西,3,2,逃げ
20150920,津,8,6,2,3540,大橋庸志,27,26,6.88,2,0.24,NaN,予選,1800,晴,北西,3,2,逃げ
20150920,津,9,1,1,3379,打越晶,32,32,6.78,1,0.01,110.6,予選,1800,晴,北西,3,2,逃げ
20150920,津,9,2,2,3123,中西宏文,37,31,6.80,2,0.09,112.0,予選,1800,晴,北西,3,2,逃げ
20150920,津,9,3,4,3851,森田昭彦,26,16,6.78,4,0.02,113.9,予選,1800,晴,北西,3,2,逃げ
20150920,津,9,4,5,4713,白神優,58,19,6.80,5,0.07,115.1,予選,1800,晴,北西,3,2,逃げ
20150920,津,9,5,3,3467,森弘行,68,38,6.77,3,0.03,NaN,予選,1800,晴,北西,3,2,逃げ
20150920,津,9,6,6,4810,後藤麦,36,43,6.80,6,0.18,NaN,予選,1800,晴,北西,3,2,逃げ
20150920,津,10,1,1,3988,古川誠之,31,25,6.78,1,0.12,110.1,予選,1800,晴,北西,3,2,逃げ
20150920,津,10,2,2,3439,大平誉史明,30,24,6.83,2,0.15,111.4,予選,1800,晴,北西,3,2,逃げ
20150920,津,10,3,4,4344,新田雄史,23,15,6.77,4,0.17,113.6,予選,1800,晴,北西,3,2,逃げ
20150920,津,10,4,5,3930,岸本隆,56,39,6.80,5,0.17,113.9,予選,1800,晴,北西,3,2,逃げ
20150920,津,10,5,6,4146,柳橋宏紀,40,44,6.83,6,0.13,NaN,予選,1800,晴,北西,3,2,逃げ
20150920,津,10,6,3,3291,河原順一,61,21,6.81,3,0.23,NaN,予選,1800,晴,北西,3,2,逃げ
20150920,津,11,1,1,3947,寺本昇平,66,73,6.76,1,0.18,110.1,予選,1800,晴,北西,2,1,逃げ
20150920,津,11,2,4,4384,鶴本崇文,35,34,6.81,4,0.26,111.4,予選,1800,晴,北西,2,1,逃げ
20150920,津,11,3,2,3797,岩井繁,64,45,6.83,2,0.28,113.1,予選,1800,晴,北西,2,1,逃げ
20150920,津,11,4,3,4808,松尾拓,28,75,6.78,3,0.20,113.6,予選,1800,晴,北西,2,1,逃げ
20150920,津,11,5,5,4227,安達裕樹,39,37,6.81,5,0.25,NaN,予選,1800,晴,北西,2,1,逃げ
20150920,津,11,6,6,3643,米田隆弘,38,30,6.79,6,0.26,NaN,予選,1800,晴,北西,2,1,逃げ
20150920,津,12,1,1,3572,安田政彦,62,27,6.83,1,0.23,110.6,一般戦,1800,晴,北西,3,2,逃げ
20150920,津,12,2,4,3562,山下和彦,45,20,6.83,4,0.19,111.9,一般戦,1800,晴,北西,3,2,逃げ
20150920,津,12,3,2,3769,佐竹恒彦,44,36,6.88,2,0.23,113.4,一般戦,1800,晴,北西,3,2,逃げ
20150920,津,12,4,3,3888,山本英志,18,22,6.84,3,0.21,114.7,一般戦,1800,晴,北西,3,2,逃げ
20150920,津,12,5,6,4376,藤田靖弘,43,72,6.80,6,0.18,NaN,一般戦,1800,晴,北西,3,2,逃げ
20150920,津,12,6,5,4200,早川尚人,22,13,6.76,5,0.18,NaN,一般戦,1800,晴,北西,3,2,逃げ
20150920,常滑,1,1,1,4257,古川健,36,32,6.69,1,0.20,110.5,予選,1800,晴,南西,3,2,逃げ
20150920,常滑,1,2,6,3850,小川知行,22,31,6.67,4,0.14,112.4,予選,1800,晴,南西,3,2,逃げ
20150920,常滑,1,3,4,4794,和田拓也,32,8,6.72,5,0.03,114.2,予選,1800,晴,南西,3,2,逃げ
20150920,常滑,1,4,5,4213,重富伸也,58,60,6.78,6,0.03,114.8,予選,1800,晴,南西,3,2,逃げ
20150920,常滑,1,5,3,3108,松本真吾,16,9,6.75,3,0.15,NaN,予選,1800,晴,南西,3,2,逃げ
20150920,常滑,1,6,2,4339,平瀬城啓,35,50,6.75,2,0.20,NaN,予選,1800,晴,南西,3,2,逃げ
20150920,常滑,2,1,2,3278,山田豊,44,65,6.70,2,0.09,109.9,予選,1800,晴,南西,2,1,差し
20150920,常滑,2,2,1,4005,瀬川公則,26,8,6.70,1,0.10,111.3,予選,1800,晴,南西,2,1,差し
20150920,常滑,2,3,3,4560,庄司樹良々,48,53,6.73,3,0.07,112.7,予選,1800,晴,南西,2,1,差し
20150920,常滑,2,4,5,4139,丹下健,59,42,6.69,5,0.11,113.2,予選,1800,晴,南西,2,1,差し
20150920,常滑,2,5,4,4637,中田友也,51,24,6.86,4,0.17,NaN,予選,1800,晴,南西,2,1,差し
20150920,常滑,2,6,6,4247,齊藤優,29,48,6.71,6,0.17,NaN,予選,1800,晴,南西,2,1,差し
20150920,常滑,3,1,4,3550,都築正治,10,15,6.68,2,0.10,109.1,予選,1800,晴,西,2,1,まくり
20150920,常滑,3,2,2,4264,長尾章平,55,51,6.71,4,0.09,110.7,予選,1800,晴,西,2,1,まくり
20150920,常滑,3,3,3,3788,一宮稔弘,41,74,6.77,5,0.09,112.9,予選,1800,晴,西,2,1,まくり
20150920,常滑,3,4,1,3964,宮地博士,17,46,6.75,1,0.13,113.8,予選,1800,晴,西,2,1,まくり
20150920,常滑,3,5,5,4249,曾根孝仁,15,18,6.72,6,0.13,NaN,予選,1800,晴,西,2,1,まくり
20150920,常滑,3,6,6,4151,下河誉史,57,36,6.70,3,0.26,NaN,予選,1800,晴,西,2,1,まくり
20150920,常滑,4,1,2,4649,和田操拓,31,54,6.74,5,0.09,110.2,予選,1800,晴,西,2,1,まくり差し
20150920,常滑,4,2,1,3869,井芹大志,73,5,6.68,1,0.21,111.5,予選,1800,晴,西,2,1,まくり差し
20150920,常滑,4,3,5,3687,花田和明,52,3,6.75,3,0.18,113.5,予選,1800,晴,西,2,1,まくり差し
20150920,常滑,4,4,3,3796,長野道臣,53,55,6.76,6,0.12,114.9,予選,1800,晴,西,2,1,まくり差し
20150920,常滑,4,5,6,3854,吉川元浩,23,14,6.76,4,0.16,NaN,予選,1800,晴,西,2,1,まくり差し
20150920,常滑,4,6,4,3245,池上裕次,46,13,6.70,2,0.22,NaN,予選,1800,晴,西,2,1,まくり差し
20150920,常滑,5,1,1,4231,鈴木裕隆,34,71,6.72,1,0.11,108.9,予選,1800,晴,西,2,1,逃げ
20150920,常滑,5,2,4,3563,堤昇,85,6,6.73,3,0.11,112.0,予選,1800,晴,西,2,1,逃げ
20150920,常滑,5,3,2,3987,後藤正宗,52,44,6.77,2,0.13,112.1,予選,1800,晴,西,2,1,逃げ
20150920,常滑,5,4,5,4009,小林一樹,21,61,6.76,4,0.09,113.5,予選,1800,晴,西,2,1,逃げ
20150920,常滑,5,5,3,4421,森作広大,45,43,6.77,5,0.11,NaN,予選,1800,晴,西,2,1,逃げ
20150920,常滑,5,6,6,3108,松本真吾,16,9,6.77,6,0.15,NaN,予選,1800,晴,西,2,1,逃げ
20150920,常滑,6,1,1,3659,藤生雄人,11,75,6.75,1,0.20,110.7,予選,1800,晴,西,2,1,抜き
20150920,常滑,6,2,2,4253,西川真人,27,25,6.76,2,0.17,111.5,予選,1800,晴,西,2,1,抜き
20150920,常滑,6,3,4,3805,高橋英之,42,52,6.70,4,0.11,113.1,予選,1800,晴,西,2,1,抜き
20150920,常滑,6,4,3,3257,田頭実,18,67,6.71,3,0.16,113.8,予選,1800,晴,西,2,1,抜き
20150920,常滑,6,5,5,4247,齊藤優,29,48,6.75,5,0.15,NaN,予選,1800,晴,西,2,1,抜き
20150920,常滑,6,6,6,4794,和田拓也,32,8,6.70,6,0.14,NaN,予選,1800,晴,西,2,1,抜き
20150920,常滑,7,1,5,4650,中山雄太,43,20,6.68,5,0.14,109.9,予選,1800,晴,南西,3,2,まくり
20150920,常滑,7,2,1,3278,山田豊,44,65,6.73,1,0.34,111.3,予選,1800,晴,南西,3,2,まくり
20150920,常滑,7,3,3,4337,平本真之,16,72,6.76,3,0.17,113.4,予選,1800,晴,南西,3,2,まくり
20150920,常滑,7,4,4,4339,平瀬城啓,35,50,6.77,6,0.21,114.4,予選,1800,晴,南西,3,2,まくり
20150920,常滑,7,5,6,3414,加瀬智宏,40,64,6.72,4,0.19,NaN,予選,1800,晴,南西,3,2,まくり
20150920,常滑,7,6,2,3964,宮地博士,17,46,6.78,2,0.27,NaN,予選,1800,晴,南西,3,2,まくり
20150920,常滑,8,1,3,3687,花田和明,52,3,6.69,1,0.20,109.7,予選,1800,晴,南西,3,2,逃げ
20150920,常滑,8,2,4,4249,曾根孝仁,15,18,6.72,5,0.34,112.9,予選,1800,晴,南西,3,2,逃げ
20150920,常滑,8,3,2,4257,古川健,36,32,6.71,3,0.45,114.2,予選,1800,晴,南西,3,2,逃げ
20150920,常滑,8,4,6,3388,今垣光太郎,39,27,6.66,4,0.32,115.6,予選,1800,晴,南西,3,2,逃げ
20150920,常滑,8,5,5,4560,庄司樹良々,48,53,6.77,6,0.25,NaN,予選,1800,晴,南西,3,2,逃げ
20150920,常滑,8,6,1,4522,古澤光紀,60,73,6.72,2,0.39,NaN,予選,1800,晴,南西,3,2,逃げ
20150920,常滑,9,1,5,3854,吉川元浩,23,14,6.72,4,0.07,110.5,予選,1800,晴,西,3,2,抜き
20150920,常滑,9,2,4,4213,重富伸也,58,60,6.76,6,0.07,111.9,予選,1800,晴,西,3,2,抜き
20150920,常滑,9,3,6,4637,中田友也,51,24,6.73,5,0.10,113.1,予選,1800,晴,西,3,2,抜き
20150920,常滑,9,4,3,4151,下河誉史,57,36,6.70,3,0.10,114.3,予選,1800,晴,西,3,2,抜き
20150920,常滑,9,5,2,4159,向後龍一,28,39,6.68,2,0.06,NaN,予選,1800,晴,西,3,2,抜き
20150920,常滑,9,6,1,3987,後藤正宗,52,44,6.68,1,0.16,NaN,予選,1800,晴,西,3,2,抜き
20150920,常滑,10,1,1,3563,堤昇,85,6,6.64,1,0.27,110.1,予選,1800,晴,西,2,1,逃げ
20150920,常滑,10,2,2,3869,井芹大志,73,5,6.64,2,0.26,112.2,予選,1800,晴,西,2,1,逃げ
20150920,常滑,10,3,5,3805,高橋英之,42,52,6.66,5,0.30,113.5,予選,1800,晴,西,2,1,逃げ
20150920,常滑,10,4,6,4139,丹下健,59,42,6.64,6,0.25,114.2,予選,1800,晴,西,2,1,逃げ
20150920,常滑,10,5,4,4264,長尾章平,55,51,6.63,4,0.27,NaN,予選,1800,晴,西,2,1,逃げ
20150920,常滑,10,6,3,3957,大谷直弘,56,70,6.69,3,0.37,NaN,予選,1800,晴,西,2,1,逃げ
20150920,常滑,11,1,1,3257,田頭実,18,67,6.66,1,0.28,110.6,予選,1800,晴,西,2,1,逃げ
20150920,常滑,11,2,3,4498,宮本夏樹,42,2,6.74,4,0.31,111.8,予選,1800,晴,西,2,1,逃げ
20150920,常滑,11,3,5,3414,加瀬智宏,40,64,6.74,2,0.19,113.3,予選,1800,晴,西,2,1,逃げ
20150920,常滑,11,4,6,3550,都築正治,10,15,6.68,3,0.20,114.4,予選,1800,晴,西,2,1,逃げ
20150920,常滑,11,5,4,4231,鈴木裕隆,34,71,6.77,5,0.33,NaN,予選,1800,晴,西,2,1,逃げ
20150920,常滑,11,6,2,4005,瀬川公則,26,8,6.73,6,0.32,NaN,予選,1800,晴,西,2,1,逃げ
20150920,常滑,12,1,1,4337,平本真之,16,72,6.70,1,0.10,110.1,予選,1800,晴,西,2,1,抜き
20150920,常滑,12,2,5,3388,今垣光太郎,39,27,6.65,3,0.18,111.2,予選,1800,晴,西,2,1,抜き
20150920,常滑,12,3,6,3245,池上裕次,46,13,6.74,4,0.17,112.2,予選,1800,晴,西,2,1,抜き
20150920,常滑,12,4,3,4009,小林一樹,21,61,6.72,5,0.15,113.9,予選,1800,晴,西,2,1,抜き
20150920,常滑,12,5,4,4159,向後龍一,28,39,6.72,6,0.21,NaN,予選,1800,晴,西,2,1,抜き
20150920,常滑,12,6,2,3659,藤生雄人,11,75,6.75,2,0.24,NaN,予選,1800,晴,西,2,1,抜き
20150920,浜名湖,1,1,2,3666,内野省一,49,36,6.77,2,0.23,111.1,予選,1800,晴,南,2,1,差し
20150920,浜名湖,1,2,4,2528,新井敏司,39,32,6.79,4,0.36,111.9,予選,1800,晴,南,2,1,差し
20150920,浜名湖,1,3,3,3339,泉具巳,48,65,6.79,3,0.29,114.3,予選,1800,晴,南,2,1,差し
20150920,浜名湖,1,4,1,3171,田川忠志,53,63,6.74,1,0.25,115.4,予選,1800,晴,南,2,1,差し
20150920,浜名湖,1,5,6,3025,山口哲治,46,64,6.83,6,0.44,NaN,予選,1800,晴,南,2,1,差し
20150920,浜名湖,1,6,5,3503,堂原洋史,28,73,6.74,5,0.28,NaN,予選,1800,晴,南,2,1,差し
20150920,浜名湖,2,1,1,3498,白石浩二,34,51,6.67,1,0.17,110.8,予選,1800,晴,南,3,1,逃げ
20150920,浜名湖,2,2,2,3591,後藤孝義,14,59,6.74,2,0.24,112.3,予選,1800,晴,南,3,1,逃げ
20150920,浜名湖,2,3,5,3319,山崎義明,10,28,6.68,5,0.30,113.7,予選,1800,晴,南,3,1,逃げ
20150920,浜名湖,2,4,3,3227,長岡茂一,36,7,6.68,3,0.26,114.3,予選,1800,晴,南,3,1,逃げ
20150920,浜名湖,2,5,4,3408,大貫英治,38,66,6.59,4,0.29,NaN,予選,1800,晴,南,3,1,逃げ
20150920,浜名湖,2,6,6,3051,山口俊英,37,29,6.72,6,0.22,NaN,予選,1800,晴,南,3,1,逃げ
20150920,浜名湖,3,1,3,3200,熊谷直樹,36,52,6.71,4,0.19,111.7,予選,1800,晴,南,3,2,まくり差し
20150920,浜名湖,3,2,4,3349,吉田一郎,30,15,6.72,5,0.11,112.9,予選,1800,晴,南,3,2,まくり差し
20150920,浜名湖,3,3,2,3350,藤本佳史,83,0,6.70,3,0.24,114.2,予選,1800,晴,南,3,2,まくり差し
20150920,浜名湖,3,4,5,3559,水長照雄,40,61,6.69,6,0.11,115.2,予選,1800,晴,南,3,2,まくり差し
20150920,浜名湖,3,5,1,3220,二橋学,26,60,6.68,1,0.28,NaN,予選,1800,晴,南,3,2,まくり差し
20150920,浜名湖,3,NaN,6,2504,國浦英徳,45,20,6.69,2,0.37,NaN,予選,1800,晴,南,3,2,まくり差し
20150920,浜名湖,4,1,1,3463,乙津康志,61,6,6.71,1,0.19,112.2,一般戦,1800,晴,南,4,3,逃げ
20150920,浜名湖,4,2,6,3361,岡部浩,50,24,6.74,6,0.09,113.3,一般戦,1800,晴,南,4,3,逃げ
20150920,浜名湖,4,3,3,3281,塚本太二郎,59,75,6.69,3,0.22,115.1,一般戦,1800,晴,南,4,3,逃げ
20150920,浜名湖,4,4,2,2871,藤田治義,44,55,6.70,2,0.18,116.2,一般戦,1800,晴,南,4,3,逃げ
20150920,浜名湖,4,5,5,3599,柿本達也,54,25,6.71,5,0.15,NaN,一般戦,1800,晴,南,4,3,逃げ
20150920,浜名湖,4,6,4,3190,片山友多加,16,54,6.76,4,0.18,NaN,一般戦,1800,晴,南,4,3,逃げ
20150920,浜名湖,5,1,1,3284,渡邊伸太郎,72,6,6.66,1,0.18,110.7,予選,1800,晴,南,4,3,逃げ
20150920,浜名湖,5,2,2,3300,川崎智幸,41,70,6.72,2,0.10,112.4,予選,1800,晴,南,4,3,逃げ
20150920,浜名湖,5,3,5,3339,泉具巳,48,65,6.76,5,0.05,114.1,予選,1800,晴,南,4,3,逃げ
20150920,浜名湖,5,4,4,3313,本吉正樹,17,35,6.75,4,0.07,115.1,予選,1800,晴,南,4,3,逃げ
20150920,浜名湖,5,5,3,3346,宮本裕之,35,76,6.69,3,0.02,NaN,予選,1800,晴,南,4,3,逃げ
20150920,浜名湖,5,6,6,3312,新美進司,53,1,6.75,6,0.08,NaN,予選,1800,晴,南,4,3,逃げ
20150920,浜名湖,6,1,6,3024,西島義則,24,62,6.69,4,0.23,110.7,予選,1800,晴,南,4,3,抜き
20150920,浜名湖,6,2,4,2876,鈴木幸夫,51,11,6.75,3,0.22,112.7,予選,1800,晴,南,4,3,抜き
20150920,浜名湖,6,3,5,3412,鈴木博,15,56,6.71,6,0.26,113.6,予選,1800,晴,南,4,3,抜き
20150920,浜名湖,6,4,3,3282,池本輝明,15,7,6.72,5,0.31,113.6,予選,1800,晴,南,4,3,抜き
20150920,浜名湖,6,5,2,3171,田川忠志,53,63,6.72,2,0.23,NaN,予選,1800,晴,南,4,3,抜き
20150920,浜名湖,6,6,1,2596,館野友良,94,5,6.77,1,0.19,NaN,予選,1800,晴,南,4,3,抜き
20150920,浜名湖,7,1,6,3156,金子良昭,22,33,6.74,3,0.13,110.9,予選,1800,晴,南,5,3,差し
20150920,浜名湖,7,2,5,3265,今村暢孝,52,58,6.71,4,0.29,112.1,予選,1800,晴,南,5,3,差し
20150920,浜名湖,7,3,2,3220,二橋学,26,60,6.69,2,0.09,114.1,予選,1800,晴,南,5,3,差し
20150920,浜名湖,7,4,3,3408,大貫英治,38,66,6.65,5,0.24,114.9,予選,1800,晴,南,5,3,差し
20150920,浜名湖,7,5,1,3158,島川光男,22,2,6.72,1,0.12,NaN,予選,1800,晴,南,5,3,差し
20150920,浜名湖,7,6,4,3503,堂原洋史,28,73,6.70,6,0.25,NaN,予選,1800,晴,南,5,3,差し
20150920,浜名湖,8,1,1,3350,藤本佳史,83,0,6.74,1,0.12,111.1,予選,1800,晴,南,4,3,逃げ
20150920,浜名湖,8,2,3,3304,烏野賢太,55,14,6.71,3,0.13,112.3,予選,1800,晴,南,4,3,逃げ
20150920,浜名湖,8,3,2,3463,乙津康志,61,6,6.72,2,0.16,114.1,予選,1800,晴,南,4,3,逃げ
20150920,浜名湖,8,4,6,3277,齋藤勇,31,43,6.70,6,0.10,115.0,予選,1800,晴,南,4,3,逃げ
20150920,浜名湖,8,5,4,3319,山崎義明,10,28,6.71,4,0.14,NaN,予選,1800,晴,南,4,3,逃げ
20150920,浜名湖,8,6,5,2528,新井敏司,39,32,6.75,5,0.26,NaN,予選,1800,晴,南,4,3,逃げ
20150920,浜名湖,9,1,2,3284,渡邊伸太郎,72,6,6.66,2,0.30,111.2,予選,1800,晴,南,4,3,抜き
20150920,浜名湖,9,2,5,3227,長岡茂一,36,7,6.75,5,0.23,113.2,予選,1800,晴,南,4,3,抜き
20150920,浜名湖,9,3,4,3559,水長照雄,40,61,6.68,4,0.25,113.9,予選,1800,晴,南,4,3,抜き
20150920,浜名湖,9,4,3,2910,片山晃,27,68,6.71,3,0.32,114.1,予選,1800,晴,南,4,3,抜き
20150920,浜名湖,9,5,1,3666,内野省一,49,36,6.69,1,0.25,NaN,予選,1800,晴,南,4,3,抜き
20150920,浜名湖,9,6,6,3190,片山友多加,16,54,6.76,6,0.25,NaN,予選,1800,晴,南,4,3,抜き
20150920,浜名湖,10,1,2,3544,豊田訓靖,32,69,6.75,2,0.18,111.1,予選,1800,晴,南,4,3,抜き
20150920,浜名湖,10,2,6,3200,熊谷直樹,36,52,6.77,6,0.12,111.7,予選,1800,晴,南,4,3,抜き
20150920,浜名湖,10,3,4,3591,後藤孝義,14,59,6.73,4,0.16,114.0,予選,1800,晴,南,4,3,抜き
20150920,浜名湖,10,4,5,3346,宮本裕之,35,76,6.69,5,0.11,114.8,予選,1800,晴,南,4,3,抜き
20150920,浜名湖,10,5,3,3361,岡部浩,50,24,6.70,3,0.12,NaN,予選,1800,晴,南,4,3,抜き
20150920,浜名湖,10,6,1,2876,鈴木幸夫,51,11,6.78,1,0.17,NaN,予選,1800,晴,南,4,3,抜き
20150920,浜名湖,11,1,1,3300,川崎智幸,41,70,6.73,1,0.09,109.8,予選,1800,晴,南,3,2,逃げ
20150920,浜名湖,11,2,3,3156,金子良昭,22,33,6.75,3,0.09,111.4,予選,1800,晴,南,3,2,逃げ
20150920,浜名湖,11,3,4,3051,山口俊英,37,29,6.73,5,0.17,113.3,予選,1800,晴,南,3,2,逃げ
20150920,浜名湖,11,4,2,3282,池本輝明,15,7,6.67,2,0.10,113.8,予選,1800,晴,南,3,2,逃げ
20150920,浜名湖,11,5,5,3628,石間徹,57,40,6.74,6,0.15,NaN,予選,1800,晴,南,3,2,逃げ
20150920,浜名湖,11,6,6,3070,山室展弘,21,71,6.71,4,0.11,NaN,予選,1800,晴,南,3,2,逃げ
20150920,浜名湖,12,1,1,3304,烏野賢太,55,14,6.67,1,0.27,111.0,予選,1800,晴,南,3,2,逃げ
20150920,浜名湖,12,2,3,3158,島川光男,22,2,6.67,3,0.24,112.3,予選,1800,晴,南,3,2,逃げ
20150920,浜名湖,12,3,4,3412,鈴木博,15,56,6.71,4,0.21,113.2,予選,1800,晴,南,3,2,逃げ
20150920,浜名湖,12,4,6,3349,吉田一郎,30,15,6.73,5,0.12,113.4,予選,1800,晴,南,3,2,逃げ
20150920,浜名湖,12,5,5,3313,本吉正樹,17,35,6.71,6,0.15,NaN,予選,1800,晴,南,3,2,逃げ
20150920,浜名湖,12,6,2,3281,塚本太二郎,59,75,6.73,2,0.32,NaN,予選,1800,晴,南,3,2,逃げ
20150920,平和島,1,1,3,3566,川添英正,10,50,6.69,3,0.17,111.2,予選,1800,晴,無風,0,3,まくり
20150920,平和島,1,2,6,4880,澤崎雄哉,19,49,6.73,6,0.08,111.9,予選,1800,晴,無風,0,3,まくり
20150920,平和島,1,3,1,3601,田村勇一,51,51,6.79,1,0.36,114.4,予選,1800,晴,無風,0,3,まくり
20150920,平和島,1,4,4,4646,赤羽大樹,32,30,6.77,4,0.31,115.5,予選,1800,晴,無風,0,3,まくり
20150920,平和島,1,5,2,4176,樋口喜彦,59,31,6.70,2,0.33,NaN,予選,1800,晴,無風,0,3,まくり
20150920,平和島,1,6,5,4192,先山健司,67,47,6.77,5,0.16,NaN,予選,1800,晴,無風,0,3,まくり
20150920,平和島,2,1,2,3594,塚原武之,72,36,6.70,2,0.06,111.6,予選,1800,晴,無風,0,3,恵まれ
20150920,平和島,2,2,3,4035,杉江浩明,69,38,6.71,4,0.23,111.9,予選,1800,晴,無風,0,3,恵まれ
20150920,平和島,2,3,4,3441,土屋太朗,73,23,6.66,5,0.16,113.3,予選,1800,晴,無風,0,3,恵まれ
20150920,平和島,2,4,6,3335,小菅文隆,14,26,6.77,3,0.10,115.6,予選,1800,晴,無風,0,3,恵まれ
20150920,平和島,2,5,5,3953,志道吉和,29,25,6.80,6,0.19,NaN,予選,1800,晴,無風,0,3,恵まれ
20150920,平和島,3,1,3,4195,前川守嗣,65,44,6.69,3,0.10,110.7,予選,1800,晴,南,2,3,まくり
20150920,平和島,3,2,4,4491,田中堅,48,32,6.66,4,0.20,111.4,予選,1800,晴,南,2,3,まくり
20150920,平和島,3,3,5,3630,黒田誠司,57,52,6.72,5,0.18,114.6,予選,1800,晴,南,2,3,まくり
20150920,平和島,3,4,6,4355,小川広大,37,62,6.74,6,0.16,115.0,予選,1800,晴,南,2,3,まくり
20150920,平和島,3,5,2,4567,上村慎太郎,24,37,6.68,2,0.12,NaN,予選,1800,晴,南,2,3,まくり
20150920,平和島,3,6,1,3749,今坂勝広,23,34,6.59,1,0.11,NaN,予選,1800,晴,南,2,3,まくり
20150920,平和島,4,1,2,3983,須藤博倫,28,40,6.77,2,0.10,109.9,予選,1800,晴,南,2,3,まくり
20150920,平和島,4,2,5,3538,菊池峰晴,40,33,6.65,5,0.20,112.3,予選,1800,晴,南,2,3,まくり
20150920,平和島,4,3,3,4439,近藤友宝,50,54,6.79,3,0.24,112.9,予選,1800,晴,南,2,3,まくり
20150920,平和島,4,4,6,4760,山崎郡,74,24,6.66,6,0.24,114.0,予選,1800,晴,南,2,3,まくり
20150920,平和島,4,5,4,4027,松江秀徳,16,22,6.75,4,0.14,NaN,予選,1800,晴,南,2,3,まくり
20150920,平和島,4,6,1,3757,畑和宏,34,58,6.72,1,0.18,NaN,予選,1800,晴,南,2,3,まくり
20150920,平和島,5,1,3,3653,品川賢次,21,48,6.73,3,0.11,110.9,予選,1800,晴,南,4,3,まくり
20150920,平和島,5,2,2,3566,川添英正,10,50,6.74,2,0.18,112.2,予選,1800,晴,南,4,3,まくり
20150920,平和島,5,3,5,3159,江口晃生,31,64,6.75,5,0.11,114.0,予選,1800,晴,南,4,3,まくり
20150920,平和島,5,4,4,3575,田野邊秀樹,61,43,6.77,4,0.11,115.8,予選,1800,晴,南,4,3,まくり
20150920,平和島,5,5,6,3651,中野秀彦,25,27,6.71,6,0.17,NaN,予選,1800,晴,南,4,3,まくり
20150920,平和島,5,6,1,4143,浦田晃嗣,54,41,6.73,1,0.19,NaN,予選,1800,晴,南,4,3,まくり
20150920,平和島,6,1,2,4025,山本隆幸,52,20,6.72,2,0.20,111.0,予選,1800,晴,南,4,3,差し
20150920,平和島,6,2,4,3838,伊藤啓三,17,35,6.78,4,0.13,112.4,予選,1800,晴,南,4,3,差し
20150920,平和島,6,3,5,4676,後藤隼之,36,65,6.78,5,0.19,114.0,予選,1800,晴,南,4,3,差し
20150920,平和島,6,4,3,3963,原田秀弥,60,53,6.80,3,0.29,114.1,予選,1800,晴,南,4,3,差し
20150920,平和島,6,5,1,4035,杉江浩明,69,38,6.78,1,0.24,NaN,予選,1800,晴,南,4,3,差し
20150920,平和島,6,6,6,4192,先山健司,67,47,6.83,6,0.24,NaN,予選,1800,晴,南,4,3,差し
20150920,平和島,7,1,2,3749,今坂勝広,23,34,6.81,2,0.09,110.8,予選,1800,晴,南,2,3,差し
20150920,平和島,7,2,1,4367,山口修路,11,45,6.65,1,0.07,111.5,予選,1800,晴,南,2,3,差し
20150920,平和島,7,3,4,2841,吉田稔,49,63,6.79,4,0.16,114.1,予選,1800,晴,南,2,3,差し
20150920,平和島,7,4,6,2781,鈴木光男,33,29,6.75,5,0.15,115.3,予選,1800,晴,南,2,3,差し
20150920,平和島,7,5,3,3878,胡本悟志,44,28,6.72,3,0.08,NaN,予選,1800,晴,南,2,3,差し
20150920,平和島,7,6,5,4880,澤崎雄哉,19,49,6.76,6,0.12,NaN,予選,1800,晴,南,2,3,差し
20150920,平和島,8,1,1,4176,樋口喜彦,59,31,6.71,1,0.03,110.7,予選,1800,晴,南,3,3,逃げ
20150920,平和島,8,2,5,4298,宮下元胤,68,59,6.66,4,0.11,112.3,予選,1800,晴,南,3,3,逃げ
20150920,平和島,8,3,3,3983,須藤博倫,28,40,6.69,3,0.09,114.3,予選,1800,晴,南,3,3,逃げ
20150920,平和島,8,4,6,4491,田中堅,48,32,6.78,6,0.26,115.1,予選,1800,晴,南,3,3,逃げ
20150920,平和島,8,5,2,3823,本部真吾,70,46,6.81,2,0.12,NaN,予選,1800,晴,南,3,3,逃げ
20150920,平和島,8,6,4,4779,伊倉光,13,39,6.75,5,0.15,NaN,予選,1800,晴,南,3,3,逃げ
20150920,平和島,9,1,1,3951,石川吉鎬,20,56,6.80,1,0.21,110.6,予選,1800,晴,南,2,3,逃げ
20150920,平和島,9,2,4,3159,江口晃生,31,64,6.87,4,0.13,111.6,予選,1800,晴,南,2,3,逃げ
20150920,平和島,9,3,2,3641,一瀬明,56,55,6.81,2,0.21,112.7,予選,1800,晴,南,2,3,逃げ
20150920,平和島,9,4,3,4027,松江秀徳,16,22,6.79,3,0.18,116.2,予選,1800,晴,南,2,3,逃げ
20150920,平和島,9,5,5,4355,小川広大,37,62,6.83,5,0.16,NaN,予選,1800,晴,南,2,3,逃げ
20150920,平和島,9,6,6,3397,沖本健二,66,66,6.81,6,0.22,NaN,予選,1800,晴,南,2,3,逃げ
20150920,平和島,10,1,1,3838,伊藤啓三,17,35,6.66,1,0.14,109.7,予選,1800,晴,南,2,3,逃げ
20150920,平和島,10,2,3,4760,山崎郡,74,24,6.71,3,0.24,111.6,予選,1800,晴,南,2,3,逃げ
20150920,平和島,10,3,4,3653,品川賢次,21,48,6.65,2,0.16,112.7,予選,1800,晴,南,2,3,逃げ
20150920,平和島,10,4,6,3441,土屋太朗,73,23,6.74,5,0.22,114.1,予選,1800,晴,南,2,3,逃げ
20150920,平和島,10,5,2,4195,前川守嗣,65,44,6.69,4,0.21,NaN,予選,1800,晴,南,2,3,逃げ
20150920,平和島,10,6,5,3842,星野太郎,26,61,6.77,6,0.30,NaN,予選,1800,晴,南,2,3,逃げ
20150920,平和島,11,1,1,3963,原田秀弥,60,53,6.71,1,0.19,110.6,予選,1800,晴,南,2,3,逃げ
20150920,平和島,11,2,2,3757,畑和宏,34,58,6.67,2,0.22,111.4,予選,1800,晴,南,2,3,逃げ
20150920,平和島,11,3,4,3630,黒田誠司,57,52,6.73,4,0.19,113.0,予選,1800,晴,南,2,3,逃げ
20150920,平和島,11,4,5,4266,長田頼宗,39,21,6.68,5,0.19,113.4,予選,1800,晴,南,2,3,逃げ
20150920,平和島,11,5,6,2841,吉田稔,49,63,6.70,6,0.23,NaN,予選,1800,晴,南,2,3,逃げ
20150920,平和島,11,6,3,3953,志道吉和,29,25,6.70,3,0.27,NaN,予選,1800,晴,南,2,3,逃げ
20150920,平和島,12,1,1,4025,山本隆幸,52,20,6.77,1,0.19,110.4,一般戦,1800,晴,南,1,3,逃げ
20150920,平和島,12,2,4,4367,山口修路,11,45,6.67,5,0.20,110.9,一般戦,1800,晴,南,1,3,逃げ
20150920,平和島,12,3,6,3538,菊池峰晴,40,33,6.70,6,0.21,113.2,一般戦,1800,晴,南,1,3,逃げ
20150920,平和島,12,4,3,3823,本部真吾,70,46,6.74,3,0.26,114.8,一般戦,1800,晴,南,1,3,逃げ
20150920,平和島,12,5,2,4143,浦田晃嗣,54,41,6.73,2,0.25,NaN,一般戦,1800,晴,南,1,3,逃げ
20150920,平和島,12,6,5,3335,小菅文隆,14,26,6.73,4,0.28,NaN,一般戦,1800,晴,南,1,3,逃げ
20150920,戸田,1,1,3,4046,谷村啓司,48,46,6.88,3,0.23,110.5,予選,1800,晴,北東,1,1,差し
20150920,戸田,1,2,1,3632,江並浩一,40,59,6.84,1,0.18,112.6,予選,1800,晴,北東,1,1,差し
20150920,戸田,1,3,5,4198,沼田克彦,60,62,6.93,5,0.24,113.2,予選,1800,晴,北東,1,1,差し
20150920,戸田,1,4,2,4327,加藤翔,27,21,6.95,2,0.24,113.8,予選,1800,晴,北東,1,1,差し
20150920,戸田,1,5,6,3671,後藤博,39,28,6.97,6,0.22,NaN,予選,1800,晴,北東,1,1,差し
20150920,戸田,1,6,4,4458,抹香雄三,11,26,6.99,4,0.15,NaN,予選,1800,晴,北東,1,1,差し
20150920,戸田,2,1,1,3079,新地雅洋,20,68,6.84,1,0.17,111.1,予選,1800,晴,北東,1,1,抜き
20150920,戸田,2,2,2,3294,野中義生,36,23,6.83,2,0.15,111.8,予選,1800,晴,北東,1,1,抜き
20150920,戸田,2,3,4,4836,大谷健太,49,42,6.88,4,0.23,113.6,予選,1800,晴,北東,1,1,抜き
20150920,戸田,2,4,3,4284,山本良一,13,44,6.83,3,0.26,114.8,予選,1800,晴,北東,1,1,抜き
20150920,戸田,2,5,6,4818,伏見俊介,65,4,6.96,6,0.19,NaN,予選,1800,晴,北東,1,1,抜き
20150920,戸田,2,6,5,2843,友永明夫,10,70,6.87,5,0.17,NaN,予選,1800,晴,北東,1,1,抜き
20150920,戸田,3,1,2,3176,長谷川巌,35,38,6.95,2,0.15,110.7,予選,1800,晴,北東,2,1,差し
20150920,戸田,3,2,1,4160,浅野由将,32,12,6.85,1,0.16,111.8,予選,1800,晴,北東,2,1,差し
20150920,戸田,3,3,3,3696,白井友晴,37,67,6.94,3,0.14,112.4,予選,1800,晴,北東,2,1,差し
20150920,戸田,3,4,6,4055,吉田俊彦,24,49,7.03,6,0.23,114.3,予選,1800,晴,北東,2,1,差し
20150920,戸田,3,5,4,2974,木下繁美,28,19,6.92,4,0.16,NaN,予選,1800,晴,北東,2,1,差し
20150920,戸田,3,6,5,4111,奥田誠,50,57,6.92,5,0.21,NaN,予選,1800,晴,北東,2,1,差し
20150920,戸田,4,1,1,4031,飯島誠,54,53,6.81,1,0.15,110.1,予選,1800,晴,北西,1,1,逃げ
20150920,戸田,4,2,5,3522,長溝一生,59,39,6.95,5,0.19,112.3,予選,1800,晴,北西,1,1,逃げ
20150920,戸田,4,3,6,3909,佐々木康幸,14,66,6.90,6,0.14,113.1,予選,1800,晴,北西,1,1,逃げ
20150920,戸田,4,4,2,4332,村上彰一,12,65,6.81,2,0.14,113.5,予選,1800,晴,北西,1,1,逃げ
20150920,戸田,4,5,4,3305,小野信樹,33,71,6.90,4,0.16,NaN,予選,1800,晴,北西,1,1,逃げ
20150920,戸田,4,6,3,3980,青木義一,56,22,6.88,3,0.15,NaN,予選,1800,晴,北西,1,1,逃げ
20150920,戸田,5,1,1,4230,濱崎直矢,55,55,6.82,1,0.13,110.1,予選,1800,晴,無風,0,0,逃げ
20150920,戸田,5,2,2,3825,宮嵜隆太郎,41,34,6.87,2,0.14,111.9,予選,1800,晴,無風,0,0,逃げ
20150920,戸田,5,3,3,3885,久田武,38,45,6.85,3,0.16,113.3,予選,1800,晴,無風,0,0,逃げ
20150920,戸田,5,4,4,3233,小畑実成,30,69,6.91,4,0.15,114.3,予選,1800,晴,無風,0,0,逃げ
20150920,戸田,5,5,5,3471,赤峰和也,29,36,7.04,5,0.21,NaN,予選,1800,晴,無風,0,0,逃げ
20150920,戸田,5,6,6,3013,鈴木敏裕,53,24,6.88,6,0.29,NaN,予選,1800,晴,無風,0,0,逃げ
20150920,戸田,6,1,1,4235,進藤侑,45,13,6.79,1,0.17,110.9,予選,1800,晴,北東,3,1,逃げ
20150920,戸田,6,2,2,4036,金田諭,23,25,6.81,2,0.17,112.3,予選,1800,晴,北東,3,1,逃げ
20150920,戸田,6,3,6,3584,佐々木英樹,21,35,6.92,6,0.17,113.2,予選,1800,晴,北東,3,1,逃げ
20150920,戸田,6,4,4,4101,三井所尊春,58,14,6.85,4,0.20,115.1,予選,1800,晴,北東,3,1,逃げ
20150920,戸田,6,5,5,4194,齋藤篤,44,73,6.93,5,0.22,NaN,予選,1800,晴,北東,3,1,逃げ
20150920,戸田,6,6,3,3079,新地雅洋,20,68,6.79,3,0.20,NaN,予選,1800,晴,北東,3,1,逃げ
20150920,戸田,7,1,3,3419,栗原謙治,16,64,6.95,3,0.18,111.1,予選,1800,晴,北東,3,1,まくり
20150920,戸田,7,2,4,4284,山本良一,13,44,6.92,4,0.12,111.6,予選,1800,晴,北東,3,1,まくり
20150920,戸田,7,3,1,4061,萩原秀人,76,1,6.92,1,0.13,114.1,予選,1800,晴,北東,3,1,まくり
20150920,戸田,7,4,2,4458,抹香雄三,11,26,6.87,2,0.17,115.7,予選,1800,晴,北東,3,1,まくり
20150920,戸田,7,5,5,4648,木村亮太,34,72,6.89,5,0.07,NaN,予選,1800,晴,北東,3,1,まくり
20150920,戸田,7,6,6,4859,染川直哉,42,40,6.83,6,0.04,NaN,予選,1800,晴,北東,3,1,まくり
20150920,戸田,8,1,2,4063,市橋卓士,18,56,6.86,2,0.18,110.7,予選,1800,晴,北東,3,1,差し
20150920,戸田,8,2,1,3507,藤井徹,43,60,6.85,1,0.19,112.3,予選,1800,晴,北東,3,1,差し
20150920,戸田,8,3,5,3696,白井友晴,37,67,6.93,3,0.16,113.4,予選,1800,晴,北東,3,1,差し
20150920,戸田,8,4,6,3980,青木義一,56,22,6.91,4,0.16,116.1,予選,1800,晴,北東,3,1,差し
20150920,戸田,8,5,4,2843,友永明夫,10,70,6.87,6,0.26,NaN,予選,1800,晴,北東,3,1,差し
20150920,戸田,8,6,3,4423,坂口貴彦,31,29,6.91,5,0.22,NaN,予選,1800,晴,北東,3,1,差し
20150920,戸田,9,1,1,4303,牧原崇,22,7,6.90,1,0.09,109.3,予選,1800,晴,東,2,1,逃げ
20150920,戸田,9,2,6,3233,小畑実成,30,69,6.88,5,0.19,111.7,予選,1800,晴,東,2,1,逃げ
20150920,戸田,9,3,2,4031,飯島誠,54,53,6.85,2,0.15,112.0,予選,1800,晴,東,2,1,逃げ
20150920,戸田,9,4,4,4055,吉田俊彦,24,49,6.94,4,0.19,114.7,予選,1800,晴,東,2,1,逃げ
20150920,戸田,9,5,5,4122,安東幸治,44,8,6.92,6,0.25,NaN,予選,1800,晴,東,2,1,逃げ
20150920,戸田,9,6,3,3294,野中義生,36,23,6.88,3,0.15,NaN,予選,1800,晴,東,2,1,逃げ
20150920,戸田,10,1,3,4111,奥田誠,50,57,6.80,3,0.16,110.8,一般戦,1800,晴,北東,1,1,まくり
20150920,戸田,10,2,5,3885,久田武,38,45,6.85,5,0.25,112.1,一般戦,1800,晴,北東,1,1,まくり
20150920,戸田,10,3,1,4036,金田諭,23,25,6.82,1,0.15,113.7,一般戦,1800,晴,北東,1,1,まくり
20150920,戸田,10,4,4,3909,佐々木康幸,14,66,6.83,4,0.14,114.2,一般戦,1800,晴,北東,1,1,まくり
20150920,戸田,10,5,2,4578,藤山雅弘,26,30,6.92,2,0.21,NaN,一般戦,1800,晴,北東,1,1,まくり
20150920,戸田,10,6,6,3673,小林享,11,5,6.89,6,0.23,NaN,一般戦,1800,晴,北東,1,1,まくり
20150920,戸田,11,1,1,3577,向所浩二,57,20,6.81,1,0.20,109.4,一般戦,1800,晴,北東,1,1,逃げ
20150920,戸田,11,2,5,4101,三井所尊春,58,14,6.81,5,0.20,112.5,一般戦,1800,晴,北東,1,1,逃げ
20150920,戸田,11,3,2,4061,萩原秀人,76,1,6.94,2,0.18,113.2,一般戦,1800,晴,北東,1,1,逃げ
20150920,戸田,11,4,3,3013,鈴木敏裕,53,24,6.91,3,0.18,114.2,一般戦,1800,晴,北東,1,1,逃げ
20150920,戸田,11,5,6,3305,小野信樹,33,71,6.89,6,0.21,NaN,一般戦,1800,晴,北東,1,1,逃げ
20150920,戸田,11,6,4,4160,浅野由将,32,12,6.94,4,0.27,NaN,一般戦,1800,晴,北東,1,1,逃げ
20150920,戸田,12,1,1,4063,市橋卓士,18,56,6.76,1,0.11,110.7,一般戦,1800,晴,東,3,1,逃げ
20150920,戸田,12,2,4,3584,佐々木英樹,21,35,6.84,4,0.16,112.5,一般戦,1800,晴,東,3,1,逃げ
20150920,戸田,12,3,5,3419,栗原謙治,16,64,6.84,5,0.23,113.4,一般戦,1800,晴,東,3,1,逃げ
20150920,戸田,12,4,6,2974,木下繁美,28,19,6.85,6,0.24,115.1,一般戦,1800,晴,東,3,1,逃げ
20150920,戸田,12,5,2,4230,濱崎直矢,55,55,6.87,2,0.13,NaN,一般戦,1800,晴,東,3,1,逃げ
20150920,戸田,12,6,3,3522,長溝一生,59,39,6.88,3,0.14,NaN,一般戦,1800,晴,東,3,1,逃げ
20150920,桐生,1,1,5,3952,中澤和志,64,33,6.72,5,0.12,111.9,一般戦,1800,晴,南東,3,3,まくり
20150920,桐生,1,2,6,4645,上村純一,33,72,6.70,6,0.15,113.5,一般戦,1800,晴,南東,3,3,まくり
20150920,桐生,1,3,1,3527,中嶋誠一郎,63,73,6.72,1,0.21,115.0,一般戦,1800,晴,南東,3,3,まくり
20150920,桐生,1,4,3,3737,上平真二,48,42,6.77,3,0.19,116.5,一般戦,1800,晴,南東,3,3,まくり
20150920,桐生,1,5,4,4362,土屋智則,42,16,6.77,4,0.20,118.7,一般戦,1800,晴,南東,3,3,まくり
20150920,桐生,1,6,2,3942,寺田祥,75,45,6.75,2,0.22,122.2,一般戦,1800,晴,南東,3,3,まくり
20150920,桐生,2,1,1,3256,三角哲男,44,19,6.68,1,0.23,109.7,一般戦,1800,晴,南東,4,3,逃げ
20150920,桐生,2,2,2,3996,秋山直之,25,74,6.72,2,0.24,111.1,一般戦,1800,晴,南東,4,3,逃げ
20150920,桐生,2,3,3,3679,飯島昌弘,59,49,6.80,3,0.19,113.0,一般戦,1800,晴,南東,4,3,逃げ
20150920,桐生,2,4,5,3777,樋口亮,54,29,6.69,5,0.21,114.2,一般戦,1800,晴,南東,4,3,逃げ
20150920,桐生,2,5,4,3543,福田雅一,47,25,6.69,4,0.20,115.1,一般戦,1800,晴,南東,4,3,逃げ
20150920,桐生,2,6,6,2942,瀬尾達也,70,58,6.71,6,0.18,116.5,一般戦,1800,晴,南東,4,3,逃げ
20150920,桐生,3,1,2,3941,池田浩二,58,67,6.70,2,0.13,110.5,一般戦,1800,晴,北東,2,1,まくり
20150920,桐生,3,2,3,4136,江夏満,68,68,6.74,3,0.07,112.1,一般戦,1800,晴,北東,2,1,まくり
20150920,桐生,3,3,4,4189,川上剛,35,51,6.68,4,0.12,112.1,一般戦,1800,晴,北東,2,1,まくり
20150920,桐生,3,4,6,4075,中野次郎,72,66,6.69,6,0.14,113.8,一般戦,1800,晴,北東,2,1,まくり
20150920,桐生,3,5,5,3558,山本浩次,62,28,6.74,5,0.12,115.8,一般戦,1800,晴,北東,2,1,まくり
20150920,桐生,3,6,1,4201,佐竹友樹,74,63,6.74,1,0.24,117.0,一般戦,1800,晴,北東,2,1,まくり
20150920,桐生,4,1,4,3960,菊地孝平,23,70,6.67,4,0.19,109.5,一般戦,1800,晴,東,3,2,まくり差し
20150920,桐生,4,2,1,3568,木村光宏,22,31,6.70,1,0.20,112.2,一般戦,1800,晴,東,3,2,まくり差し
20150920,桐生,4,3,3,4042,丸岡正典,36,50,6.69,3,0.15,113.0,一般戦,1800,晴,東,3,2,まくり差し
20150920,桐生,4,4,5,3436,柏野幸二,27,61,6.72,5,0.17,113.6,一般戦,1800,晴,東,3,2,まくり差し
20150920,桐生,4,5,2,4254,川島圭司,51,38,6.67,2,0.13,116.2,一般戦,1800,晴,東,3,2,まくり差し
20150920,桐生,4,6,6,3612,馬袋義則,66,27,6.73,6,0.16,118.4,一般戦,1800,晴,東,3,2,まくり差し
20150920,桐生,5,1,4,3716,石渡鉄兵,31,64,6.69,4,0.11,111.1,一般戦,1800,晴,南東,2,2,まくり
20150920,桐生,5,2,6,4052,興津藍,40,44,6.68,6,0.10,111.8,一般戦,1800,晴,南東,2,2,まくり
20150920,桐生,5,3,5,3897,白井英治,55,65,6.71,5,0.25,113.2,一般戦,1800,晴,南東,2,2,まくり
20150920,桐生,5,4,1,3422,服部幸男,14,48,6.71,1,0.23,114.7,一般戦,1800,晴,南東,2,2,まくり
20150920,桐生,5,5,3,3573,前本泰和,13,24,6.69,2,0.25,115.7,一般戦,1800,晴,南東,2,2,まくり
20150920,桐生,5,6,2,3795,金子龍介,50,20,6.76,3,0.21,118.1,一般戦,1800,晴,南東,2,2,まくり
20150920,桐生,6,1,2,3622,山崎智也,45,34,6.75,2,0.11,110.1,一般戦,1800,晴,東,2,1,差し
20150920,桐生,6,2,1,3543,福田雅一,47,25,6.70,1,0.13,111.2,一般戦,1800,晴,東,2,1,差し
20150920,桐生,6,3,3,4024,井口佳典,53,14,6.74,3,0.12,112.6,一般戦,1800,晴,東,2,1,差し
20150920,桐生,6,4,5,3813,佐藤大介,52,21,6.78,5,0.15,113.6,一般戦,1800,晴,東,2,1,差し
20150920,桐生,6,5,4,4218,吉川喜継,24,18,6.77,4,0.14,114.9,一般戦,1800,晴,東,2,1,差し
20150920,桐生,6,6,6,3955,眞田英二,11,60,6.72,6,0.15,117.7,一般戦,1800,晴,東,2,1,差し
20150920,桐生,7,1,1,3590,濱野谷憲吾,26,22,6.73,1,0.10,110.3,一般戦,1800,曇り,北,1,1,逃げ
20150920,桐生,7,2,2,4278,藤岡俊介,12,23,6.75,2,0.09,111.2,一般戦,1800,曇り,北,1,1,逃げ
20150920,桐生,7,3,4,4150,山田雄太,39,59,6.70,4,0.18,112.1,一般戦,1800,曇り,北,1,1,逃げ
20150920,桐生,7,4,3,3777,樋口亮,54,29,6.71,3,0.34,114.6,一般戦,1800,曇り,北,1,1,逃げ
20150920,桐生,7,5,6,4311,岡村仁,20,62,6.73,6,0.26,115.5,一般戦,1800,曇り,北,1,1,逃げ
20150920,桐生,7,6,5,4136,江夏満,68,68,6.76,5,0.23,116.0,一般戦,1800,曇り,北,1,1,逃げ
20150920,桐生,8,1,2,4166,吉田拡郎,34,15,6.71,2,0.09,110.7,一般戦,1800,曇り,北,1,1,差し
20150920,桐生,8,2,4,4254,川島圭司,51,38,6.71,4,0.11,112.2,一般戦,1800,曇り,北,1,1,差し
20150920,桐生,8,3,1,3679,飯島昌弘,59,49,6.76,1,0.15,114.5,一般戦,1800,曇り,北,1,1,差し
20150920,桐生,8,4,3,4189,川上剛,35,51,6.69,3,0.16,115.1,一般戦,1800,曇り,北,1,1,差し
20150920,桐生,8,5,5,3719,辻栄蔵,56,32,6.79,5,0.14,115.7,一般戦,1800,曇り,北,1,1,差し
20150920,桐生,8,6,6,4049,高沖健太,60,46,6.78,6,0.16,118.0,一般戦,1800,曇り,北,1,1,差し
20150920,桐生,9,1,3,3946,赤岩善生,37,52,6.80,3,0.16,110.3,一般戦,1800,曇り,北,1,1,まくり差し
20150920,桐生,9,2,5,4042,丸岡正典,36,50,6.71,5,0.10,111.4,一般戦,1800,曇り,北,1,1,まくり差し
20150920,桐生,9,3,4,4237,大峯豊,30,30,6.72,4,0.17,113.1,一般戦,1800,曇り,北,1,1,まくり差し
20150920,桐生,9,4,1,3716,石渡鉄兵,31,64,6.78,1,0.20,114.4,一般戦,1800,曇り,北,1,1,まくり差し
20150920,桐生,9,5,2,3623,深川真二,71,36,6.77,2,0.17,115.5,一般戦,1800,曇り,北,1,1,まくり差し
20150920,桐生,9,6,6,3558,山本浩次,62,28,6.75,6,0.12,117.2,一般戦,1800,曇り,北,1,1,まくり差し
20150920,桐生,10,1,1,4075,中野次郎,72,66,6.68,1,0.06,110.4,一般戦,1800,曇り,北,1,1,逃げ
20150920,桐生,10,2,4,3622,山崎智也,45,34,6.79,4,0.11,111.2,一般戦,1800,曇り,北,1,1,逃げ
20150920,桐生,10,3,5,3996,秋山直之,25,74,6.78,5,0.15,112.7,一般戦,1800,曇り,北,1,1,逃げ
20150920,桐生,10,4,3,4278,藤岡俊介,12,23,6.76,3,0.07,113.1,一般戦,1800,曇り,北,1,1,逃げ
20150920,桐生,10,5,2,3568,木村光宏,22,31,6.67,2,0.12,114.9,一般戦,1800,曇り,北,1,1,逃げ
20150920,桐生,10,6,6,3422,服部幸男,14,48,6.80,6,0.08,115.9,一般戦,1800,曇り,北,1,1,逃げ
20150920,桐生,11,1,1,3897,白井英治,55,65,6.75,1,0.13,110.1,一般戦,1800,曇り,北,2,1,逃げ
20150920,桐生,11,2,3,3941,池田浩二,58,67,6.76,3,0.12,111.0,一般戦,1800,曇り,北,2,1,逃げ
20150920,桐生,11,3,2,3960,菊地孝平,23,70,6.58,2,0.11,112.2,一般戦,1800,曇り,北,2,1,逃げ
20150920,桐生,11,4,6,3590,濱野谷憲吾,26,22,6.81,6,0.18,114.0,一般戦,1800,曇り,北,2,1,逃げ
20150920,桐生,11,5,5,4166,吉田拡郎,34,15,6.70,5,0.17,114.8,一般戦,1800,曇り,北,2,1,逃げ
20150920,桐生,11,6,4,4024,井口佳典,53,14,6.64,4,0.29,116.2,一般戦,1800,曇り,北,2,1,逃げ
20150920,桐生,12,1,1,4238,毒島誠,15,17,6.68,1,0.14,108.7,優勝戦,1800,曇り,北,1,1,逃げ
20150920,桐生,12,2,4,4320,峰竜太,32,57,6.72,4,0.12,110.7,優勝戦,1800,曇り,北,1,1,逃げ
20150920,桐生,12,3,2,3783,瓜生正義,38,54,6.70,2,0.17,112.1,優勝戦,1800,曇り,北,1,1,逃げ
20150920,桐生,12,4,3,3978,齊藤仁,41,43,6.74,3,0.13,113.5,優勝戦,1800,曇り,北,1,1,逃げ
20150920,桐生,12,5,6,4188,久田敏之,18,53,6.66,6,0.16,113.9,優勝戦,1800,曇り,北,1,1,逃げ
20150920,桐生,12,6,5,3406,中里英夫,28,47,6.73,5,0.16,116.3,優勝戦,1800,曇り,北,1,1,逃げ
