Date,Round,会場,艇番,選手登番,選手名,年齢,支部,体重,級別,全国勝率,全国２連率,当地勝率,当地２連率,モーター２連率,ボート２連率
20151016,1,大村,1,3618,海野ゆか,41,広島,45,A1,5.63,40.32,6.94,50.00,33.77,40.00
20151016,1,大村,2,4275,菅野はや,33,広島,51,B1,4.01,17.95,4.33,13.33,27.27,36.21
20151016,1,大村,3,4730,土屋実沙,26,静岡,45,B1,4.95,23.44,3.19,18.75,34.67,31.75
20151016,1,大村,4,3693,栢場優子,44,東京,43,B1,4.87,24.49,4.83,16.67,38.19,35.00
20151016,1,大村,5,4744,伊藤玲奈,23,福岡,44,B1,3.25,9.64,2.16,0.00,33.11,37.93
20151016,1,大村,6,4854,大橋由珠,20,東京,49,B2,2.04,3.70,0.00,0.00,35.97,33.87
20151016,2,大村,1,4399,松本晶恵,28,群馬,47,A1,6.99,55.04,6.34,48.78,35.46,34.38
20151016,2,大村,2,3486,渋田治代,49,福岡,48,B1,4.38,26.76,4.18,25.00,45.00,47.14
20151016,2,大村,3,4244,鈴木成美,28,静岡,44,B1,5.24,35.79,4.72,22.22,37.16,47.62
20151016,2,大村,4,4499,滝川真由,28,長崎,45,B1,6.29,44.76,5.49,39.77,35.25,35.09
20151016,2,大村,5,3932,池田浩美,39,静岡,51,B1,5.71,46.51,6.46,50.00,37.32,45.16
20151016,2,大村,6,4738,清埜翔子,24,埼玉,54,B1,3.14,11.86,1.44,0.00,39.04,37.10
20151016,3,大村,1,3128,鳥居智恵,52,福岡,46,B1,3.67,15.91,3.00,12.50,31.21,31.75
20151016,3,大村,2,3302,谷川里江,48,愛知,46,A1,6.69,48.72,7.15,55.56,33.57,68.85
20151016,3,大村,3,3650,太田雅美,42,佐賀,48,B1,3.99,24.36,4.03,28.13,30.50,36.67
20151016,3,大村,4,3704,本部めぐ,41,三重,47,B1,5.23,28.57,4.00,20.00,38.00,32.76
20151016,3,大村,5,4347,魚谷香織,30,福岡,45,A1,6.47,46.10,5.46,35.14,28.57,30.36
20151016,3,大村,6,3139,松尾美和,55,長崎,49,B1,3.52,11.94,3.71,12.73,32.19,38.71
20151016,4,大村,1,4208,三浦永理,32,静岡,47,A2,7.73,66.67,7.46,57.69,37.32,45.90
20151016,4,大村,2,4317,木村沙友,31,静岡,49,B1,4.30,22.41,3.88,16.67,38.30,32.81
20151016,4,大村,3,3845,中谷朋子,39,兵庫,46,A1,6.32,47.37,6.50,41.67,40.00,42.11
20151016,4,大村,4,3802,森岡真希,41,岡山,47,A2,5.33,36.29,5.00,44.44,39.44,37.29
20151016,4,大村,5,3355,橋谷田佳,47,東京,42,B1,4.61,20.00,0.00,0.00,32.65,38.71
20151016,4,大村,6,3169,松堂留美,52,東京,45,B1,4.42,18.18,2.44,0.00,33.33,41.18
20151016,5,大村,1,3232,山川美由,48,香川,47,A1,6.74,51.38,7.33,66.67,37.93,32.76
20151016,5,大村,2,3551,藤田美代,44,福岡,44,B1,4.70,22.22,4.17,33.33,25.38,33.96
20151016,5,大村,3,3225,松村昌子,50,東京,50,B1,3.82,16.67,0.00,0.00,45.39,32.26
20151016,5,大村,4,4611,今井美亜,25,福井,44,A2,5.64,39.66,5.47,37.50,46.00,33.87
20151016,5,大村,5,3943,三松直美,36,岡山,59,B1,4.25,20.24,4.62,21.15,33.56,34.92
20151016,5,大村,6,4744,伊藤玲奈,23,福岡,44,B1,3.25,9.64,2.16,0.00,33.11,37.93
20151016,6,大村,1,3486,渋田治代,49,福岡,48,B1,4.38,26.76,4.18,25.00,45.00,47.14
20151016,6,大村,2,3693,栢場優子,44,東京,43,B1,4.87,24.49,4.83,16.67,38.19,35.00
20151016,6,大村,3,3993,永井聖美,36,東京,49,A1,7.27,57.78,6.33,47.62,37.16,31.67
20151016,6,大村,4,3611,岩崎芳美,43,徳島,47,A2,6.28,45.56,6.15,38.46,36.88,47.54
20151016,6,大村,5,4605,森世里,27,滋賀,61,B1,3.69,14.29,3.76,17.65,40.29,31.58
20151016,6,大村,6,3518,倉田郁美,47,静岡,48,A2,5.60,36.67,7.90,70.00,31.97,36.92
20151016,7,大村,1,4499,滝川真由,28,長崎,45,B1,6.29,44.76,5.49,39.77,35.25,35.09
20151016,7,大村,2,3177,宮本紀美,51,東京,48,B1,4.55,17.53,4.89,26.32,28.08,33.33
20151016,7,大村,3,3139,松尾美和,55,長崎,49,B1,3.52,11.94,3.71,12.73,32.19,38.71
20151016,7,大村,4,4088,野田祥子,35,長崎,47,B1,3.88,17.65,3.31,10.26,54.86,37.50
20151016,7,大村,5,3175,渡辺千草,51,東京,47,B1,5.55,33.68,5.53,35.29,41.10,38.98
20151016,7,大村,6,4730,土屋実沙,26,静岡,45,B1,4.95,23.44,3.19,18.75,34.67,31.75
20151016,8,大村,1,3289,高橋淳美,52,大阪,46,B1,5.75,41.53,5.34,31.43,52.78,38.33
20151016,8,大村,2,3470,新田芳美,45,徳島,46,A1,5.90,41.10,6.20,50.00,25.66,36.07
20151016,8,大村,3,3704,本部めぐ,41,三重,47,B1,5.23,28.57,4.00,20.00,38.00,32.76
20151016,8,大村,4,4317,木村沙友,31,静岡,49,B1,4.30,22.41,3.88,16.67,38.30,32.81
20151016,8,大村,5,3871,池田紫乃,39,長崎,45,A2,5.55,37.17,5.74,34.04,30.43,31.75
20151016,8,大村,6,3117,長田光子,54,東京,49,B1,3.55,11.90,4.56,11.11,44.59,37.93
20151016,9,大村,1,3298,定野久恵,48,静岡,48,B1,4.52,19.57,4.90,20.00,37.32,41.38
20151016,9,大村,2,3676,八島貴美,42,佐賀,48,B2,3.54,8.00,3.09,17.39,28.06,39.34
20151016,9,大村,3,3188,日高逸子,54,福岡,48,A1,6.75,49.04,6.95,45.45,33.33,36.07
20151016,9,大村,4,4347,魚谷香織,30,福岡,45,A1,6.47,46.10,5.46,35.14,28.57,30.36
20151016,9,大村,5,4244,鈴木成美,28,静岡,44,B1,5.24,35.79,4.72,22.22,37.16,47.62
20151016,9,大村,6,4854,大橋由珠,20,東京,49,B2,2.04,3.70,0.00,0.00,35.97,33.87
20151016,10,大村,1,3993,永井聖美,36,東京,49,A1,7.27,57.78,6.33,47.62,37.16,31.67
20151016,10,大村,2,3128,鳥居智恵,52,福岡,46,B1,3.67,15.91,3.00,12.50,31.21,31.75
20151016,10,大村,3,3618,海野ゆか,41,広島,45,A1,5.63,40.32,6.94,50.00,33.77,40.00
20151016,10,大村,4,4208,三浦永理,32,静岡,47,A2,7.73,66.67,7.46,57.69,37.32,45.90
20151016,10,大村,5,3604,武藤綾子,45,福岡,48,B1,4.83,22.14,5.83,41.67,36.62,34.43
20151016,10,大村,6,3175,渡辺千草,51,東京,47,B1,5.55,33.68,5.53,35.29,41.10,38.98
20151016,11,大村,1,3302,谷川里江,48,愛知,46,A1,6.69,48.72,7.15,55.56,33.57,68.85
20151016,11,大村,2,3232,山川美由,48,香川,47,A1,6.74,51.38,7.33,66.67,37.93,32.76
20151016,11,大村,3,3470,新田芳美,45,徳島,46,A1,5.90,41.10,6.20,50.00,25.66,36.07
20151016,11,大村,4,3932,池田浩美,39,静岡,51,B1,5.71,46.51,6.46,50.00,37.32,45.16
20151016,11,大村,5,3611,岩崎芳美,43,徳島,47,A2,6.28,45.56,6.15,38.46,36.88,47.54
20151016,11,大村,6,3802,森岡真希,41,岡山,47,A2,5.33,36.29,5.00,44.44,39.44,37.29
20151016,12,大村,1,3188,日高逸子,54,福岡,48,A1,6.75,49.04,6.95,45.45,33.33,36.07
20151016,12,大村,2,3845,中谷朋子,39,兵庫,46,A1,6.32,47.37,6.50,41.67,40.00,42.11
20151016,12,大村,3,3871,池田紫乃,39,長崎,45,A2,5.55,37.17,5.74,34.04,30.43,31.75
20151016,12,大村,4,4399,松本晶恵,28,群馬,47,A1,6.99,55.04,6.34,48.78,35.46,34.38
20151016,12,大村,5,3518,倉田郁美,47,静岡,48,A2,5.60,36.67,7.90,70.00,31.97,36.92
20151016,12,大村,6,4611,今井美亜,25,福井,44,A2,5.64,39.66,5.47,37.50,46.00,33.87
20151016,1,唐津,1,3811,石田章央,39,静岡,53,A1,6.47,48.85,6.89,55.56,64.00,28.69
20151016,1,唐津,2,3569,増田進,44,東京,52,B1,4.29,18.95,4.72,20.00,52.08,35.19
20151016,1,唐津,3,2844,田中伸二,58,広島,51,B1,5.19,35.71,5.37,32.61,37.25,36.45
20151016,1,唐津,4,4718,北川太一,22,佐賀,49,B1,5.17,31.58,4.89,30.43,24.00,37.60
20151016,1,唐津,5,4091,荒田泰明,34,埼玉,54,B1,5.04,27.78,4.83,25.00,20.83,30.51
20151016,1,唐津,6,3336,遠藤晃司,51,東京,53,B1,5.14,33.33,4.80,30.00,33.33,36.29
20151016,2,唐津,1,3838,伊藤啓三,40,埼玉,51,A2,6.46,47.47,7.20,62.50,30.23,42.62
20151016,2,唐津,2,4042,丸岡正典,36,大阪,51,A1,7.48,57.55,6.95,36.84,52.00,35.90
20151016,2,唐津,3,3273,石田豪,49,広島,50,B1,5.42,31.96,4.78,22.22,37.93,28.00
20151016,2,唐津,4,3949,今出晋二,39,岡山,57,B1,5.31,34.34,3.13,25.00,35.42,26.09
20151016,2,唐津,5,4436,渋谷明憲,29,大阪,52,B1,4.76,26.67,4.63,25.93,25.93,16.95
20151016,2,唐津,6,2997,池上正浩,53,岡山,49,B1,4.59,22.22,4.76,30.30,38.18,29.25
20151016,3,唐津,1,3379,打越晶,47,福岡,53,A1,6.34,47.46,6.79,50.00,45.10,36.84
20151016,3,唐津,2,3277,齋藤勇,49,東京,51,B1,5.16,31.82,5.65,35.29,45.76,36.61
20151016,3,唐津,3,4643,近江翔吾,22,香川,52,A2,5.80,40.63,5.31,31.43,34.69,24.79
20151016,3,唐津,4,4401,小林泰,30,東京,54,B1,5.43,34.62,5.81,44.44,22.45,47.20
20151016,3,唐津,5,3722,西村秀樹,45,福岡,50,B1,4.62,22.62,4.82,29.41,33.33,35.51
20151016,3,唐津,6,3729,松田英数,43,佐賀,55,B1,4.84,22.77,4.80,28.95,31.25,39.37
20151016,4,唐津,1,4559,西川昌希,25,三重,51,A1,5.58,36.36,6.14,42.86,31.91,30.40
20151016,4,唐津,2,4355,小川広大,31,福岡,56,B1,4.74,18.82,4.24,17.65,48.98,40.87
20151016,4,唐津,3,4521,小池公生,28,福岡,50,B1,6.22,47.76,5.21,41.03,36.73,40.87
20151016,4,唐津,4,4288,永田啓二,31,福岡,53,A1,5.97,39.44,6.62,58.62,39.22,34.68
20151016,4,唐津,5,3508,久富政弘,44,佐賀,54,B1,4.74,26.14,5.28,30.61,36.17,30.00
20151016,4,唐津,6,3161,古場輝義,55,大阪,53,A2,5.34,29.85,4.85,23.08,44.90,30.00
20151016,5,唐津,1,3501,川上昇平,46,長崎,53,A2,6.44,46.90,6.72,58.62,20.83,28.21
20151016,5,唐津,2,4498,宮本夏樹,28,長崎,51,A2,4.71,25.81,5.17,33.33,38.78,34.51
20151016,5,唐津,3,4091,荒田泰明,34,埼玉,54,B1,5.04,27.78,4.83,25.00,20.83,30.51
20151016,5,唐津,4,4500,山田康二,27,佐賀,52,A1,7.03,53.54,6.88,56.47,33.33,29.41
20151016,5,唐津,5,4656,大崎翔,28,兵庫,53,B1,5.28,38.46,3.38,18.75,46.00,28.07
20151016,5,唐津,6,4477,篠崎仁志,27,福岡,54,A1,7.32,50.00,7.17,61.11,56.25,33.33
20151016,6,唐津,1,3948,大町利克,39,大阪,54,B1,4.61,22.22,6.00,28.57,40.82,35.25
20151016,6,唐津,2,3273,石田豪,49,広島,50,B1,5.42,31.96,4.78,22.22,37.93,28.00
20151016,6,唐津,3,3832,下田哲也,41,香川,52,A2,5.42,32.14,5.17,36.67,45.61,33.62
20151016,6,唐津,4,3908,重成一人,37,香川,55,A1,7.23,51.94,7.57,73.33,38.78,32.23
20151016,6,唐津,5,3336,遠藤晃司,51,東京,53,B1,5.14,33.33,4.80,30.00,33.33,36.29
20151016,6,唐津,6,3349,吉田一郎,47,長崎,50,A2,6.92,52.10,6.06,50.00,33.33,23.93
20151016,7,唐津,1,3277,齋藤勇,49,東京,51,B1,5.16,31.82,5.65,35.29,45.76,36.61
20151016,7,唐津,2,3578,塩田雄一,42,香川,49,B1,5.63,34.62,6.55,45.45,25.53,33.60
20151016,7,唐津,3,2997,池上正浩,53,岡山,49,B1,4.59,22.22,4.76,30.30,38.18,29.25
20151016,7,唐津,4,3940,飯山泰,37,東京,51,A1,6.89,57.25,7.09,50.00,41.18,37.29
20151016,7,唐津,5,3422,服部幸男,44,静岡,54,A1,6.26,40.20,7.29,66.67,55.10,37.10
20151016,7,唐津,6,4351,里岡右貴,29,福岡,53,A2,6.10,43.41,6.79,53.57,31.37,28.43
20151016,8,唐津,1,4718,北川太一,22,佐賀,49,B1,5.17,31.58,4.89,30.43,24.00,37.60
20151016,8,唐津,2,4521,小池公生,28,福岡,50,B1,6.22,47.76,5.21,41.03,36.73,40.87
20151016,8,唐津,3,3729,松田英数,43,佐賀,55,B1,4.84,22.77,4.80,28.95,31.25,39.37
20151016,8,唐津,4,4506,稗田聖也,27,福岡,50,B1,5.69,42.06,5.10,26.53,33.33,25.00
20151016,8,唐津,5,4448,青木玄太,28,滋賀,49,A1,6.75,52.07,5.79,39.29,29.17,26.83
20151016,8,唐津,6,4038,田中健太,36,岡山,54,B1,4.71,26.25,3.75,12.50,31.91,25.62
20151016,9,唐津,1,3569,増田進,44,東京,52,B1,4.29,18.95,4.72,20.00,52.08,35.19
20151016,9,唐津,2,4288,永田啓二,31,福岡,53,A1,5.97,39.44,6.62,58.62,39.22,34.68
20151016,9,唐津,3,3379,打越晶,47,福岡,53,A1,6.34,47.46,6.79,50.00,45.10,36.84
20151016,9,唐津,4,4498,宮本夏樹,28,長崎,51,A2,4.71,25.81,5.17,33.33,38.78,34.51
20151016,9,唐津,5,3362,間嶋仁志,46,三重,53,A2,6.25,47.52,7.90,80.00,18.00,41.18
20151016,9,唐津,6,4436,渋谷明憲,29,大阪,52,B1,4.76,26.67,4.63,25.93,25.93,16.95
20151016,10,唐津,1,4355,小川広大,31,福岡,56,B1,4.74,18.82,4.24,17.65,48.98,40.87
20151016,10,唐津,2,3965,北中元樹,36,滋賀,58,A2,5.90,44.64,3.00,11.76,41.38,29.75
20151016,10,唐津,3,3948,大町利克,39,大阪,54,B1,4.61,22.22,6.00,28.57,40.82,35.25
20151016,10,唐津,4,4042,丸岡正典,36,大阪,51,A1,7.48,57.55,6.95,36.84,52.00,35.90
20151016,10,唐津,5,4500,山田康二,27,佐賀,52,A1,7.03,53.54,6.88,56.47,33.33,29.41
20151016,10,唐津,6,3522,長溝一生,47,佐賀,51,A1,5.93,43.41,6.99,56.86,34.78,30.83
20151016,11,唐津,1,3949,今出晋二,39,岡山,57,B1,5.31,34.34,3.13,25.00,35.42,26.09
20151016,11,唐津,2,4559,西川昌希,25,三重,51,A1,5.58,36.36,6.14,42.86,31.91,30.40
20151016,11,唐津,3,3811,石田章央,39,静岡,53,A1,6.47,48.85,6.89,55.56,64.00,28.69
20151016,11,唐津,4,4351,里岡右貴,29,福岡,53,A2,6.10,43.41,6.79,53.57,31.37,28.43
20151016,11,唐津,5,4401,小林泰,30,東京,54,B1,5.43,34.62,5.81,44.44,22.45,47.20
20151016,11,唐津,6,3832,下田哲也,41,香川,52,A2,5.42,32.14,5.17,36.67,45.61,33.62
20151016,12,唐津,1,3908,重成一人,37,香川,55,A1,7.23,51.94,7.57,73.33,38.78,32.23
20151016,12,唐津,2,3940,飯山泰,37,東京,51,A1,6.89,57.25,7.09,50.00,41.18,37.29
20151016,12,唐津,3,3161,古場輝義,55,大阪,53,A2,5.34,29.85,4.85,23.08,44.90,30.00
20151016,12,唐津,4,4656,大崎翔,28,兵庫,53,B1,5.28,38.46,3.38,18.75,46.00,28.07
20151016,12,唐津,5,4506,稗田聖也,27,福岡,50,B1,5.69,42.06,5.10,26.53,33.33,25.00
20151016,12,唐津,6,4643,近江翔吾,22,香川,52,A2,5.80,40.63,5.31,31.43,34.69,24.79
20151016,1,福岡,1,4164,岩永節也,33,長崎,55,B1,4.25,16.09,3.76,19.05,33.98,33.73
20151016,1,福岡,2,4816,村松修二,24,広島,55,B1,4.31,27.42,0.00,0.00,30.67,31.08
20151016,1,福岡,3,3947,寺本昇平,39,群馬,47,A2,5.80,43.85,6.18,45.45,26.76,30.49
20151016,1,福岡,4,4516,野口勝弘,28,愛知,54,B1,4.64,22.68,4.68,31.58,28.83,40.63
20151016,1,福岡,5,3141,山来和人,53,東京,54,A2,4.94,32.35,3.44,18.75,29.87,42.68
20151016,1,福岡,6,4217,栩本佑介,34,福岡,53,B2,3.00,8.93,3.86,19.61,34.51,34.15
20151016,2,福岡,1,4759,今泉友吾,25,東京,50,A2,5.32,29.23,0.00,0.00,36.36,26.47
20151016,2,福岡,2,4603,谷川将太,27,長崎,51,B2,3.99,13.24,3.75,14.29,26.32,23.38
20151016,2,福岡,3,4325,新出浩司,32,大阪,50,B1,4.69,29.67,3.56,11.11,16.39,40.24
20151016,2,福岡,4,2841,吉田稔,58,群馬,52,A2,5.07,31.78,6.00,44.44,26.09,27.27
20151016,2,福岡,5,4638,小林遼太,24,福岡,53,B1,5.15,31.63,5.39,32.12,33.72,25.37
20151016,2,福岡,6,3492,山下和彦,47,香川,52,B1,3.70,17.19,3.59,9.09,30.00,33.80
20151016,3,福岡,1,4562,阪本勇介,27,岡山,53,B1,5.08,32.26,4.60,30.00,41.30,32.89
20151016,3,福岡,2,3648,原田通雅,42,東京,54,B1,4.23,20.00,2.71,14.29,26.92,43.90
20151016,3,福岡,3,3827,今泉徹,42,群馬,51,B1,4.68,25.35,5.50,37.50,13.85,40.24
20151016,3,福岡,4,4439,近藤友宝,29,埼玉,52,B1,4.34,21.11,4.84,21.05,34.95,36.47
20151016,3,福岡,5,4184,渡邊雄一,29,大阪,49,A1,6.48,48.06,7.37,59.26,25.97,23.17
20151016,3,福岡,6,4155,長野壮志,34,福岡,58,B1,0.00,0.00,6.32,50.00,38.71,33.33
20151016,4,福岡,1,3874,山本寛久,39,岡山,51,A1,7.62,61.48,6.92,55.56,29.31,36.71
20151016,4,福岡,2,3771,折下寛法,41,東京,51,A1,5.79,42.86,5.93,31.03,15.15,31.71
20151016,4,福岡,3,4139,丹下健,34,愛知,52,B1,5.63,42.55,5.11,28.57,35.48,27.16
20151016,4,福岡,4,3858,織田猛,42,佐賀,50,A2,5.80,40.35,4.85,25.93,20.00,41.67
20151016,4,福岡,5,3593,横井光弘,47,長崎,57,B1,3.73,10.81,4.39,10.87,12.79,35.80
20151016,4,福岡,6,4641,磯村匠,24,東京,50,B1,3.46,19.05,0.00,0.00,31.96,32.53
20151016,5,福岡,1,4119,泥谷一毅,34,大阪,57,A2,4.95,31.37,3.50,16.67,27.55,35.63
20151016,5,福岡,2,4188,久田敏之,34,群馬,52,A1,6.77,50.00,5.81,33.33,27.96,39.29
20151016,5,福岡,3,3978,齊藤仁,38,東京,51,A1,7.12,46.15,5.57,28.57,38.89,24.32
20151016,5,福岡,4,4416,三宅健太,28,広島,52,B1,4.80,27.36,3.61,14.29,40.68,26.47
20151016,5,福岡,5,3462,竹上真司,48,岡山,51,A2,6.40,49.58,5.13,25.81,43.93,33.73
20151016,5,福岡,6,3829,落合純,41,福岡,54,B1,3.46,13.04,4.36,23.64,31.58,28.57
20151016,6,福岡,1,4516,野口勝弘,28,愛知,54,B1,4.64,22.68,4.68,31.58,28.83,40.63
20151016,6,福岡,2,3227,長岡茂一,50,東京,52,A1,6.36,49.25,7.42,61.29,25.77,32.58
20151016,6,福岡,3,4260,中越博紀,31,香川,52,A2,6.08,42.57,5.39,38.89,29.35,39.24
20151016,6,福岡,4,3583,齋藤智裕,42,埼玉,60,B1,4.00,17.86,6.11,33.33,23.64,51.76
20151016,6,福岡,5,3473,石川真二,45,福岡,52,A1,6.81,45.35,7.31,62.71,33.91,39.19
20151016,6,福岡,6,2841,吉田稔,58,群馬,52,A2,5.07,31.78,6.00,44.44,26.09,27.27
20151016,7,福岡,1,4466,南佑典,29,三重,51,A2,5.71,38.10,5.32,34.21,34.51,40.00
20151016,7,福岡,2,4164,岩永節也,33,長崎,55,B1,4.25,16.09,3.76,19.05,33.98,33.73
20151016,7,福岡,3,4468,大池佑来,28,東京,51,A1,6.44,43.75,6.27,45.45,34.31,20.51
20151016,7,福岡,4,3878,胡本悟志,38,山口,50,A2,4.73,23.48,5.18,26.47,18.37,40.48
20151016,7,福岡,5,4027,松江秀徳,37,佐賀,53,A2,6.50,49.22,6.18,38.46,26.67,40.26
20151016,7,福岡,6,3827,今泉徹,42,群馬,51,B1,4.68,25.35,5.50,37.50,13.85,40.24
20151016,8,福岡,1,3648,原田通雅,42,東京,54,B1,4.23,20.00,2.71,14.29,26.92,43.90
20151016,8,福岡,2,3576,白水勝也,42,福岡,49,A1,7.08,56.94,7.47,56.25,44.16,32.50
20151016,8,福岡,3,3593,横井光弘,47,長崎,57,B1,3.73,10.81,4.39,10.87,12.79,35.80
20151016,8,福岡,4,4325,新出浩司,32,大阪,50,B1,4.69,29.67,3.56,11.11,16.39,40.24
20151016,8,福岡,5,4684,楠原翔太,24,福岡,55,B1,4.78,28.24,4.78,30.12,29.29,21.54
20151016,8,福岡,6,3890,小宮淳史,40,岡山,57,B1,5.23,32.29,4.64,25.00,35.58,44.83
20151016,9,福岡,1,3771,折下寛法,41,東京,51,A1,5.79,42.86,5.93,31.03,15.15,31.71
20151016,9,福岡,2,3864,小島大輔,41,山口,51,B1,3.43,12.99,3.43,10.81,21.31,31.71
20151016,9,福岡,3,3703,鳥飼眞,41,福岡,51,B2,0.00,0.00,7.70,62.12,34.95,27.71
20151016,9,福岡,4,3947,寺本昇平,39,群馬,47,A2,5.80,43.85,6.18,45.45,26.76,30.49
20151016,9,福岡,5,4343,村岡賢,31,広島,54,B1,4.88,29.20,4.65,29.41,40.59,29.76
20151016,9,福岡,6,3895,堀本裕也,39,愛知,47,A2,5.46,35.90,6.36,50.00,16.67,39.02
20151016,10,福岡,1,3227,長岡茂一,50,東京,52,A1,6.36,49.25,7.42,61.29,25.77,32.58
20151016,10,福岡,2,4439,近藤友宝,29,埼玉,52,B1,4.34,21.11,4.84,21.05,34.95,36.47
20151016,10,福岡,3,4638,小林遼太,24,福岡,53,B1,5.15,31.63,5.39,32.12,33.72,25.37
20151016,10,福岡,4,4119,泥谷一毅,34,大阪,57,A2,4.95,31.37,3.50,16.67,27.55,35.63
20151016,10,福岡,5,4156,浜野孝志,34,三重,56,A2,5.80,39.13,5.39,33.33,19.40,23.75
20151016,10,福岡,6,3858,織田猛,42,佐賀,50,A2,5.80,40.35,4.85,25.93,20.00,41.67
20151016,11,福岡,1,4188,久田敏之,34,群馬,52,A1,6.77,50.00,5.81,33.33,27.96,39.29
20151016,11,福岡,2,4562,阪本勇介,27,岡山,53,B1,5.08,32.26,4.60,30.00,41.30,32.89
20151016,11,福岡,3,4466,南佑典,29,三重,51,A2,5.71,38.10,5.32,34.21,34.51,44.71
20151016,11,福岡,4,4759,今泉友吾,25,東京,50,A2,5.32,29.23,0.00,0.00,36.36,26.47
20151016,11,福岡,5,4139,丹下健,34,愛知,52,B1,5.63,42.55,5.11,28.57,35.48,27.16
20151016,11,福岡,6,4260,中越博紀,31,香川,52,A2,6.08,42.57,5.39,38.89,29.35,39.24
20151016,12,福岡,1,3576,白水勝也,42,福岡,49,A1,7.08,56.94,7.47,56.25,44.16,32.50
20151016,12,福岡,2,3874,山本寛久,39,岡山,51,A1,7.62,61.48,6.92,55.56,29.31,36.71
20151016,12,福岡,3,3473,石川真二,45,福岡,52,A1,6.81,45.35,7.31,62.71,33.91,39.19
20151016,12,福岡,4,4184,渡邊雄一,29,大阪,49,A1,6.48,48.06,7.37,59.26,25.97,23.17
20151016,12,福岡,5,3978,齊藤仁,38,東京,51,A1,7.12,46.15,5.57,28.57,38.89,24.32
20151016,12,福岡,6,4468,大池佑来,28,東京,51,A1,6.44,43.75,6.27,45.45,34.31,20.51
20151016,1,下関,1,3635,石田政吾,44,福井,51,A1,7.28,61.00,6.83,44.83,30.86,36.20
20151016,1,下関,2,4391,松田祐季,29,福井,51,A1,7.29,57.81,6.17,41.67,39.66,32.69
20151016,1,下関,3,3436,柏野幸二,46,岡山,50,A1,6.66,44.62,6.33,41.86,37.71,31.68
20151016,1,下関,4,4237,大峯豊,31,山口,50,A1,7.66,61.65,7.12,56.78,32.74,40.48
20151016,1,下関,5,4166,吉田拡郎,33,岡山,53,A1,7.36,47.47,6.56,33.33,30.81,44.05
20151016,1,下関,6,4230,濱崎直矢,32,埼玉,55,A1,6.08,43.20,8.00,75.00,26.71,35.22
20151016,2,下関,1,4324,海野康志,27,山口,58,A1,6.71,51.85,6.57,50.28,44.00,33.54
20151016,2,下関,2,4049,高沖健太,35,三重,54,A1,6.61,44.92,3.00,14.29,39.77,37.58
20151016,2,下関,3,3946,赤岩善生,39,愛知,52,A1,7.10,45.59,7.64,57.14,28.48,42.51
20151016,2,下関,4,3572,安田政彦,44,兵庫,52,A1,6.67,50.39,5.87,33.33,35.88,30.77
20151016,2,下関,5,4266,長田頼宗,30,東京,53,A1,6.63,49.23,6.95,55.00,39.68,29.22
20151016,2,下関,6,4371,西山貴浩,28,福岡,49,A1,7.12,55.38,5.79,31.58,24.85,30.00
20151016,3,下関,1,3959,坪井康晴,38,静岡,51,A1,8.17,65.15,7.08,38.46,26.67,37.13
20151016,3,下関,2,4362,土屋智則,30,群馬,52,A1,7.03,54.17,8.06,55.56,36.52,33.75
20151016,3,下関,3,2992,今村豊,54,山口,49,A1,7.98,53.01,8.54,71.91,28.77,35.00
20151016,3,下関,4,4685,島村隆幸,24,徳島,50,A1,5.76,44.55,6.37,57.89,39.33,39.02
20151016,3,下関,5,3731,高濱芳久,42,広島,52,A1,6.69,51.24,7.18,60.61,34.32,36.65
20151016,3,下関,6,3783,瓜生正義,39,福岡,49,A1,7.32,51.32,6.21,26.32,38.82,34.36
20151016,4,下関,1,4604,岩瀬裕亮,27,愛知,52,A1,6.48,42.37,4.86,20.69,47.80,28.05
20151016,4,下関,2,3960,菊地孝平,37,静岡,54,A1,6.66,35.64,7.88,48.00,39.58,27.67
20151016,4,下関,3,4601,森野正弘,30,山口,54,A1,6.56,46.03,6.46,43.22,29.01,34.78
20151016,4,下関,4,4269,杉山裕也,30,愛知,51,A1,7.05,54.20,6.26,39.47,36.72,27.67
20151016,4,下関,5,4063,市橋卓士,36,徳島,49,A1,7.28,53.72,6.54,26.92,35.06,28.03
20151016,4,下関,6,4254,川島圭司,32,滋賀,50,A1,5.95,39.62,6.44,55.56,35.06,32.12
20151016,5,下関,1,3897,白井英治,38,山口,54,A1,7.58,48.84,8.70,74.16,38.07,38.61
20151016,5,下関,2,3590,濱野谷憲,41,東京,54,A1,6.69,42.75,8.06,52.94,24.84,30.67
20151016,5,下関,3,3295,濱村芳宏,49,徳島,52,A1,7.12,53.04,7.03,59.38,28.65,37.11
20151016,5,下関,4,4216,星栄爾,30,静岡,51,A1,6.46,52.00,5.78,55.56,24.83,41.32
20151016,5,下関,5,3436,柏野幸二,46,岡山,50,A1,6.66,44.62,6.33,41.86,37.71,31.68
20151016,5,下関,6,3717,立間充宏,40,岡山,55,A1,6.64,53.72,6.81,54.72,26.11,31.65
20151016,6,下関,1,3942,寺田祥,37,山口,55,A1,6.90,47.90,7.50,58.25,34.91,30.30
20151016,6,下関,2,3779,原田幸哉,39,愛知,52,A1,8.22,65.55,5.63,25.00,37.10,40.25
20151016,6,下関,3,4418,茅原悠紀,28,岡山,53,A1,7.86,57.41,7.76,57.78,39.20,41.32
20151016,6,下関,4,4391,松田祐季,29,福井,51,A1,7.29,57.81,6.17,41.67,39.66,32.69
20151016,6,下関,5,3529,松本勝也,44,兵庫,51,A1,6.81,52.71,6.53,52.94,33.72,32.53
20151016,6,下関,6,4460,後藤翔之,29,東京,52,A1,7.70,65.00,6.09,36.36,30.23,30.72
20151016,7,下関,1,4344,新田雄史,30,三重,54,A1,7.06,46.08,7.38,50.00,30.57,34.16
20151016,7,下関,2,3941,池田浩二,37,愛知,53,A1,7.93,58.59,6.89,33.33,36.93,31.52
20151016,7,下関,3,4371,西山貴浩,28,福岡,49,A1,7.12,55.38,5.79,31.58,24.85,30.00
20151016,7,下関,4,3740,大澤普司,41,群馬,52,A1,6.29,47.54,7.50,67.50,29.53,41.36
20151016,7,下関,5,3961,谷村一哉,36,山口,55,A1,7.34,52.46,7.71,60.69,28.32,36.59
20151016,7,下関,6,3997,北村征嗣,36,大阪,54,A1,7.00,51.02,6.33,46.67,40.38,25.34
20151016,8,下関,1,3960,菊地孝平,37,静岡,54,A1,6.66,35.64,7.88,48.00,39.58,27.67
20151016,8,下関,2,3568,木村光宏,44,香川,52,A1,6.38,48.44,5.50,40.00,30.77,41.72
20151016,8,下関,3,3731,高濱芳久,42,広島,52,A1,6.69,51.24,7.18,60.61,34.32,36.65
20151016,8,下関,4,4230,濱崎直矢,32,埼玉,55,A1,6.08,43.20,8.00,75.00,26.71,35.22
20151016,8,下関,5,3946,赤岩善生,39,愛知,52,A1,7.10,45.59,7.64,57.14,28.48,42.51
20151016,8,下関,6,4424,松尾昂明,30,福岡,50,A2,6.64,50.41,6.31,46.15,21.19,25.85
20151016,9,下関,1,3779,原田幸哉,39,愛知,52,A1,8.22,65.55,5.63,25.00,37.10,40.25
20151016,9,下関,2,3572,安田政彦,44,兵庫,52,A1,6.67,50.39,5.87,33.33,35.88,30.77
20151016,9,下関,3,3590,濱野谷憲,41,東京,54,A1,6.69,42.75,8.06,52.94,24.84,30.67
20151016,9,下関,4,4166,吉田拡郎,33,岡山,53,A1,7.36,47.47,6.56,33.33,30.81,44.05
20151016,9,下関,5,4685,島村隆幸,24,徳島,50,A1,5.76,44.55,6.37,57.89,39.33,39.02
20151016,9,下関,6,4269,杉山裕也,30,愛知,51,A1,7.05,54.20,6.26,39.47,36.72,27.67
20151016,10,下関,1,4237,大峯豊,31,山口,50,A1,7.66,61.65,7.12,56.78,32.74,40.48
20151016,10,下関,2,3529,松本勝也,44,兵庫,51,A1,6.81,52.71,6.53,52.94,33.72,32.53
20151016,10,下関,3,4063,市橋卓士,36,徳島,49,A1,7.28,53.72,6.54,26.92,35.06,28.03
20151016,10,下関,4,3959,坪井康晴,38,静岡,51,A1,8.17,65.15,7.08,38.46,26.67,37.13
20151016,10,下関,5,4324,海野康志,27,山口,58,A1,6.71,51.85,6.57,50.28,44.00,33.54
20151016,10,下関,6,4344,新田雄史,30,三重,54,A1,7.06,46.08,7.38,50.00,30.57,34.16
20151016,11,下関,1,4418,茅原悠紀,28,岡山,53,A1,7.86,57.41,7.76,57.78,39.20,41.32
20151016,11,下関,2,3635,石田政吾,44,福井,51,A1,7.28,61.00,6.83,44.83,30.86,36.20
20151016,11,下関,3,3897,白井英治,38,山口,54,A1,7.58,48.84,8.70,74.16,38.07,38.61
20151016,11,下関,4,3568,木村光宏,44,香川,52,A1,6.38,48.44,5.50,40.00,30.77,26.17
20151016,11,下関,5,4049,高沖健太,35,三重,54,A1,6.61,44.92,3.00,14.29,39.77,37.58
20151016,11,下関,6,4604,岩瀬裕亮,27,愛知,52,A1,6.48,42.37,4.86,20.69,47.80,28.05
20151016,12,下関,1,3623,深川真二,41,佐賀,50,A1,7.70,60.16,7.44,53.13,44.19,30.36
20151016,12,下関,2,4352,下條雄太,29,長崎,51,A1,7.30,55.08,6.00,40.91,35.09,33.13
20151016,12,下関,3,4218,吉川喜継,34,滋賀,51,A1,6.56,44.27,7.00,56.41,37.36,32.50
20151016,12,下関,4,4030,森高一真,37,香川,50,A1,6.80,39.32,6.44,33.33,28.49,30.12
20151016,12,下関,5,3854,吉川元浩,43,兵庫,50,A1,7.29,52.04,7.30,55.00,41.18,34.15
20151016,12,下関,6,4108,吉村正明,35,山口,49,A1,7.12,56.10,7.54,59.42,53.94,43.64
20151016,1,丸亀,1,3910,松下知幸,42,香川,50,A2,5.18,31.48,5.30,32.81,28.92,32.69
20151016,1,丸亀,2,3455,谷本幸司,44,愛知,53,B1,5.33,35.62,5.00,28.57,29.38,36.00
20151016,1,丸亀,3,3166,谷田昭利,53,香川,54,B1,3.33,12.64,3.23,10.94,37.33,19.15
20151016,1,丸亀,4,3325,福本忠治,48,長崎,52,B1,4.47,21.79,3.91,22.86,38.36,36.17
20151016,1,丸亀,5,3283,窪田好弘,48,福井,54,B1,4.54,23.88,5.38,38.46,35.96,41.18
20151016,1,丸亀,6,4881,檀将太,19,福岡,49,B2,1.72,1.85,0.00,0.00,28.84,16.33
20151016,2,丸亀,1,3695,安東将,43,山口,51,B2,4.18,16.67,4.17,16.67,30.45,27.45
20151016,2,丸亀,2,4729,佐藤謙史,26,福岡,54,B2,2.51,4.76,1.83,0.00,33.96,35.42
20151016,2,丸亀,3,4465,大西賢,29,東京,52,B1,4.34,18.00,0.00,0.00,33.18,39.13
20151016,2,丸亀,4,3174,古賀勝則,52,福岡,56,B1,4.43,22.73,4.38,37.50,24.26,40.38
20151016,2,丸亀,5,3170,谷口勝,52,大阪,50,B1,4.79,25.00,4.27,18.18,38.64,32.65
20151016,2,丸亀,6,3315,広瀬聖仁,50,愛知,52,B1,3.66,13.64,5.71,29.41,28.50,33.33
20151016,3,丸亀,1,3877,松浦博人,38,東京,54,B1,5.10,29.55,4.26,26.47,36.62,38.78
20151016,3,丸亀,2,3417,河相秀行,45,東京,49,B1,4.15,18.09,0.00,0.00,28.13,32.00
20151016,3,丸亀,3,3137,岩井範光,55,香川,52,B1,4.15,12.79,4.19,15.69,33.33,28.26
20151016,3,丸亀,4,3761,山本光雄,43,滋賀,51,A2,6.10,45.53,4.38,24.14,38.97,44.00
20151016,3,丸亀,5,4204,柴田大輔,33,福岡,52,B1,3.56,12.70,4.55,27.59,31.19,44.44
20151016,3,丸亀,6,3251,平石和男,49,埼玉,50,A1,6.55,42.86,7.20,46.30,33.95,48.08
20151016,4,丸亀,1,3980,青木義一,38,山口,54,A2,4.79,27.35,4.71,22.58,23.04,35.29
20151016,4,丸亀,2,4047,吉永浩則,35,大阪,53,B1,5.56,31.73,5.27,26.92,33.33,36.00
20151016,4,丸亀,3,4124,池田雄一,33,静岡,54,B1,5.85,51.85,0.00,0.00,31.63,36.59
20151016,4,丸亀,4,4268,和合俊介,30,福岡,57,B1,4.74,29.41,5.35,41.18,38.14,40.00
20151016,4,丸亀,5,3973,崎利仁,39,群馬,53,A2,4.27,16.82,4.93,28.57,33.02,16.98
20151016,4,丸亀,6,4105,松下直也,36,兵庫,51,A2,5.79,41.18,6.40,50.00,36.24,33.33
20151016,5,丸亀,1,3888,山本英志,40,東京,50,A1,6.76,54.31,5.29,23.53,34.45,35.85
20151016,5,丸亀,2,2878,富山弘幸,57,大阪,55,A2,6.36,47.19,5.79,42.11,31.46,32.65
20151016,5,丸亀,3,3502,渡邉英児,46,静岡,52,A2,6.58,48.85,6.67,57.14,37.85,25.00
20151016,5,丸亀,4,3455,谷本幸司,44,愛知,53,B1,5.33,35.62,5.00,28.57,29.38,36.00
20151016,5,丸亀,5,4831,羽野直也,20,福岡,52,B2,4.71,21.57,3.50,0.00,28.71,25.00
20151016,5,丸亀,6,3398,有田岳,48,埼玉,50,B1,4.16,21.74,3.89,11.11,30.33,30.61
20151016,6,丸亀,1,4259,真庭明志,31,長崎,51,A1,6.30,43.65,5.87,41.03,31.55,30.77
20151016,6,丸亀,2,4214,林祐介,31,岡山,55,B1,5.19,33.01,4.73,21.62,31.80,30.43
20151016,6,丸亀,3,4729,佐藤謙史,26,福岡,54,B2,2.51,4.76,1.83,0.00,33.96,35.42
20151016,6,丸亀,4,3170,谷口勝,52,大阪,50,B1,4.79,25.00,4.27,18.18,38.64,32.65
20151016,6,丸亀,5,3166,谷田昭利,53,香川,54,B1,3.33,12.64,3.23,10.94,37.33,19.15
20151016,6,丸亀,6,4389,伊藤喜智,30,大阪,50,A2,4.79,26.26,0.00,0.00,47.20,23.91
20151016,7,丸亀,1,4016,西川新太,35,愛知,51,A2,5.47,36.71,0.00,0.00,35.32,29.17
20151016,7,丸亀,2,3702,貞兼淳二,42,福岡,57,A2,5.69,37.27,5.42,35.48,47.20,31.82
20151016,7,丸亀,3,3174,古賀勝則,52,福岡,56,B1,4.43,22.73,4.38,37.50,24.26,40.38
20151016,7,丸亀,4,3137,岩井範光,55,香川,52,B1,4.15,12.79,4.19,15.69,33.33,28.26
20151016,7,丸亀,5,3325,福本忠治,48,長崎,52,B1,4.47,21.79,3.91,22.86,38.36,36.17
20151016,7,丸亀,6,3721,守田俊介,40,滋賀,54,A1,8.05,70.54,7.56,60.00,31.92,42.59
20151016,8,丸亀,1,3746,岡瀬正人,40,岡山,51,A1,5.52,36.00,5.83,39.13,29.86,24.00
20151016,8,丸亀,2,3761,山本光雄,43,滋賀,51,A2,6.10,45.53,4.38,24.14,38.97,44.00
20151016,8,丸亀,3,3695,安東将,43,山口,51,B2,4.18,16.67,4.17,16.67,30.45,27.45
20151016,8,丸亀,4,3973,崎利仁,39,群馬,53,A2,4.27,16.82,4.93,28.57,33.02,16.98
20151016,8,丸亀,5,4268,和合俊介,30,福岡,57,B1,4.74,29.41,5.35,41.18,38.14,40.00
20151016,8,丸亀,6,3472,浅和重哉,45,東京,55,B1,3.80,13.19,0.00,0.00,35.68,32.61
20151016,9,丸亀,1,2878,富山弘幸,57,大阪,55,A2,6.36,47.19,5.79,42.11,31.46,32.65
20151016,9,丸亀,2,3910,松下知幸,42,香川,50,A2,5.18,31.48,5.30,32.81,28.92,32.69
20151016,9,丸亀,3,4204,柴田大輔,33,福岡,52,B1,3.56,12.70,4.55,27.59,31.19,44.44
20151016,9,丸亀,4,3251,平石和男,49,埼玉,50,A1,6.55,42.86,7.20,46.30,33.95,48.08
20151016,9,丸亀,5,4465,大西賢,29,東京,52,B1,4.34,18.00,0.00,0.00,33.18,39.13
20151016,9,丸亀,6,4831,羽野直也,20,福岡,52,B2,4.71,21.57,3.50,0.00,28.71,25.00
20151016,10,丸亀,1,4389,伊藤喜智,30,大阪,50,A2,4.79,26.26,0.00,0.00,47.20,23.91
20151016,10,丸亀,2,3502,渡邉英児,46,静岡,52,A2,6.58,48.85,6.67,57.14,37.85,25.00
20151016,10,丸亀,3,4047,吉永浩則,35,大阪,53,B1,5.56,31.73,5.27,26.92,33.33,36.00
20151016,10,丸亀,4,3980,青木義一,38,山口,54,A2,4.79,27.35,4.71,22.58,23.04,35.29
20151016,10,丸亀,5,3888,山本英志,40,東京,50,A1,6.76,54.31,5.29,23.53,34.45,35.85
20151016,10,丸亀,6,3877,松浦博人,38,東京,54,B1,5.10,29.55,4.26,26.47,36.62,38.78
20151016,11,丸亀,1,4105,松下直也,36,兵庫,51,A2,5.79,41.18,6.40,50.00,36.24,33.33
20151016,11,丸亀,2,4259,真庭明志,31,長崎,51,A1,6.30,43.65,5.87,41.03,31.55,30.77
20151016,11,丸亀,3,4016,西川新太,35,愛知,51,A2,5.47,36.71,0.00,0.00,35.32,29.17
20151016,11,丸亀,4,4214,林祐介,31,岡山,55,B1,5.19,33.01,4.73,21.62,31.80,30.43
20151016,11,丸亀,5,3746,岡瀬正人,40,岡山,51,A1,5.52,36.00,5.83,39.13,29.86,24.00
20151016,11,丸亀,6,3702,貞兼淳二,42,福岡,57,A2,5.69,37.27,5.42,35.48,47.20,31.82
20151016,12,丸亀,1,4118,宇佐見淳,34,愛知,53,A1,6.25,45.00,6.40,45.24,38.07,38.46
20151016,12,丸亀,2,4305,金子拓矢,32,群馬,52,A2,6.73,54.63,5.44,40.74,37.95,22.45
20151016,12,丸亀,3,3532,柴田光,43,群馬,55,A1,6.17,50.38,7.87,77.42,43.56,33.96
20151016,12,丸亀,4,4003,表憲一,37,福井,52,A2,5.98,37.90,5.82,40.91,41.67,36.11
20151016,12,丸亀,5,4215,吉島祥之,31,愛知,56,B1,5.14,33.33,6.95,52.63,50.48,23.53
20151016,12,丸亀,6,3736,岡本猛,41,大阪,53,A2,5.91,39.13,5.58,34.88,29.52,35.42
20151016,1,尼崎,1,4574,東潤樹,27,広島,50,B1,4.73,26.61,3.80,10.00,39.66,35.90
20151016,1,尼崎,2,2568,中村義雄,66,長崎,53,B1,3.61,14.93,5.00,29.41,25.23,24.71
20151016,1,尼崎,3,3812,山崎聖司,39,東京,51,B1,5.02,26.56,3.25,0.00,33.91,31.93
20151016,1,尼崎,4,4404,岸蔭亮,30,兵庫,49,B1,4.86,31.58,4.85,31.40,37.39,35.90
20151016,1,尼崎,5,2838,松本功,59,群馬,50,B1,3.47,14.81,3.00,5.26,34.78,38.39
20151016,1,尼崎,6,4788,小池哲也,26,大阪,54,B2,2.95,6.98,3.28,11.11,36.44,30.83
20151016,2,尼崎,1,3400,樋江井愼,48,愛知,55,B1,5.30,32.58,5.13,37.50,28.45,35.04
20151016,2,尼崎,2,4383,竹田吉行,30,徳島,51,B1,4.60,27.47,4.61,22.22,22.61,37.61
20151016,2,尼崎,3,3904,森貴洋,38,大阪,55,A2,5.98,40.00,4.33,16.67,40.00,35.90
20151016,2,尼崎,4,3533,佐川正道,43,埼玉,49,A2,5.67,41.38,7.50,66.67,33.64,45.13
20151016,2,尼崎,5,3189,矢野素也,53,香川,52,B2,3.39,14.29,4.00,33.33,33.63,31.90
20151016,2,尼崎,6,4871,菊池宏志,23,山口,55,B2,1.23,0.00,0.00,0.00,42.74,27.43
20151016,3,尼崎,1,3935,岩津徹郎,38,岡山,56,B1,4.98,30.95,5.30,25.93,27.59,38.46
20151016,3,尼崎,2,3678,小林純一,42,佐賀,55,B1,4.28,21.95,2.78,11.11,35.90,30.36
20151016,3,尼崎,3,4538,笠置博之,25,大阪,55,B1,5.19,35.71,4.69,29.09,38.46,28.32
20151016,3,尼崎,4,3979,杉本洋一,38,山口,50,B1,3.72,20.00,4.44,11.11,32.48,49.12
20151016,3,尼崎,5,4505,島田賢人,27,埼玉,56,A2,4.87,33.73,7.48,66.67,33.33,33.93
20151016,3,尼崎,6,4211,村田敦,32,東京,56,A2,5.64,35.54,5.00,31.03,39.66,40.17
20151016,4,尼崎,1,3820,樫葉次郎,43,徳島,57,B1,4.51,28.17,5.52,40.74,38.79,31.86
20151016,4,尼崎,2,3759,前田義哲,43,福井,50,B1,5.13,36.56,3.43,11.43,25.66,29.20
20151016,4,尼崎,3,3411,池上隆行,46,広島,52,B1,4.75,29.89,3.75,16.67,26.50,27.88
20151016,4,尼崎,4,3957,大谷直弘,38,愛知,51,A2,6.16,42.64,6.57,53.06,37.61,37.72
20151016,4,尼崎,5,3507,藤井徹,44,大阪,51,A2,5.06,26.67,6.19,47.62,22.94,43.12
20151016,4,尼崎,6,3848,川上聡介,38,愛知,55,A2,5.81,40.91,5.61,42.11,48.28,27.47
20151016,5,尼崎,1,3409,三好一,46,福井,53,A2,4.45,23.68,6.27,46.67,33.33,36.75
20151016,5,尼崎,2,3539,金子順一,47,山口,50,B1,4.72,31.58,4.89,33.33,26.96,27.10
20151016,5,尼崎,3,4574,東潤樹,27,広島,50,B1,4.73,26.61,3.80,10.00,39.66,35.90
20151016,5,尼崎,4,4405,南野利騰,30,福井,52,B1,4.92,31.76,4.50,27.78,30.00,37.84
20151016,5,尼崎,5,4788,小池哲也,26,大阪,54,B2,2.95,6.98,3.28,11.11,36.44,30.83
20151016,5,尼崎,6,3653,品川賢次,42,群馬,53,A2,5.64,35.66,4.72,16.67,22.61,20.39
20151016,6,尼崎,1,3631,田添康介,45,長崎,55,B1,5.24,34.21,5.14,35.71,33.05,32.23
20151016,6,尼崎,2,3577,向所浩二,42,兵庫,54,A2,6.84,56.10,6.71,50.93,23.08,28.83
20151016,6,尼崎,3,4041,小林基樹,36,山口,53,B1,4.95,32.98,5.57,38.10,25.44,28.83
20151016,6,尼崎,4,2838,松本功,59,群馬,50,B1,3.47,14.81,3.00,5.26,34.78,38.39
20151016,6,尼崎,5,3521,今村賢二,47,福岡,56,B1,3.71,14.58,3.65,4.35,23.15,39.47
20151016,6,尼崎,6,3904,森貴洋,38,大阪,55,A2,5.98,40.00,4.33,16.67,40.00,35.90
20151016,7,尼崎,1,3445,加藤高史,46,埼玉,54,A2,6.43,46.67,5.50,35.00,37.07,29.81
20151016,7,尼崎,2,3979,杉本洋一,38,山口,50,B1,3.72,20.00,4.44,11.11,32.48,49.12
20151016,7,尼崎,3,3782,伊藤宏,39,福岡,54,A2,6.12,43.53,5.41,36.36,44.44,20.75
20151016,7,尼崎,4,4383,竹田吉行,30,徳島,51,B1,4.60,27.47,4.61,22.22,22.61,37.61
20151016,7,尼崎,5,3411,池上隆行,46,広島,52,B1,4.75,29.89,3.75,16.67,26.50,27.88
20151016,7,尼崎,6,4505,島田賢人,27,埼玉,56,A2,4.87,33.73,7.48,66.67,33.33,33.93
20151016,8,尼崎,1,3659,藤生雄人,41,群馬,54,A2,6.13,41.03,5.69,43.75,29.91,29.20
20151016,8,尼崎,2,3812,山崎聖司,39,東京,51,B1,5.02,26.56,3.25,0.00,33.91,31.93
20151016,8,尼崎,3,3539,金子順一,47,山口,50,B1,4.72,31.58,4.89,33.33,26.96,27.10
20151016,8,尼崎,4,4211,村田敦,32,東京,56,A2,5.64,35.54,5.00,31.03,39.66,40.17
20151016,8,尼崎,5,3848,川上聡介,38,愛知,55,A2,5.81,40.91,5.61,42.11,48.28,27.47
20151016,8,尼崎,6,3920,正木聖賢,40,広島,52,A1,5.56,35.29,5.90,40.00,24.07,21.36
20151016,9,尼崎,1,3533,佐川正道,43,埼玉,49,A2,5.67,41.38,7.50,66.67,33.64,45.13
20151016,9,尼崎,2,4538,笠置博之,25,大阪,55,B1,5.19,35.71,4.69,29.09,38.46,28.32
20151016,9,尼崎,3,3653,品川賢次,42,群馬,53,A2,5.64,35.66,4.72,16.67,22.61,20.39
20151016,9,尼崎,4,3507,藤井徹,44,大阪,51,A2,5.06,26.67,6.19,47.62,22.94,43.12
20151016,9,尼崎,5,4041,小林基樹,36,山口,53,B1,4.95,32.98,5.57,38.10,25.44,28.83
20151016,9,尼崎,6,3641,一瀬明,44,東京,51,A1,6.16,47.58,6.56,33.33,23.93,34.62
20151016,10,尼崎,1,3957,大谷直弘,38,愛知,51,A2,6.16,42.64,6.57,53.06,37.61,37.72
20151016,10,尼崎,2,3445,加藤高史,46,埼玉,54,A2,6.43,46.67,5.50,35.00,37.07,29.81
20151016,10,尼崎,3,3631,田添康介,45,長崎,55,B1,5.24,34.21,5.14,35.71,33.05,32.23
20151016,10,尼崎,4,3409,三好一,46,福井,53,A2,4.45,23.68,6.27,46.67,33.33,36.75
20151016,10,尼崎,5,4404,岸蔭亮,30,兵庫,49,B1,4.86,31.58,4.85,31.40,37.39,35.90
20151016,10,尼崎,6,3400,樋江井愼,48,愛知,55,B1,5.30,32.58,5.13,37.50,28.45,35.04
20151016,11,尼崎,1,3577,向所浩二,42,兵庫,54,A2,6.84,56.10,6.71,50.93,23.08,28.83
20151016,11,尼崎,2,3659,藤生雄人,41,群馬,54,A2,6.13,41.03,5.69,43.75,29.91,29.20
20151016,11,尼崎,3,3935,岩津徹郎,38,岡山,56,B1,4.98,30.95,5.30,25.93,27.59,38.46
20151016,11,尼崎,4,3820,樫葉次郎,43,徳島,57,B1,4.51,28.17,5.52,40.74,38.79,31.86
20151016,11,尼崎,5,3782,伊藤宏,39,福岡,54,A2,6.12,43.53,5.41,36.36,44.44,20.75
20151016,11,尼崎,6,4405,南野利騰,30,福井,52,B1,4.92,31.76,4.50,27.78,30.00,37.84
20151016,12,尼崎,1,4290,稲田浩二,30,兵庫,51,A1,5.95,43.24,7.58,61.04,26.72,38.66
20151016,12,尼崎,2,4052,興津藍,34,徳島,50,A1,6.71,47.50,7.38,45.95,40.87,24.44
20151016,12,尼崎,3,3245,池上裕次,51,埼玉,50,A1,5.68,41.38,5.74,37.14,41.74,35.83
20151016,12,尼崎,4,4101,三井所尊,36,佐賀,52,A1,6.98,54.84,7.57,71.43,30.43,26.13
20151016,12,尼崎,5,3907,村越篤,37,香川,53,B1,6.71,50.43,0.00,0.00,35.29,29.91
20151016,12,尼崎,6,4006,小野勇作,37,佐賀,49,A1,6.23,45.24,5.75,35.00,46.09,21.90
20151016,1,住之江,1,3585,井川真人,42,岡山,53,B1,4.60,22.73,4.43,23.33,29.47,24.36
20151016,1,住之江,2,3605,中村守成,44,三重,53,B1,5.88,41.94,4.89,31.58,21.95,50.00
20151016,1,住之江,3,3181,林慎一,51,愛知,61,B1,3.79,11.70,3.78,22.22,25.26,36.96
20151016,1,住之江,4,4833,吉崎悠司,28,福井,51,B2,1.73,0.00,1.50,0.00,27.27,34.04
20151016,1,住之江,5,3282,池本輝明,48,広島,51,A2,6.20,42.86,6.35,53.85,23.40,31.11
20151016,1,住之江,6,4334,児玉旭,31,兵庫,50,B1,3.59,18.31,4.50,25.00,31.63,32.61
20151016,2,住之江,1,3374,林明治,48,佐賀,53,B1,3.25,15.38,3.13,13.33,35.42,27.50
20151016,2,住之江,2,4078,渡辺史之,36,群馬,51,B1,4.04,24.07,0.00,0.00,17.39,29.67
20151016,2,住之江,3,4328,貞本拓哉,32,広島,62,B2,2.86,8.11,0.00,0.00,20.21,33.33
20151016,2,住之江,4,3626,中林秀人,46,大阪,57,B1,3.62,12.64,4.33,22.41,40.40,21.33
20151016,2,住之江,5,3828,明石正之,42,兵庫,50,B1,5.81,39.33,6.50,37.50,23.96,42.55
20151016,2,住之江,6,3156,金子良昭,50,静岡,53,A2,6.61,52.71,5.45,31.58,31.76,40.86
20151016,3,住之江,1,3480,金子建二,44,群馬,55,B1,3.71,11.54,2.67,0.00,35.71,31.82
20151016,3,住之江,2,3430,角浜修,47,広島,53,B1,5.13,28.28,5.21,36.84,26.47,32.63
20151016,3,住之江,3,3391,鈴木茂正,50,東京,53,A1,6.14,45.93,7.25,50.00,32.26,35.53
20151016,3,住之江,4,4821,妻鳥晋也,23,香川,55,B2,2.49,7.55,0.00,0.00,38.14,36.56
20151016,3,住之江,5,4128,川口貴久,35,東京,55,A1,5.41,36.84,5.94,39.39,28.09,27.17
20151016,3,住之江,6,4319,三宅潤,30,大阪,54,A2,6.44,46.83,5.36,31.63,19.78,28.05
20151016,4,住之江,1,3373,黒瀬三幸,48,福岡,52,B1,4.42,19.57,2.29,14.29,34.31,22.99
20151016,4,住之江,2,3286,坂東満,47,静岡,52,A2,4.77,27.84,5.97,46.67,30.00,40.22
20151016,4,住之江,3,3228,伸澤進,50,群馬,52,B1,3.37,17.20,2.80,10.00,45.54,28.89
20151016,4,住之江,4,3927,平賀圭,40,岡山,57,B1,3.08,11.11,3.76,12.12,25.00,22.62
20151016,4,住之江,5,3944,山口裕二,36,長崎,52,A2,6.73,53.33,6.43,46.67,26.80,47.92
20151016,4,住之江,6,3233,小畑実成,48,岡山,53,A2,6.26,39.66,5.05,35.00,36.05,21.43
20151016,5,住之江,1,3571,寺本武司,44,長崎,53,B1,4.02,17.07,0.00,0.00,25.84,36.67
20151016,5,住之江,2,4222,山口高志,33,佐賀,52,A2,5.65,40.00,4.44,22.22,34.65,23.53
20151016,5,住之江,3,4067,永井源,35,愛知,51,A2,6.49,50.75,5.95,35.00,24.72,27.06
20151016,5,住之江,4,3725,向達哉,44,大阪,50,B1,5.47,35.63,5.49,40.00,30.43,42.11
20151016,5,住之江,5,3261,大川茂実,52,岡山,50,B1,5.20,29.11,4.25,12.50,31.00,45.12
20151016,5,住之江,6,4833,吉崎悠司,28,福井,51,B2,1.73,0.00,1.50,0.00,27.27,34.04
20151016,6,住之江,1,3822,平尾崇典,42,岡山,49,A1,6.49,44.12,6.64,35.71,27.00,28.74
20151016,6,住之江,2,3607,原田智和,43,大阪,50,A2,4.84,29.31,4.85,32.93,29.07,26.58
20151016,6,住之江,3,4257,古川健,31,広島,50,B1,4.72,32.10,0.00,0.00,21.18,24.14
20151016,6,住之江,4,3282,池本輝明,48,広島,51,A2,6.20,42.86,6.35,53.85,23.40,31.11
20151016,6,住之江,5,2698,角川政志,61,香川,52,B1,4.52,17.19,4.63,12.50,25.27,36.36
20151016,6,住之江,6,4540,相原利章,28,東京,50,A2,5.76,42.39,5.42,31.58,36.67,32.58
20151016,7,住之江,1,3605,中村守成,44,三重,53,B1,5.88,41.94,4.89,31.58,21.95,50.00
20151016,7,住之江,2,4207,松下一也,32,静岡,53,A1,5.86,43.64,5.86,28.57,20.48,33.68
20151016,7,住之江,3,4078,渡辺史之,36,群馬,51,B1,4.04,24.07,0.00,0.00,17.39,29.67
20151016,7,住之江,4,3712,淺香文武,41,三重,55,A1,6.64,49.55,6.68,57.14,25.30,30.34
20151016,7,住之江,5,3465,塚崎勝,47,東京,56,B1,4.38,19.48,3.07,7.14,32.99,34.52
20151016,7,住之江,6,3391,鈴木茂正,50,東京,53,A1,6.14,45.93,7.25,50.00,32.26,35.53
20151016,8,住之江,1,3441,土屋太朗,46,群馬,53,A1,5.82,41.51,3.67,11.11,15.79,44.71
20151016,8,住之江,2,4056,小西英輝,37,福井,54,B1,5.07,32.18,5.09,31.11,34.83,19.75
20151016,8,住之江,3,3626,中林秀人,46,大阪,57,B1,3.62,12.64,4.33,22.41,40.40,21.33
20151016,8,住之江,4,3855,大熊辰弥,43,香川,52,B1,5.15,29.00,4.80,20.00,38.14,35.48
20151016,8,住之江,5,4319,三宅潤,30,大阪,54,A2,6.44,46.83,5.36,31.63,19.78,28.05
20151016,8,住之江,6,4235,進藤侑,32,群馬,50,A1,6.37,43.62,6.24,45.95,48.51,27.59
20151016,9,住之江,1,4067,永井源,35,愛知,51,A2,6.49,50.75,5.95,35.00,24.72,27.06
20151016,9,住之江,2,4651,佐藤大騎,30,大阪,50,B1,3.86,16.90,3.30,12.90,28.28,37.63
20151016,9,住之江,3,4128,川口貴久,35,東京,55,A1,5.41,36.84,5.94,39.39,28.09,27.17
20151016,9,住之江,4,4257,古川健,31,広島,50,B1,4.72,32.10,0.00,0.00,21.18,24.14
20151016,9,住之江,5,3537,田山和広,47,福岡,57,B1,4.78,26.88,4.48,21.74,25.32,28.24
20151016,9,住之江,6,3563,堤昇,45,静岡,51,A1,6.21,46.10,5.95,36.84,41.53,23.46
20151016,10,住之江,1,3286,坂東満,47,静岡,52,A2,4.77,27.84,5.97,46.67,30.00,40.22
20151016,10,住之江,2,3256,三角哲男,48,東京,50,A1,7.32,57.26,6.75,50.00,25.58,27.91
20151016,10,住之江,3,3156,金子良昭,50,静岡,53,A2,6.61,52.71,5.45,31.58,31.76,40.86
20151016,10,住之江,4,3480,金子建二,44,群馬,55,B1,3.71,11.54,2.67,0.00,35.71,31.82
20151016,10,住之江,5,3181,林慎一,51,愛知,61,B1,3.79,11.70,3.78,22.22,25.26,36.96
20151016,10,住之江,6,3261,大川茂実,52,岡山,50,B1,5.20,29.11,4.25,12.50,31.00,45.12
20151016,11,住之江,1,4207,松下一也,32,静岡,53,A1,5.86,43.64,5.86,28.57,20.48,33.68
20151016,11,住之江,2,3822,平尾崇典,42,岡山,49,A1,6.49,44.12,6.64,35.71,27.00,28.74
20151016,11,住之江,3,3944,山口裕二,36,長崎,52,A2,6.73,53.33,6.43,46.67,26.80,47.92
20151016,11,住之江,4,3828,明石正之,42,兵庫,50,B1,5.81,39.33,6.50,37.50,23.96,42.55
20151016,11,住之江,5,4025,山本隆幸,38,兵庫,50,A1,6.43,46.15,7.02,44.44,32.98,33.71
20151016,11,住之江,6,3725,向達哉,44,大阪,50,B1,5.47,35.63,5.49,40.00,30.43,42.11
20151016,12,住之江,1,3712,淺香文武,41,三重,55,A1,6.64,49.55,6.68,57.14,25.30,30.34
20151016,12,住之江,2,3441,土屋太朗,46,群馬,53,A1,5.82,41.51,3.67,11.11,15.79,44.71
20151016,12,住之江,3,4222,山口高志,33,佐賀,52,A2,5.65,40.00,4.44,22.22,34.65,23.53
20151016,12,住之江,4,3233,小畑実成,48,岡山,53,A2,6.26,39.66,5.05,35.00,36.05,21.43
20151016,12,住之江,5,4540,相原利章,28,東京,50,A2,5.76,42.39,5.42,31.58,36.67,32.58
20151016,12,住之江,6,3881,浦上拓也,42,大阪,53,A2,5.09,36.09,5.79,42.68,30.00,21.43
20151016,1,琵琶湖,1,3896,上田洋平,39,滋賀,49,A2,6.09,46.30,6.10,45.10,23.68,35.29
20151016,1,琵琶湖,2,4224,大橋栄里,33,福岡,47,B1,4.00,26.67,2.63,12.50,18.67,37.50
20151016,1,琵琶湖,3,2969,久田正晴,59,群馬,54,B1,3.10,15.38,4.25,0.00,30.38,32.43
20151016,1,琵琶湖,4,3645,淺田千亜,43,徳島,46,B1,5.86,38.64,0.00,0.00,21.21,31.08
20151016,1,琵琶湖,5,3020,若女井正,55,東京,52,B1,5.20,31.91,4.90,22.58,47.44,27.78
20151016,1,琵琶湖,6,3234,金森史吉,48,香川,54,B1,4.10,22.47,3.69,12.50,40.51,33.33
20151016,2,琵琶湖,1,3588,新藤哲三,42,静岡,56,B1,4.23,21.43,4.94,33.33,20.63,19.12
20151016,2,琵琶湖,2,3580,水口由紀,42,滋賀,47,A2,5.69,38.78,5.92,43.14,40.85,52.70
20151016,2,琵琶湖,3,3334,角ひとみ,47,広島,45,A2,5.71,39.66,3.00,0.00,49.38,32.88
20151016,2,琵琶湖,4,4593,小坂宗司,34,大阪,50,B1,5.71,36.73,5.26,37.14,30.67,39.47
20151016,2,琵琶湖,5,3346,宮本裕之,48,兵庫,50,A2,5.28,34.17,6.07,42.86,34.62,25.68
20151016,2,琵琶湖,6,4783,木村詳子,28,山口,48,B2,2.45,3.77,0.00,0.00,20.27,30.88
20151016,3,琵琶湖,1,4580,長谷川雅,26,岡山,51,B1,5.02,27.71,5.29,25.81,24.66,35.71
20151016,3,琵琶湖,2,3458,東健介,48,岡山,52,A2,4.84,26.21,5.55,29.03,13.41,39.44
20151016,3,琵琶湖,3,4551,三川昂暁,26,福岡,52,B1,5.06,30.99,0.00,0.00,46.99,32.26
20151016,3,琵琶湖,4,4367,山口修路,29,福岡,50,B1,5.24,29.35,3.67,11.11,26.58,34.29
20151016,3,琵琶湖,5,4417,服部剛,28,静岡,54,A2,5.21,34.23,6.13,25.00,38.57,27.40
20151016,3,琵琶湖,6,4878,西岡育未,20,徳島,45,B2,1.76,0.00,0.00,0.00,31.17,24.29
20151016,4,琵琶湖,1,4338,白石佳江,31,滋賀,44,B1,3.87,20.90,3.81,14.89,23.68,35.29
20151016,4,琵琶湖,2,4442,松竹大輔,29,愛知,50,B1,5.01,26.67,5.54,30.77,22.97,22.06
20151016,4,琵琶湖,3,4298,宮下元胤,32,愛知,53,A2,6.29,44.21,5.68,31.58,28.21,28.57
20151016,4,琵琶湖,4,4316,山口裕太,31,広島,51,A2,5.58,39.00,7.18,60.71,48.19,35.62
20151016,4,琵琶湖,5,4209,藤田竜弘,32,静岡,58,A2,5.86,37.29,4.95,28.57,56.79,16.18
20151016,4,琵琶湖,6,4885,大山千広,19,福岡,48,B2,2.05,3.64,2.14,0.00,34.18,33.80
20151016,5,琵琶湖,1,3900,香川素子,38,滋賀,48,A2,6.75,51.18,6.74,55.84,36.62,27.03
20151016,5,琵琶湖,2,3699,富永正人,42,埼玉,52,A2,5.71,41.18,7.05,47.62,48.75,26.09
20151016,5,琵琶湖,3,3560,太田克哉,47,群馬,49,B1,4.25,22.06,3.67,26.67,37.50,38.36
20151016,5,琵琶湖,4,3404,矢崎誠一,47,東京,53,B1,3.44,14.12,4.11,16.67,19.18,21.92
20151016,5,琵琶湖,5,2969,久田正晴,59,群馬,54,B1,3.10,15.38,4.25,0.00,30.38,32.43
20151016,5,琵琶湖,6,4365,盛本真輔,30,兵庫,50,B1,4.80,28.16,4.38,17.24,26.76,50.00
20151016,6,琵琶湖,1,4123,細川裕子,33,愛知,45,A2,7.27,60.61,5.62,42.86,33.33,38.67
20151016,6,琵琶湖,2,3889,須藤隆雄,40,群馬,57,B1,4.46,28.26,4.67,33.33,39.71,35.14
20151016,6,琵琶湖,3,3346,宮本裕之,48,兵庫,50,A2,5.28,34.17,6.07,42.86,34.62,25.68
20151016,6,琵琶湖,4,3234,金森史吉,48,香川,54,B1,4.10,22.47,3.69,12.50,40.51,33.33
20151016,6,琵琶湖,5,4584,村岡賢人,25,岡山,51,A2,6.08,46.02,5.52,23.81,28.77,55.42
20151016,6,琵琶湖,6,4378,川下晃司,31,広島,51,A2,6.00,37.61,5.54,35.42,22.86,40.28
20151016,7,琵琶湖,1,3580,水口由紀,42,滋賀,47,A2,5.69,38.78,5.92,43.14,40.85,52.70
20151016,7,琵琶湖,2,3896,上田洋平,39,滋賀,49,A2,6.09,46.30,6.10,45.10,23.68,35.29
20151016,7,琵琶湖,3,4318,桑原将光,31,東京,50,A2,5.91,40.59,6.17,39.13,31.94,58.44
20151016,7,琵琶湖,4,3066,田中定雄,55,埼玉,54,B1,4.58,26.74,5.52,41.94,28.95,26.32
20151016,7,琵琶湖,5,4570,前田聖文,27,愛知,55,A2,4.90,26.37,5.16,36.84,37.84,31.03
20151016,7,琵琶湖,6,4551,三川昂暁,26,福岡,52,B1,5.06,30.99,0.00,0.00,46.99,32.26
20151016,8,琵琶湖,1,4489,岩川仁士,29,大阪,54,A2,4.84,26.47,5.08,19.23,34.72,23.53
20151016,8,琵琶湖,2,4580,長谷川雅,26,岡山,51,B1,5.02,27.71,5.29,25.81,24.66,35.71
20151016,8,琵琶湖,3,4180,上野秀和,32,福岡,56,A2,4.97,21.98,6.80,40.00,43.84,32.89
20151016,8,琵琶湖,4,4790,柳内敬太,26,兵庫,53,B1,4.04,25.68,4.40,20.00,35.48,32.35
20151016,8,琵琶湖,5,4686,丸野一樹,24,滋賀,54,B1,5.92,43.43,5.19,33.33,49.38,31.88
20151016,8,琵琶湖,6,3614,谷勝幸,42,広島,54,A2,4.70,25.00,5.21,21.05,34.25,28.13
20151016,9,琵琶湖,1,3889,須藤隆雄,40,群馬,57,B1,4.46,28.26,4.67,33.33,39.71,35.14
20151016,9,琵琶湖,2,4388,是澤孝宏,30,滋賀,49,A2,6.46,46.77,6.11,39.88,25.64,22.86
20151016,9,琵琶湖,3,3900,香川素子,38,滋賀,48,A2,6.75,51.18,6.74,55.84,36.62,27.03
20151016,9,琵琶湖,4,4442,松竹大輔,29,愛知,50,B1,5.01,26.67,5.54,30.77,22.97,22.06
20151016,9,琵琶湖,5,3710,吉永泰弘,41,香川,54,A2,4.80,32.38,5.80,30.00,33.33,49.32
20151016,9,琵琶湖,6,3645,淺田千亜,43,徳島,46,B1,5.86,38.64,0.00,0.00,21.21,31.08
20151016,10,琵琶湖,1,4593,小坂宗司,34,大阪,50,B1,5.71,36.73,5.26,37.14,30.67,39.47
20151016,10,琵琶湖,2,4298,宮下元胤,32,愛知,53,A2,6.29,44.21,5.68,31.58,28.21,28.57
20151016,10,琵琶湖,3,4367,山口修路,29,福岡,50,B1,5.24,29.35,3.67,11.11,26.58,34.29
20151016,10,琵琶湖,4,4378,川下晃司,31,広島,51,A2,6.00,37.61,5.54,35.42,22.86,40.28
20151016,10,琵琶湖,5,3404,矢崎誠一,47,東京,53,B1,3.44,14.12,4.11,16.67,19.18,21.92
20151016,10,琵琶湖,6,3687,花田和明,45,愛知,52,A2,6.02,44.12,3.67,33.33,39.24,42.42
20151016,11,琵琶湖,1,3699,富永正人,42,埼玉,52,A2,5.71,41.18,7.05,47.62,48.75,26.09
20151016,11,琵琶湖,2,4318,桑原将光,31,東京,50,A2,5.91,40.59,6.17,39.13,31.94,58.44
20151016,11,琵琶湖,3,4417,服部剛,28,静岡,54,A2,5.21,34.23,6.13,25.00,38.57,27.40
20151016,11,琵琶湖,4,4584,村岡賢人,25,岡山,51,A2,6.08,46.02,5.52,23.81,28.77,55.42
20151016,11,琵琶湖,5,4316,山口裕太,31,広島,51,A2,5.58,39.00,7.18,60.71,48.19,35.62
20151016,11,琵琶湖,6,4790,柳内敬太,26,兵庫,53,B1,4.04,25.68,4.40,20.00,35.48,32.35
20151016,12,琵琶湖,1,4388,是澤孝宏,30,滋賀,49,A2,6.46,46.77,6.11,39.88,25.64,22.86
20151016,12,琵琶湖,2,4123,細川裕子,33,愛知,45,A2,7.27,60.61,5.62,42.86,33.33,38.67
20151016,12,琵琶湖,3,4570,前田聖文,27,愛知,55,A2,4.90,26.37,5.16,36.84,37.84,31.03
20151016,12,琵琶湖,4,4209,藤田竜弘,32,静岡,58,A2,5.86,37.29,4.95,28.57,56.79,16.18
20151016,12,琵琶湖,5,3334,角ひとみ,47,広島,45,A2,5.71,39.66,3.00,0.00,49.38,32.88
20151016,12,琵琶湖,6,4686,丸野一樹,24,滋賀,54,B1,5.92,43.43,5.19,33.33,49.38,31.88
20151016,1,津,1,3435,寺田千恵,46,岡山,45,A1,7.68,57.38,9.24,90.48,14.29,45.45
20151016,1,津,2,4563,齋藤真之,27,岡山,52,B1,4.04,19.23,3.89,11.11,41.67,38.46
20151016,1,津,3,3911,鈴木猛,41,東京,56,B1,5.16,28.74,4.44,16.00,13.33,23.81
20151016,1,津,4,4623,中北将史,30,三重,52,B1,4.66,24.18,4.37,22.96,11.76,34.78
20151016,1,津,5,4699,八十岡恵,28,埼玉,46,B2,2.56,2.44,1.44,0.00,65.00,25.00
20151016,1,津,6,3776,横井健太,40,愛知,55,B1,4.35,25.26,4.34,20.31,47.37,12.50
20151016,2,津,1,4181,花本夏樹,32,三重,53,B1,4.61,22.89,5.55,32.28,33.33,20.83
20151016,2,津,2,4527,高野心吾,27,愛知,50,B1,4.52,23.17,3.38,14.29,12.50,25.00
20151016,2,津,3,3207,田村美和,49,東京,54,B1,4.17,18.67,3.00,11.11,0.00,45.83
20151016,2,津,4,4246,喜多那由,33,静岡,48,B1,4.10,16.18,2.75,6.25,6.25,31.82
20151016,2,津,5,3974,深山祐二,39,佐賀,52,B1,4.43,25.00,2.50,12.50,31.25,29.63
20151016,2,津,6,4087,吉田敦志,35,長崎,57,B1,4.05,18.82,4.22,33.33,21.43,48.72
20151016,3,津,1,3317,大山博美,49,福岡,46,B1,4.44,25.00,5.10,23.33,35.29,30.77
20151016,3,津,2,3550,都築正治,44,愛知,54,A1,6.23,48.91,6.72,55.17,20.00,36.67
20151016,3,津,3,2538,高橋二朗,66,東京,53,B1,4.47,16.67,4.70,25.00,21.43,47.62
20151016,3,津,4,3546,中里昌志,46,埼玉,49,A2,5.66,33.06,6.30,50.00,57.14,11.11
20151016,3,津,5,4528,黒井達矢,27,埼玉,50,A1,7.07,55.86,5.58,33.33,21.43,43.48
20151016,3,津,6,3708,岡部貴司,41,岡山,55,A2,5.36,35.11,5.76,37.84,20.00,29.17
20151016,4,津,1,3135,山口博司,57,長崎,48,B1,4.68,31.17,0.00,0.00,52.63,41.67
20151016,4,津,2,3581,加木郁,42,山口,51,B1,4.47,19.39,6.14,42.86,45.45,17.86
20151016,4,津,3,3690,河合三弘,45,愛知,51,A2,5.83,38.52,6.35,47.50,36.36,34.62
20151016,4,津,4,4618,乃村康友,32,三重,53,A2,5.17,31.00,5.39,36.40,13.33,29.63
20151016,4,津,5,3716,石渡鉄兵,40,東京,53,A1,7.16,51.15,6.17,22.22,0.00,18.18
20151016,4,津,6,4299,中島浩哉,32,長崎,57,B1,4.39,18.31,5.17,38.89,18.75,15.38
20151016,5,津,1,4323,山田佑樹,29,岡山,56,A2,4.76,29.82,4.06,16.67,35.71,51.35
20151016,5,津,2,4147,石田一吉,33,愛知,60,B1,3.32,11.11,3.57,2.86,22.22,22.22
20151016,5,津,3,4090,中村尊,35,埼玉,53,A1,6.13,43.44,5.29,36.54,35.71,31.43
20151016,5,津,4,4422,永井亮次,27,大阪,55,B1,4.24,17.89,4.73,21.21,43.75,36.00
20151016,5,津,5,4623,中北将史,30,三重,52,B1,4.66,24.18,4.37,22.96,11.76,34.78
20151016,5,津,6,4233,亀山雅幸,32,群馬,50,A1,6.38,45.74,5.97,48.39,38.89,28.00
20151016,6,津,1,3793,高橋真吾,43,埼玉,56,B1,5.56,38.67,5.75,45.83,47.37,26.92
20151016,6,津,2,4181,花本夏樹,32,三重,53,B1,4.61,22.89,5.55,32.28,33.33,20.83
20151016,6,津,3,4563,齋藤真之,27,岡山,52,B1,4.04,19.23,3.89,11.11,41.67,38.46
20151016,6,津,4,4624,高田明,30,佐賀,47,A2,6.34,47.13,6.45,50.00,11.11,54.17
20151016,6,津,5,3558,山本浩次,42,岡山,53,A1,6.82,48.48,7.24,56.00,31.58,28.57
20151016,6,津,6,4808,松尾拓,27,三重,48,A2,5.76,36.54,5.41,35.14,40.00,36.36
20151016,7,津,1,3207,田村美和,49,東京,54,B1,4.17,18.67,3.00,11.11,0.00,45.83
20151016,7,津,2,3435,寺田千恵,46,岡山,45,A1,7.68,57.38,9.24,90.48,14.29,45.45
20151016,7,津,3,3280,垣内清美,48,三重,50,A2,6.21,42.45,5.53,36.36,43.48,48.28
20151016,7,津,4,3317,大山博美,49,福岡,46,B1,4.44,25.00,5.10,23.33,35.29,30.77
20151016,7,津,5,4823,中村桃佳,22,香川,44,B1,4.35,24.62,0.00,0.00,55.56,32.14
20151016,7,津,6,4243,西村歩,29,大阪,46,B1,6.34,50.52,0.00,0.00,53.33,53.57
20151016,8,津,1,3310,金澤一洋,51,群馬,50,B1,3.66,12.37,4.04,14.29,23.53,35.48
20151016,8,津,2,4261,岡祐臣,31,三重,54,A1,6.56,47.89,6.89,54.10,42.11,21.43
20151016,8,津,3,4618,乃村康友,32,三重,53,A2,5.17,31.00,5.39,36.40,13.33,29.63
20151016,8,津,4,3708,岡部貴司,41,岡山,55,A2,5.36,35.11,5.76,37.84,20.00,29.17
20151016,8,津,5,4087,吉田敦志,35,長崎,57,B1,4.05,18.82,4.22,33.33,21.43,48.72
20151016,8,津,6,4009,小林一樹,36,山口,56,A2,4.80,25.69,5.46,31.71,23.53,25.00
20151016,9,津,1,3773,津留浩一,41,長崎,53,A2,6.19,48.51,4.80,20.00,0.00,33.33
20151016,9,津,2,2538,高橋二朗,66,東京,53,B1,4.47,16.67,4.70,25.00,21.43,47.62
20151016,9,津,3,3581,加木郁,42,山口,51,B1,4.47,19.39,6.14,42.86,45.45,17.86
20151016,9,津,4,3974,深山祐二,39,佐賀,52,B1,4.43,25.00,2.50,12.50,31.25,29.63
20151016,9,津,5,4422,永井亮次,27,大阪,55,B1,4.24,17.89,4.73,21.21,43.75,36.00
20151016,9,津,6,4699,八十岡恵,28,埼玉,46,B2,2.56,2.44,1.44,0.00,65.00,25.00
20151016,10,津,1,3107,平岡重典,51,大阪,50,A2,5.58,40.63,6.78,44.44,54.55,42.31
20151016,10,津,2,4323,山田佑樹,29,岡山,56,A2,4.76,29.82,4.06,16.67,35.71,51.35
20151016,10,津,3,3716,石渡鉄兵,40,東京,53,A1,7.16,51.15,6.17,22.22,0.00,18.18
20151016,10,津,4,3550,都築正治,44,愛知,54,A1,6.23,48.91,6.72,55.17,20.00,36.67
20151016,10,津,5,4808,松尾拓,27,三重,48,A2,5.76,36.54,5.41,35.14,40.00,36.36
20151016,10,津,6,3911,鈴木猛,41,東京,56,B1,5.16,28.74,4.44,16.00,13.33,23.81
20151016,11,津,1,4509,平見真彦,26,愛知,53,A2,5.71,41.96,5.96,42.31,45.00,50.00
20151016,11,津,2,3280,垣内清美,48,三重,50,A2,6.21,42.45,5.53,36.36,43.48,48.28
20151016,11,津,3,4528,黒井達矢,27,埼玉,50,A1,7.07,55.86,5.58,33.33,21.43,43.48
20151016,11,津,4,3135,山口博司,57,長崎,48,B1,4.68,31.17,0.00,0.00,52.63,41.67
20151016,11,津,5,4090,中村尊,35,埼玉,53,A1,6.13,43.44,5.29,36.54,35.71,31.43
20151016,11,津,6,4624,高田明,30,佐賀,47,A2,6.34,47.13,6.45,50.00,11.11,54.17
20151016,12,津,1,4261,岡祐臣,31,三重,54,A1,6.56,47.89,6.89,54.10,42.11,21.43
20151016,12,津,2,3690,河合三弘,45,愛知,51,A2,5.83,38.52,6.35,47.50,36.36,34.62
20151016,12,津,3,4243,西村歩,29,大阪,46,B1,6.34,50.52,0.00,0.00,53.33,53.57
20151016,12,津,4,3558,山本浩次,42,岡山,53,A1,6.82,48.48,7.24,56.00,31.58,28.57
20151016,12,津,5,4233,亀山雅幸,32,群馬,50,A1,6.38,45.74,5.97,48.39,38.89,28.00
20151016,12,津,6,3546,中里昌志,46,埼玉,49,A2,5.66,33.06,6.30,50.00,57.14,11.11
20151016,1,常滑,1,3905,天野友和,38,愛知,56,B1,4.53,21.51,5.51,36.49,40.69,36.51
20151016,1,常滑,2,3784,中島友和,39,佐賀,51,A1,6.35,48.60,6.50,50.00,34.89,35.29
20151016,1,常滑,3,4053,芦澤望,37,東京,56,A2,6.33,47.66,5.47,38.24,41.18,26.87
20151016,1,常滑,4,3839,川合理司,40,静岡,54,B1,5.67,37.86,4.89,22.22,40.49,42.67
20151016,1,常滑,5,3592,橋本健造,47,大阪,50,B1,4.24,25.00,3.89,21.05,27.96,28.99
20151016,1,常滑,6,4851,関浩哉,20,群馬,50,B1,3.37,15.00,5.00,33.33,32.47,37.31
20151016,2,常滑,1,3224,栗山繁洋,50,佐賀,51,B1,4.60,29.41,4.71,28.57,43.28,28.99
20151016,2,常滑,2,4015,前野竜一,35,山口,60,A1,6.02,43.81,6.41,52.94,35.32,35.06
20151016,2,常滑,3,4037,別府正幸,36,福岡,54,A2,5.31,34.69,7.14,59.09,28.35,53.75
20151016,2,常滑,4,4114,深澤達徳,35,東京,55,B1,5.63,39.13,5.74,39.13,47.29,28.36
20151016,2,常滑,5,4799,大山大我,22,大阪,49,B2,2.31,2.04,1.75,0.00,27.19,23.81
20151016,2,常滑,6,3591,後藤孝義,47,静岡,51,A2,5.82,36.94,5.21,30.95,32.89,16.67
20151016,3,常滑,1,3931,黒崎竜也,39,三重,50,A2,6.01,42.34,6.46,50.00,30.28,28.57
20151016,3,常滑,2,3658,阪本聖秀,41,大阪,52,B1,4.08,22.92,3.69,18.75,41.85,36.51
20151016,3,常滑,3,4381,田路朋史,31,兵庫,51,A2,4.86,26.92,4.33,22.22,34.84,41.25
20151016,3,常滑,4,3293,宮内由紀,50,東京,52,B1,4.53,21.30,4.96,23.08,33.91,44.16
20151016,3,常滑,5,4429,豊田泰洋,30,広島,56,B1,5.15,31.65,0.00,0.00,33.66,21.54
20151016,3,常滑,6,4303,牧原崇,32,愛知,50,A2,5.11,33.85,5.79,37.50,26.85,31.43
20151016,4,常滑,1,4228,吉田慎二,32,愛知,53,A2,4.89,31.58,6.08,45.24,32.73,20.34
20151016,4,常滑,2,4194,齋藤篤,33,東京,59,B1,3.83,17.78,4.33,16.67,40.84,40.26
20151016,4,常滑,3,4173,岡谷健吾,33,広島,57,A2,5.68,34.96,5.72,36.11,32.88,52.56
20151016,4,常滑,4,4425,大井清貴,30,山口,53,B1,4.39,25.00,4.20,33.33,43.69,48.10
20151016,4,常滑,5,4721,金光佑治,31,大阪,57,B2,1.21,0.00,1.27,0.00,51.00,36.71
20151016,4,常滑,6,4076,杉田篤光,37,静岡,52,A1,6.40,46.53,6.09,30.43,25.58,34.38
20151016,5,常滑,1,3988,古川誠之,37,愛知,53,A2,5.47,39.05,0.00,0.00,30.84,38.46
20151016,5,常滑,2,3617,竹田広樹,42,佐賀,54,B1,4.02,18.60,3.00,16.67,36.32,20.97
20151016,5,常滑,3,4162,竹本太樹,33,大阪,52,A2,4.49,21.43,5.76,36.36,32.22,30.65
20151016,5,常滑,4,4375,照屋厚仁,31,兵庫,50,B1,5.05,28.40,4.44,17.07,34.65,21.21
20151016,5,常滑,5,4374,永田義紘,31,広島,50,B1,4.16,17.11,4.14,28.57,39.06,45.45
20151016,5,常滑,6,3966,作間章,36,東京,53,A2,7.45,60.29,7.00,54.17,40.89,24.49
20151016,6,常滑,1,4037,別府正幸,36,福岡,54,A2,5.31,34.69,7.14,59.09,28.35,53.75
20151016,6,常滑,2,4541,牛田祥二,28,愛知,55,B1,3.14,10.94,3.76,20.83,36.92,35.90
20151016,6,常滑,3,3968,茶谷信次,39,滋賀,54,A2,5.10,29.67,5.81,40.74,43.16,24.19
20151016,6,常滑,4,4851,関浩哉,20,群馬,50,B1,3.37,15.00,5.00,33.33,32.47,37.31
20151016,6,常滑,5,4602,三上泰教,30,東京,52,B1,3.99,17.14,3.16,10.53,37.50,30.26
20151016,6,常滑,6,4397,西村拓也,28,大阪,50,A1,7.09,50.36,4.75,29.17,34.93,50.00
20151016,7,常滑,1,3559,水長照雄,47,山口,51,A2,5.43,33.06,5.25,29.17,32.86,30.00
20151016,7,常滑,2,4453,永田郁弥,27,愛知,52,B1,3.93,22.22,4.32,25.00,33.76,35.44
20151016,7,常滑,3,4256,渡辺浩司,31,福岡,51,A1,7.03,53.85,7.48,56.00,32.78,44.16
20151016,7,常滑,4,3592,橋本健造,47,大阪,50,B1,4.24,25.00,3.89,21.05,27.96,28.99
20151016,7,常滑,5,3293,宮内由紀,50,東京,52,B1,4.53,21.30,4.96,23.08,33.91,44.16
20151016,7,常滑,6,3619,長谷川充,41,群馬,52,A2,5.73,40.46,5.77,35.48,29.25,28.13
20151016,8,常滑,1,4381,田路朋史,31,兵庫,51,A2,4.86,26.92,4.33,22.22,34.84,41.25
20151016,8,常滑,2,4640,山ﾉ内雅,24,福岡,55,B1,4.68,28.74,4.67,22.22,26.97,14.81
20151016,8,常滑,3,4074,柳沢一,34,愛知,50,A1,7.10,52.03,7.66,60.00,29.44,24.62
20151016,8,常滑,4,3224,栗山繁洋,50,佐賀,51,B1,4.60,29.41,4.71,28.57,43.28,28.99
20151016,8,常滑,5,3839,川合理司,40,静岡,54,B1,5.67,37.86,4.89,22.22,40.49,42.67
20151016,8,常滑,6,4173,岡谷健吾,33,広島,57,A2,5.68,34.96,5.72,36.11,32.88,52.56
20151016,9,常滑,1,3582,吉川昭男,42,滋賀,52,A1,6.58,48.09,7.09,57.58,49.39,36.36
20151016,9,常滑,2,4543,重木輝彦,27,兵庫,47,B2,5.34,36.62,6.43,42.86,31.71,32.14
20151016,9,常滑,3,3658,阪本聖秀,41,大阪,52,B1,4.08,22.92,3.69,18.75,41.85,36.51
20151016,9,常滑,4,3591,後藤孝義,47,静岡,51,A2,5.82,36.94,5.21,30.95,32.89,16.67
20151016,9,常滑,5,4491,田中堅,28,群馬,52,B1,4.97,24.00,3.06,9.68,34.05,29.33
20151016,9,常滑,6,4053,芦澤望,37,東京,56,A2,6.33,47.66,5.47,38.24,41.18,26.87
20151016,10,常滑,1,4015,前野竜一,35,山口,60,A1,6.02,43.81,6.41,52.94,35.32,35.06
20151016,10,常滑,2,3931,黒崎竜也,39,三重,50,A2,6.01,42.34,6.46,50.00,30.28,28.57
20151016,10,常滑,3,3905,天野友和,38,愛知,56,B1,4.53,21.51,5.51,36.49,40.69,36.51
20151016,10,常滑,4,4194,齋藤篤,33,東京,59,B1,3.83,17.78,4.33,16.67,40.84,40.26
20151016,10,常滑,5,4375,照屋厚仁,31,兵庫,50,B1,5.05,28.40,4.44,17.07,34.65,21.21
20151016,10,常滑,6,3968,茶谷信次,39,滋賀,54,A2,5.10,29.67,5.81,40.74,43.16,24.19
20151016,11,常滑,1,3784,中島友和,39,佐賀,51,A1,6.35,48.60,6.50,50.00,34.89,35.29
20151016,11,常滑,2,4114,深澤達徳,35,東京,55,B1,5.63,39.13,5.74,39.13,47.29,28.36
20151016,11,常滑,3,3619,長谷川充,41,群馬,52,A2,5.73,40.46,5.77,35.48,29.25,28.13
20151016,11,常滑,4,4303,牧原崇,32,愛知,50,A2,5.11,33.85,5.79,37.50,26.85,31.43
20151016,11,常滑,5,4425,大井清貴,30,山口,53,B1,4.39,25.00,4.20,33.33,43.69,48.10
20151016,11,常滑,6,4162,竹本太樹,33,大阪,52,A2,4.49,21.43,5.76,36.36,32.22,30.65
20151016,12,常滑,1,4074,柳沢一,34,愛知,50,A1,7.10,52.03,7.66,60.00,29.44,24.62
20151016,12,常滑,2,3582,吉川昭男,42,滋賀,52,A1,6.58,48.09,7.09,57.58,49.39,36.36
20151016,12,常滑,3,3966,作間章,36,東京,53,A2,7.45,60.29,7.00,54.17,40.89,24.49
20151016,12,常滑,4,4397,西村拓也,28,大阪,50,A1,7.09,50.36,4.75,29.17,34.93,50.00
20151016,12,常滑,5,4076,杉田篤光,37,静岡,52,A1,6.40,46.53,6.09,30.43,25.58,34.38
20151016,12,常滑,6,4256,渡辺浩司,31,福岡,51,A1,7.03,53.85,7.48,56.00,32.78,44.16
20151016,1,蒲郡,1,2785,水野要,61,兵庫,52,B1,4.61,29.03,4.43,14.29,32.81,37.68
20151016,1,蒲郡,2,3226,浦田信義,50,東京,51,B1,4.75,25.35,4.95,34.21,32.89,30.43
20151016,1,蒲郡,3,3762,豊田光紀,43,福井,53,B1,3.61,18.57,5.17,33.33,27.27,43.21
20151016,1,蒲郡,4,4725,佐竹太一,29,兵庫,52,B2,3.09,9.09,3.68,7.14,43.21,30.68
20151016,1,蒲郡,5,4666,日笠勝弘,31,大阪,54,B1,4.69,23.88,3.20,6.67,35.87,32.53
20151016,1,蒲郡,6,4620,佐藤裕紀,32,大阪,54,B2,3.34,14.93,2.52,8.70,31.58,27.54
20151016,2,蒲郡,1,3276,鈴木貴司,49,愛知,57,B1,3.78,19.77,4.90,31.67,38.10,20.55
20151016,2,蒲郡,2,3673,小林享,43,群馬,55,B1,4.42,20.75,5.13,31.25,40.22,30.56
20151016,2,蒲郡,3,3628,石間徹,46,滋賀,54,B2,3.57,13.33,3.94,17.65,30.59,36.71
20151016,2,蒲郡,4,3376,萩原善行,48,群馬,48,B1,3.76,12.96,4.32,22.58,35.29,50.72
20151016,2,蒲郡,5,4796,春園功太,24,三重,53,B1,3.78,25.00,3.08,16.00,42.86,21.92
20151016,2,蒲郡,6,3378,八木富重,47,愛知,54,B1,3.15,13.58,4.15,16.36,36.76,40.00
20151016,3,蒲郡,1,3536,一色雅昭,48,愛知,53,B1,4.98,26.67,5.52,34.18,33.33,41.67
20151016,3,蒲郡,2,4420,津久井拓,27,群馬,53,A2,5.28,31.82,5.59,31.71,39.74,35.14
20151016,3,蒲郡,3,3787,天野誠,44,岡山,52,B1,4.53,24.71,3.78,11.11,32.00,40.30
20151016,3,蒲郡,4,3519,冨田秀幸,47,愛知,49,A2,5.29,29.63,5.84,32.79,31.52,39.24
20151016,3,蒲郡,5,3686,鳥居塚孝,40,群馬,52,A2,6.09,45.08,5.47,39.47,31.43,22.97
20151016,3,蒲郡,6,3120,竹村明,54,大阪,54,B1,4.37,15.38,4.60,24.00,28.92,26.83
20151016,4,蒲郡,1,4023,柴田友和,38,福岡,51,B1,4.50,26.56,5.34,34.48,37.80,12.07
20151016,4,蒲郡,2,2380,関忠志,64,岡山,50,B1,5.46,37.93,4.43,28.57,40.58,26.09
20151016,4,蒲郡,3,3186,沖悟,55,大阪,51,B1,4.20,18.64,5.78,44.44,45.07,24.29
20151016,4,蒲郡,4,3694,木村恒一,44,大阪,57,A2,4.49,21.15,5.80,30.00,35.14,31.58
20151016,4,蒲郡,5,3714,梶原正,40,福岡,55,B1,4.56,19.15,4.42,25.00,35.37,30.49
20151016,4,蒲郡,6,3406,中里英夫,47,群馬,52,A1,6.26,45.24,5.92,34.62,42.25,30.00
20151016,5,蒲郡,1,4085,荻野裕介,35,東京,53,A1,6.53,48.39,5.83,33.33,31.76,41.18
20151016,5,蒲郡,2,3762,豊田光紀,43,福井,53,B1,3.61,18.57,5.17,33.33,27.27,43.21
20151016,5,蒲郡,3,3807,岡部哲,40,埼玉,51,B1,4.93,23.08,6.35,47.06,30.00,35.90
20151016,5,蒲郡,4,4113,木村浩士,35,群馬,56,A2,6.13,46.23,5.19,36.11,28.00,43.24
20151016,5,蒲郡,5,3303,渡辺豊,48,東京,53,A2,5.58,32.67,5.35,39.13,27.03,33.33
20151016,5,蒲郡,6,3976,内田圭,38,山口,57,B1,4.15,21.74,3.86,28.57,33.82,27.87
20151016,6,蒲郡,1,4210,松村康太,32,福井,51,A1,6.33,43.52,7.56,71.88,38.36,28.00
20151016,6,蒲郡,2,3730,塩崎優司,43,愛知,50,A2,5.13,30.30,6.32,45.59,43.37,33.33
20151016,6,蒲郡,3,4620,佐藤裕紀,32,大阪,54,B2,3.34,14.93,2.52,8.70,31.58,27.54
20151016,6,蒲郡,4,3226,浦田信義,50,東京,51,B1,4.75,25.35,4.95,34.21,32.89,30.43
20151016,6,蒲郡,5,3628,石間徹,46,滋賀,54,B2,3.57,13.33,3.94,17.65,30.59,36.71
20151016,6,蒲郡,6,4361,柳生泰二,30,山口,53,A1,6.96,58.09,0.00,0.00,33.33,32.86
20151016,7,蒲郡,1,3952,中澤和志,39,埼玉,53,A1,7.14,55.93,7.16,45.95,28.38,24.39
20151016,7,蒲郡,2,3519,冨田秀幸,47,愛知,49,A2,5.29,29.63,5.84,32.79,31.52,39.24
20151016,7,蒲郡,3,2785,水野要,61,兵庫,52,B1,4.61,29.03,4.43,14.29,32.81,37.68
20151016,7,蒲郡,4,3343,齊藤寛人,49,福井,53,A2,5.92,42.31,6.83,52.17,35.71,37.18
20151016,7,蒲郡,5,3787,天野誠,44,岡山,52,B1,4.53,24.71,3.78,11.11,32.00,40.30
20151016,7,蒲郡,6,4666,日笠勝弘,31,大阪,54,B1,4.69,23.88,3.20,6.67,35.87,32.53
20151016,8,蒲郡,1,3331,新美恵一,47,愛知,53,A1,6.16,45.68,7.62,63.24,33.73,31.51
20151016,8,蒲郡,2,3276,鈴木貴司,49,愛知,57,B1,3.78,19.77,4.90,31.67,38.10,20.55
20151016,8,蒲郡,3,3120,竹村明,54,大阪,54,B1,4.37,15.38,4.60,24.00,28.92,26.83
20151016,8,蒲郡,4,4330,奈須啓太,32,福岡,49,A1,6.25,47.17,8.05,70.00,28.77,23.73
20151016,8,蒲郡,5,3694,木村恒一,44,大阪,57,A2,4.49,21.15,5.80,30.00,35.14,31.58
20151016,8,蒲郡,6,4796,春園功太,24,三重,53,B1,3.78,25.00,3.08,16.00,42.86,21.92
20151016,9,蒲郡,1,4314,青木幸太,31,福岡,53,A2,6.22,43.41,7.45,54.55,36.71,38.96
20151016,9,蒲郡,2,3186,沖悟,55,大阪,51,B1,4.20,18.64,5.78,44.44,45.07,24.29
20151016,9,蒲郡,3,3303,渡辺豊,48,東京,53,A2,5.58,32.67,5.35,39.13,27.03,33.33
20151016,9,蒲郡,4,4361,柳生泰二,30,山口,53,A1,6.96,58.09,0.00,0.00,33.33,32.86
20151016,9,蒲郡,5,4113,木村浩士,35,群馬,56,A2,6.13,46.23,5.19,36.11,28.00,43.24
20151016,9,蒲郡,6,4725,佐竹太一,29,兵庫,52,B2,3.09,9.09,3.68,7.14,43.21,30.68
20151016,10,蒲郡,1,4420,津久井拓,27,群馬,53,A2,5.28,31.82,5.59,31.71,39.74,35.14
20151016,10,蒲郡,2,3536,一色雅昭,48,愛知,53,B1,4.98,26.67,5.52,34.18,33.33,41.67
20151016,10,蒲郡,3,3343,齊藤寛人,49,福井,53,A2,5.92,42.31,6.83,52.17,35.71,37.18
20151016,10,蒲郡,4,3952,中澤和志,39,埼玉,53,A1,7.14,55.93,7.16,45.95,28.38,24.39
20151016,10,蒲郡,5,3807,岡部哲,40,埼玉,51,B1,4.93,23.08,6.35,47.06,30.00,35.90
20151016,10,蒲郡,6,2380,関忠志,64,岡山,50,B1,5.46,37.93,4.43,28.57,40.58,26.09
20151016,11,蒲郡,1,4330,奈須啓太,32,福岡,49,A1,6.25,47.17,8.05,70.00,28.77,23.73
20151016,11,蒲郡,2,3331,新美恵一,47,愛知,53,A1,6.16,45.68,7.62,63.24,33.73,31.51
20151016,11,蒲郡,3,4085,荻野裕介,35,東京,53,A1,6.53,48.39,5.83,33.33,31.76,41.18
20151016,11,蒲郡,4,3406,中里英夫,47,群馬,52,A1,6.26,45.24,5.92,34.62,42.25,30.00
20151016,11,蒲郡,5,4023,柴田友和,38,福岡,51,B1,4.50,26.56,5.34,34.48,37.80,12.07
20151016,11,蒲郡,6,4210,松村康太,32,福井,51,A1,6.33,43.52,7.56,71.88,38.36,28.00
20151016,12,蒲郡,1,3898,平田忠則,38,福岡,52,A1,7.24,54.20,7.80,80.00,42.86,18.97
20151016,12,蒲郡,2,3826,村田修次,42,東京,53,A1,7.15,53.60,6.82,40.91,25.61,38.78
20151016,12,蒲郡,3,3815,森岡満郎,39,岡山,50,A2,6.92,54.13,6.26,44.44,33.33,31.40
20151016,12,蒲郡,4,3983,須藤博倫,37,埼玉,51,A1,7.11,53.51,7.04,48.00,50.55,21.43
20151016,12,蒲郡,5,4227,安達裕樹,32,三重,53,A1,5.98,39.81,6.56,50.00,20.63,49.41
20151016,12,蒲郡,6,4472,尾嶋一広,28,兵庫,53,A2,6.37,49.12,5.66,41.46,51.35,44.59
20151016,1,多摩川,1,3939,渡辺真至,37,愛知,55,B2,5.33,32.53,5.30,24.32,35.85,33.33
20151016,1,多摩川,2,3459,中野和裕,48,佐賀,56,B1,4.17,19.72,0.00,0.00,37.04,43.48
20151016,1,多摩川,3,2883,柾田敏行,61,東京,51,B1,4.41,20.65,4.38,18.87,34.62,42.22
20151016,1,多摩川,4,3478,嶋田貴支,44,香川,52,A2,4.98,25.00,3.79,10.53,25.00,25.58
20151016,1,多摩川,5,3496,赤坂等,47,群馬,52,B1,5.04,28.89,4.95,32.73,36.36,38.46
20151016,1,多摩川,6,3846,藤井理,38,山口,59,B1,4.65,26.76,0.00,0.00,36.73,22.73
20151016,2,多摩川,1,3246,星野政彦,51,兵庫,53,B1,5.35,33.67,0.00,0.00,27.66,22.73
20151016,2,多摩川,2,4103,山崎善庸,36,埼玉,51,B1,3.94,20.37,5.12,37.21,33.33,46.67
20151016,2,多摩川,3,4432,黄金井力,29,埼玉,55,B1,5.39,30.68,5.94,41.67,28.57,43.18
20151016,2,多摩川,4,3727,新井康行,44,愛知,52,B1,3.42,13.58,4.04,21.57,28.57,34.88
20151016,2,多摩川,5,3753,河上哲也,44,香川,53,B1,3.47,14.81,6.00,41.18,45.65,37.50
20151016,2,多摩川,6,4564,山本景士,27,広島,52,B1,4.26,17.95,5.44,27.78,24.00,28.26
20151016,3,多摩川,1,4120,柘植政浩,34,滋賀,51,A2,5.16,30.28,4.96,28.26,18.92,38.10
20151016,3,多摩川,2,3439,大平誉史,46,大阪,53,A1,6.44,50.42,6.77,65.38,31.91,20.93
20151016,3,多摩川,3,4596,葛原大陽,32,徳島,50,B1,5.17,30.77,1.00,0.00,29.63,35.90
20151016,3,多摩川,4,4779,伊倉光,29,東京,51,B2,2.44,4.00,2.59,3.45,30.19,26.67
20151016,3,多摩川,5,3176,長谷川巌,51,山口,52,A2,5.78,36.36,5.54,33.33,25.00,47.73
20151016,3,多摩川,6,4377,濱本優一,31,大阪,49,B1,5.98,40.74,4.68,26.32,28.26,39.13
20151016,4,多摩川,1,3814,金子貴志,39,福井,50,A2,6.29,41.73,5.94,35.29,26.32,20.00
20151016,4,多摩川,2,4177,萬正嗣,32,群馬,54,A2,6.19,42.97,5.91,35.29,5.71,21.74
20151016,4,多摩川,3,4129,宇野博之,35,愛知,51,B1,4.36,27.00,5.26,48.15,24.44,30.43
20151016,4,多摩川,4,4495,森晋太郎,28,福岡,54,B1,4.87,34.21,4.71,42.86,32.61,45.45
20151016,4,多摩川,5,3548,室田泰史,45,福井,55,A1,6.26,46.51,6.08,36.00,38.89,34.88
20151016,4,多摩川,6,3333,丸尾義孝,47,徳島,52,A2,6.53,50.37,0.00,0.00,26.09,29.55
20151016,5,多摩川,1,3482,金子猛志,44,群馬,58,B1,5.27,30.77,5.29,28.57,32.14,26.83
20151016,5,多摩川,2,3956,横澤剛治,38,静岡,55,A1,6.98,56.19,5.74,31.58,26.42,34.78
20151016,5,多摩川,3,3939,渡辺真至,37,愛知,55,B2,5.33,32.53,5.30,24.32,35.85,33.33
20151016,5,多摩川,4,3789,和田敏彦,43,福岡,49,B1,4.71,22.11,4.53,17.65,23.08,30.43
20151016,5,多摩川,5,3463,乙津康志,48,東京,50,A1,5.94,41.73,5.67,35.29,28.00,28.26
20151016,5,多摩川,6,4379,桑島和宏,31,東京,53,A2,5.87,39.82,7.00,50.00,22.73,44.44
20151016,6,多摩川,1,4376,藤田靖弘,31,静岡,50,A2,5.86,36.97,5.37,31.58,21.62,31.11
20151016,6,多摩川,2,3246,星野政彦,51,兵庫,53,B1,5.35,33.67,0.00,0.00,27.66,22.73
20151016,6,多摩川,3,4086,寺本重宣,35,東京,49,B1,5.63,37.63,5.89,44.44,19.44,34.88
20151016,6,多摩川,4,4461,安田吉宏,29,三重,56,B1,3.61,16.67,4.31,26.92,31.11,23.68
20151016,6,多摩川,5,3769,佐竹恒彦,42,滋賀,52,A2,6.24,45.22,5.27,46.67,35.29,34.78
20151016,6,多摩川,6,3697,勝野竜司,43,兵庫,50,A1,7.07,62.73,5.67,38.89,40.00,28.89
20151016,7,多摩川,1,3024,西島義則,53,広島,58,A2,7.70,68.52,4.53,29.41,33.33,25.53
20151016,7,多摩川,2,4120,柘植政浩,34,滋賀,51,A2,5.16,30.28,4.96,28.26,18.92,38.10
20151016,7,多摩川,3,3846,藤井理,38,山口,59,B1,4.65,26.76,0.00,0.00,36.73,22.73
20151016,7,多摩川,4,4232,笠雅雄,32,福岡,60,B1,4.82,31.52,4.18,17.65,32.65,37.78
20151016,7,多摩川,5,3360,原田富士,46,福岡,53,A1,6.09,44.20,6.24,55.17,13.16,39.13
20151016,7,多摩川,6,3554,仲口博崇,43,愛知,52,A1,7.25,55.32,7.45,57.89,59.09,51.16
20151016,8,多摩川,1,4287,今井貴士,31,福岡,55,A2,7.14,59.40,5.20,35.00,37.21,31.91
20151016,8,多摩川,2,3814,金子貴志,39,福井,50,A2,6.29,41.73,5.94,35.29,26.32,20.00
20151016,8,多摩川,3,3727,新井康行,44,愛知,52,B1,3.42,13.58,4.04,21.57,28.57,34.88
20151016,8,多摩川,4,3750,笠井広幸,44,徳島,58,B1,4.02,25.56,5.30,30.00,20.45,35.71
20151016,8,多摩川,5,3918,深井利寿,41,滋賀,51,A1,6.60,47.15,6.05,38.10,16.28,38.64
20151016,8,多摩川,6,3176,長谷川巌,51,山口,52,A2,5.78,36.36,5.54,33.33,25.00,47.73
20151016,9,多摩川,1,3439,大平誉史,46,大阪,53,A1,6.44,50.42,6.77,65.38,31.91,20.93
20151016,9,多摩川,2,3482,金子猛志,44,群馬,58,B1,5.27,30.77,5.29,28.57,32.14,26.83
20151016,9,多摩川,3,4495,森晋太郎,28,福岡,54,B1,4.87,34.21,4.71,42.86,32.61,45.45
20151016,9,多摩川,4,4827,鈴木雄斗,21,静岡,49,B2,3.48,13.04,2.33,0.00,23.08,18.60
20151016,9,多摩川,5,4432,黄金井力,29,埼玉,55,B1,5.39,30.68,5.94,41.67,28.57,43.18
20151016,9,多摩川,6,4358,松本庸平,31,三重,50,B1,6.16,43.43,5.02,32.56,14.29,37.78
20151016,10,多摩川,1,3956,横澤剛治,38,静岡,55,A1,6.98,56.19,5.74,31.58,26.42,34.78
20151016,10,多摩川,2,4376,藤田靖弘,31,静岡,50,A2,5.86,36.97,5.37,31.58,21.62,31.11
20151016,10,多摩川,3,3548,室田泰史,45,福井,55,A1,6.26,46.51,6.08,36.00,38.89,34.88
20151016,10,多摩川,4,4596,葛原大陽,32,徳島,50,B1,5.17,30.77,1.00,0.00,29.63,35.90
20151016,10,多摩川,5,3284,渡邊伸太,47,佐賀,54,A2,6.31,47.71,5.67,33.33,55.81,12.50
20151016,10,多摩川,6,3496,赤坂等,47,群馬,52,B1,5.04,28.89,4.95,32.73,36.36,38.46
20151016,11,多摩川,1,3478,嶋田貴支,44,香川,52,A2,4.98,25.00,3.79,10.53,25.00,25.58
20151016,11,多摩川,2,4086,寺本重宣,35,東京,49,B1,5.63,37.63,5.89,44.44,19.44,34.88
20151016,11,多摩川,3,3463,乙津康志,48,東京,50,A1,5.94,41.73,5.67,35.29,28.00,28.26
20151016,11,多摩川,4,4103,山崎善庸,36,埼玉,51,B1,3.94,20.37,5.12,37.21,33.33,46.67
20151016,11,多摩川,5,3333,丸尾義孝,47,徳島,52,A2,6.53,50.37,0.00,0.00,26.09,29.55
20151016,11,多摩川,6,3360,原田富士,46,福岡,53,A1,6.09,44.20,6.24,55.17,13.16,39.13
20151016,12,多摩川,1,4061,萩原秀人,36,福井,55,A1,7.27,53.73,6.92,50.00,33.33,25.58
20151016,12,多摩川,2,4287,今井貴士,31,福岡,55,A2,7.14,59.40,5.20,35.00,37.21,31.91
20151016,12,多摩川,3,3753,河上哲也,44,香川,53,B1,3.47,14.81,6.00,41.18,45.65,37.50
20151016,12,多摩川,4,2883,柾田敏行,61,東京,51,B1,4.41,20.65,4.38,18.87,34.62,42.22
20151016,12,多摩川,5,3554,仲口博崇,43,愛知,52,A1,7.25,55.32,7.45,57.89,59.09,51.16
20151016,12,多摩川,6,3769,佐竹恒彦,42,滋賀,52,A2,6.24,45.22,5.27,46.67,35.29,34.78
20151016,1,江戸川,1,4558,宮野仁,25,岡山,55,B1,4.30,19.42,3.88,18.75,32.04,37.74
20151016,1,江戸川,2,4322,永瀬巧,29,群馬,55,B1,3.84,12.50,3.61,17.39,39.81,31.96
20151016,1,江戸川,3,3608,森仁志,43,愛知,49,B1,4.12,15.73,5.06,31.25,21.21,31.43
20151016,1,江戸川,4,3808,秋田健太,40,埼玉,60,B1,4.48,24.72,5.43,37.14,46.53,36.63
20151016,1,江戸川,5,3990,芹澤克彦,37,静岡,50,B1,6.12,40.59,6.00,46.15,21.90,28.71
20151016,1,江戸川,6,4339,平瀬城啓,31,福井,53,B1,4.03,13.48,3.69,6.90,37.86,37.76
20151016,2,江戸川,1,4615,板倉敦史,35,東京,54,B1,3.81,11.90,3.86,15.89,25.74,44.55
20151016,2,江戸川,2,3372,加藤雅之,48,広島,50,B1,4.51,19.57,6.14,28.57,41.41,30.77
20151016,2,江戸川,3,3433,諏訪忠宏,47,埼玉,53,B1,3.67,11.90,4.60,33.33,23.00,36.36
20151016,2,江戸川,4,4609,梅内駿佑,25,東京,52,B2,3.73,15.38,4.22,18.55,31.96,23.47
20151016,2,江戸川,5,3214,中西長松,53,岡山,52,B1,3.68,20.78,3.30,10.00,34.91,48.08
20151016,2,江戸川,6,4107,吉村茂樹,35,群馬,61,B1,4.11,17.89,4.87,31.48,28.30,29.41
20151016,3,江戸川,1,3989,熊本英一,37,佐賀,56,B1,4.18,18.68,5.11,34.21,45.10,37.25
20151016,3,江戸川,2,3454,井川大作,44,岡山,57,A2,5.90,40.00,6.68,54.84,36.27,43.56
20151016,3,江戸川,3,4535,北山康介,25,東京,54,A2,5.95,40.66,5.99,42.86,28.57,31.63
20151016,3,江戸川,4,4395,下河雅史,29,福岡,53,B1,5.12,30.77,5.18,29.41,30.77,34.95
20151016,3,江戸川,5,3342,藤井勝巳,49,愛知,53,B1,3.49,14.04,4.11,26.32,34.34,40.00
20151016,3,江戸川,6,4263,武重雄介,31,山口,56,A2,5.00,31.36,4.66,25.71,20.56,30.77
20151016,4,江戸川,1,4739,中村晃朋,23,香川,53,B1,4.80,28.95,0.00,0.00,37.25,32.04
20151016,4,江戸川,2,3073,北岡淳,53,佐賀,52,B1,4.04,22.92,3.72,16.67,38.38,30.85
20151016,4,江戸川,3,3412,鈴木博,46,埼玉,54,A1,6.37,48.85,7.16,62.16,37.86,42.16
20151016,4,江戸川,4,4557,松尾光広,25,岡山,55,B1,3.93,20.83,3.00,14.29,26.26,32.35
20151016,4,江戸川,5,4000,松本博昭,38,広島,55,A2,5.88,39.23,6.43,40.54,27.45,30.00
20151016,4,江戸川,6,3987,後藤正宗,37,静岡,51,A1,5.96,38.76,4.63,22.22,19.39,33.00
20151016,5,江戸川,1,3608,森仁志,43,愛知,49,B1,4.12,15.73,5.06,31.25,21.21,31.43
20151016,5,江戸川,2,4520,高倉孝太,28,福井,48,A2,4.56,22.61,4.62,19.05,32.08,38.38
20151016,5,江戸川,3,4264,長尾章平,30,山口,52,A1,6.48,47.24,5.86,39.53,35.35,33.98
20151016,5,江戸川,4,3777,樋口亮,40,長崎,51,A1,6.53,49.61,5.89,44.44,23.47,31.73
20151016,5,江戸川,5,4517,平野恭兵,28,東京,54,B1,3.32,17.33,3.58,22.92,26.47,34.65
20151016,5,江戸川,6,3834,細川明人,40,岡山,54,B1,5.28,34.02,5.60,36.00,36.63,41.58
20151016,6,江戸川,1,3433,諏訪忠宏,47,埼玉,53,B1,3.67,11.90,4.60,33.33,23.00,36.36
20151016,6,江戸川,2,3562,山下和彦,46,広島,51,A2,6.77,55.86,7.25,50.00,30.00,30.00
20151016,6,江戸川,3,4335,若林将,31,東京,52,A1,7.49,60.34,7.03,51.37,33.33,25.49
20151016,6,江戸川,4,4815,伏島祐介,25,東京,52,B2,2.91,10.71,3.30,14.81,24.75,37.76
20151016,6,江戸川,5,4740,齋藤達希,23,静岡,50,B2,2.34,1.79,2.24,0.00,37.00,26.67
20151016,6,江戸川,6,4497,桑原悠,28,長崎,50,A2,6.83,50.39,5.43,43.33,32.00,34.00
20151016,7,江戸川,1,4081,樋口範政,36,愛知,55,B1,4.67,25.88,5.41,29.73,31.13,36.73
20151016,7,江戸川,2,4430,永田秀二,29,東京,55,A1,6.05,43.51,7.14,57.58,47.52,29.90
20151016,7,江戸川,3,4558,宮野仁,25,岡山,55,B1,4.30,19.42,3.88,18.75,32.04,37.74
20151016,7,江戸川,4,4451,松崎祐太,27,福岡,50,A2,6.05,40.00,5.41,35.29,30.93,37.25
20151016,7,江戸川,5,2914,岡孝,58,徳島,54,A2,5.87,41.13,7.07,66.67,27.36,28.57
20151016,7,江戸川,6,3214,中西長松,53,岡山,52,B1,3.68,20.78,3.30,10.00,34.91,48.08
20151016,8,江戸川,1,3808,秋田健太,40,埼玉,60,B1,4.48,24.72,5.43,37.14,46.53,36.63
20151016,8,江戸川,2,4390,松本弓雄,29,徳島,52,B1,4.65,20.51,3.25,12.50,34.65,33.01
20151016,8,江戸川,3,4122,安東幸治,33,福岡,55,A2,5.31,34.34,4.17,20.83,25.26,40.00
20151016,8,江戸川,4,4131,原豊土,35,静岡,54,A1,6.14,37.72,6.78,51.35,28.85,35.29
20151016,8,江戸川,5,4263,武重雄介,31,山口,56,A2,5.00,31.36,4.66,25.71,20.56,30.77
20151016,8,江戸川,6,4557,松尾光広,25,岡山,55,B1,3.93,20.83,3.00,14.29,26.26,32.35
20151016,9,江戸川,1,3454,井川大作,44,岡山,57,A2,5.90,40.00,6.68,54.84,36.27,43.56
20151016,9,江戸川,2,4221,南部圭史,33,香川,50,B1,3.85,20.59,3.75,10.00,35.29,23.76
20151016,9,江戸川,3,3990,芹澤克彦,37,静岡,50,B1,6.12,40.59,6.00,46.15,21.90,28.71
20151016,9,江戸川,4,4517,平野恭兵,28,東京,54,B1,3.32,17.33,3.58,22.92,26.47,34.65
20151016,9,江戸川,5,4609,梅内駿佑,25,東京,52,B2,3.73,15.38,4.22,18.55,31.96,23.47
20151016,9,江戸川,6,3412,鈴木博,46,埼玉,54,A1,6.37,48.85,7.16,62.16,37.86,42.16
20151016,10,江戸川,1,3996,秋山直之,36,群馬,54,A1,6.64,44.68,7.13,53.85,22.86,31.37
20151016,10,江戸川,2,3624,大石和彦,46,静岡,54,B1,4.27,23.91,5.17,37.93,30.10,33.33
20151016,10,江戸川,3,4497,桑原悠,28,長崎,50,A2,6.83,50.39,5.43,43.33,32.00,34.00
20151016,10,江戸川,4,4739,中村晃朋,23,香川,53,B1,4.80,28.95,0.00,0.00,37.25,32.04
20151016,10,江戸川,5,4264,長尾章平,30,山口,52,A1,6.48,47.24,5.86,39.53,35.35,33.98
20151016,10,江戸川,6,4535,北山康介,25,東京,54,A2,5.95,40.66,5.99,42.86,28.57,31.63
20151016,11,江戸川,1,4445,宮地元輝,28,佐賀,55,A2,6.64,51.04,6.29,48.57,29.00,27.18
20151016,11,江戸川,2,4335,若林将,31,東京,52,A1,7.49,60.34,7.03,51.37,33.33,25.49
20151016,11,江戸川,3,3834,細川明人,40,岡山,54,B1,5.28,34.02,5.60,36.00,36.63,41.58
20151016,11,江戸川,4,3987,後藤正宗,37,静岡,51,A1,5.96,38.76,4.63,22.22,19.39,33.00
20151016,11,江戸川,5,4395,下河雅史,29,福岡,53,B1,5.12,30.77,5.18,29.41,30.77,34.95
20151016,11,江戸川,6,2914,岡孝,58,徳島,54,A2,5.87,41.13,7.07,66.67,27.36,28.57
20151016,12,江戸川,1,4131,原豊土,35,静岡,54,A1,6.14,37.72,6.78,51.35,28.85,35.29
20151016,12,江戸川,2,3777,樋口亮,40,長崎,51,A1,6.53,49.61,5.89,44.44,23.47,31.73
20151016,12,江戸川,3,3073,北岡淳,53,佐賀,52,B1,4.04,22.92,3.72,16.67,38.38,30.85
20151016,12,江戸川,4,3562,山下和彦,46,広島,51,A2,6.77,55.86,7.25,50.00,30.00,30.00
20151016,12,江戸川,5,4451,松崎祐太,27,福岡,50,A2,6.05,40.00,5.41,35.29,30.93,37.25
20151016,12,江戸川,6,3342,藤井勝巳,49,愛知,53,B1,3.49,14.04,4.11,26.32,34.34,40.00
20151016,1,桐生,1,3671,後藤博,43,福井,56,B1,3.62,16.67,4.78,22.22,34.24,30.00
20151016,1,桐生,2,3791,川俣昌史,43,群馬,51,B1,3.89,14.12,4.57,18.39,27.22,30.14
20151016,1,桐生,3,3476,中村稔宏,45,徳島,49,B1,2.86,9.21,3.57,25.00,31.90,39.05
20151016,1,桐生,4,3833,中辻博訓,41,福井,54,A1,6.54,44.80,6.87,56.67,29.09,32.38
20151016,1,桐生,5,4780,ﾏｲｹ田,29,東京,50,B2,2.51,7.84,1.57,0.00,37.93,34.34
20151016,1,桐生,6,3052,原田正己,52,徳島,51,B1,4.29,23.21,4.31,6.25,30.33,24.75
20151016,2,桐生,1,3065,増田弘喜,55,埼玉,56,B1,4.01,14.47,3.76,11.76,39.75,33.96
20151016,2,桐生,2,3414,加瀬智宏,45,群馬,52,A1,6.78,50.00,6.30,39.46,30.48,33.82
20151016,2,桐生,3,4488,小山勉,29,埼玉,51,A2,5.29,32.56,5.46,36.51,34.45,26.98
20151016,2,桐生,4,3401,上田隆章,48,香川,53,A2,5.67,36.61,5.85,30.77,37.76,28.29
20151016,2,桐生,5,3720,吉村輝,40,広島,57,B1,2.97,10.26,0.00,0.00,31.48,32.38
20151016,2,桐生,6,3344,中島浩喜,49,静岡,60,B1,4.13,17.98,4.11,20.00,31.65,29.76
20151016,3,桐生,1,3153,前川竜次,51,佐賀,51,B1,4.62,32.00,3.56,18.52,30.77,33.01
20151016,3,桐生,2,3661,柳瀬興志,46,山口,56,A2,5.50,31.82,4.00,11.11,30.77,27.14
20151016,3,桐生,3,3912,川原正明,41,福井,49,A1,6.31,47.93,4.82,36.36,32.85,36.54
20151016,3,桐生,4,3880,浅見宗孝,42,埼玉,56,B1,4.52,23.26,4.88,32.56,28.99,35.58
20151016,3,桐生,5,3202,三品隆浩,50,東京,52,B1,5.20,27.37,3.35,5.88,39.38,25.73
20151016,3,桐生,6,4496,内堀学,28,東京,51,A2,4.96,32.81,6.42,52.63,36.22,28.36
20151016,4,桐生,1,4054,福嶋智之,37,岡山,54,B1,4.31,20.62,5.22,22.22,29.84,35.10
20151016,4,桐生,2,3681,山谷央,42,東京,53,A2,5.56,36.44,5.76,37.78,36.02,29.13
20151016,4,桐生,3,4251,川崎誠志,32,山口,52,B1,4.25,26.76,4.07,13.33,26.53,33.81
20151016,4,桐生,4,3164,森脇徹,54,山口,51,A2,5.83,40.00,4.61,11.11,38.36,27.80
20151016,4,桐生,5,2787,藤井定美,60,群馬,51,B1,5.05,32.98,5.52,37.50,36.26,32.85
20151016,4,桐生,6,4342,谷野錬志,31,静岡,51,A1,6.68,53.70,7.00,61.90,34.42,28.79
20151016,5,桐生,1,4191,赤羽克也,34,埼玉,53,A2,5.19,31.19,5.76,43.24,33.69,36.36
20151016,5,桐生,2,4463,三苫晃幸,29,福岡,54,B1,5.43,32.61,0.00,0.00,28.21,30.99
20151016,5,桐生,3,3790,佐口達也,43,群馬,54,A2,5.54,38.13,6.04,42.14,37.16,29.56
20151016,5,桐生,4,3052,原田正己,52,徳島,51,B1,4.29,23.21,4.31,6.25,30.33,24.75
20151016,5,桐生,5,4095,福来剛,34,東京,50,A1,6.36,45.83,6.33,33.33,25.50,35.98
20151016,5,桐生,6,3970,亀山高雅,39,群馬,50,B1,5.74,34.48,5.23,32.50,40.34,30.58
20151016,6,桐生,1,3300,川崎智幸,48,岡山,51,A1,7.15,57.66,6.56,50.00,34.70,30.43
20151016,6,桐生,2,4552,杉山勝匡,26,佐賀,49,B1,3.99,19.12,0.00,0.00,34.52,29.81
20151016,6,桐生,3,3444,香月大介,46,福岡,51,B1,4.46,21.84,4.00,16.67,27.13,38.65
20151016,6,桐生,4,3720,吉村輝,40,広島,57,B1,2.97,10.26,0.00,0.00,31.48,32.38
20151016,6,桐生,5,3561,池田真治,47,岡山,52,B1,4.40,21.18,4.06,18.75,39.89,34.15
20151016,6,桐生,6,4780,ﾏｲｹ田,29,東京,50,B2,2.51,7.84,1.57,0.00,37.93,34.34
20151016,7,桐生,1,4435,服部達哉,29,愛知,54,A2,5.87,41.11,5.14,33.33,30.63,34.74
20151016,7,桐生,2,4549,小林文彦,27,福岡,53,A2,5.82,38.46,4.75,25.00,26.88,32.02
20151016,7,桐生,3,3791,川俣昌史,43,群馬,51,B1,3.89,14.12,4.57,18.39,27.22,30.14
20151016,7,桐生,4,3153,前川竜次,51,佐賀,51,B1,4.62,32.00,3.56,18.52,30.77,33.01
20151016,7,桐生,5,4524,深谷知博,27,静岡,51,A1,6.59,38.79,8.38,69.23,37.44,34.27
20151016,7,桐生,6,4488,小山勉,29,埼玉,51,A2,5.29,32.56,5.46,36.51,34.45,26.98
20151016,8,桐生,1,3661,柳瀬興志,46,山口,56,A2,5.50,31.82,4.00,11.11,30.77,27.14
20151016,8,桐生,2,3296,高柳成聡,48,群馬,52,B1,3.55,12.63,3.89,14.86,34.65,36.54
20151016,8,桐生,3,3065,増田弘喜,55,埼玉,56,B1,4.01,14.47,3.76,11.76,39.75,33.96
20151016,8,桐生,4,3476,中村稔宏,45,徳島,49,B1,2.86,9.21,3.57,25.00,31.90,39.05
20151016,8,桐生,5,3442,宮武英司,46,香川,54,A1,5.82,44.92,6.38,50.00,34.78,33.49
20151016,8,桐生,6,4251,川崎誠志,32,山口,52,B1,4.25,26.76,4.07,13.33,26.53,33.81
20151016,9,桐生,1,3681,山谷央,42,東京,53,A2,5.56,36.44,5.76,37.78,36.02,32.71
20151016,9,桐生,2,4191,赤羽克也,34,埼玉,53,A2,5.19,31.19,5.76,43.24,33.69,36.36
20151016,9,桐生,3,3880,浅見宗孝,42,埼玉,56,B1,4.52,23.26,4.88,32.56,28.99,35.58
20151016,9,桐生,4,3561,池田真治,47,岡山,52,B1,4.40,21.18,4.06,18.75,39.89,34.15
20151016,9,桐生,5,3344,中島浩喜,49,静岡,60,B1,4.13,17.98,4.11,20.00,31.65,29.76
20151016,9,桐生,6,4302,西野翔太,32,広島,52,A2,5.92,45.45,6.89,55.56,27.72,29.41
20151016,10,桐生,1,3414,加瀬智宏,45,群馬,52,A1,6.78,50.00,6.30,39.46,30.48,33.82
20151016,10,桐生,2,3922,菅沼佳昭,40,愛知,50,B1,4.07,26.60,6.13,37.50,35.29,31.28
20151016,10,桐生,3,4415,下出卓矢,28,福井,53,A2,6.41,46.21,6.28,48.00,34.86,29.95
20151016,10,桐生,4,3970,亀山高雅,39,群馬,50,B1,5.74,34.48,5.23,32.50,40.34,30.58
20151016,10,桐生,5,4342,谷野錬志,31,静岡,51,A1,6.68,53.70,7.00,61.90,34.42,28.79
20151016,10,桐生,6,3075,中村裕将,53,埼玉,53,A2,6.21,46.08,6.50,53.57,32.71,30.33
20151016,11,桐生,1,4549,小林文彦,27,福岡,53,A2,5.82,38.46,4.75,25.00,26.88,32.02
20151016,11,桐生,2,3300,川崎智幸,48,岡山,51,A1,7.15,57.66,6.56,50.00,34.70,30.43
20151016,11,桐生,3,4095,福来剛,34,東京,50,A1,6.36,45.83,6.33,33.33,25.50,35.98
20151016,11,桐生,4,4496,内堀学,28,東京,51,A2,4.96,32.81,6.42,52.63,36.22,28.36
20151016,11,桐生,5,3353,前田光昭,47,埼玉,52,A2,5.74,41.73,6.18,44.74,32.28,33.18
20151016,11,桐生,6,3401,上田隆章,48,香川,53,A2,5.67,36.61,5.85,30.77,37.76,28.29
20151016,12,桐生,1,3912,川原正明,41,福井,49,A1,6.31,47.93,4.82,36.36,32.85,36.54
20151016,12,桐生,2,3164,森脇徹,54,山口,51,A2,5.83,40.00,4.61,11.11,38.36,27.80
20151016,12,桐生,3,4524,深谷知博,27,静岡,51,A1,6.59,38.79,8.38,69.23,37.44,34.27
20151016,12,桐生,4,3442,宮武英司,46,香川,54,A1,5.82,44.92,6.38,50.00,34.78,33.49
20151016,12,桐生,5,3790,佐口達也,43,群馬,54,A2,5.54,38.13,6.04,42.14,37.16,29.56
20151016,12,桐生,6,3833,中辻博訓,41,福井,54,A1,6.54,44.80,6.87,56.67,29.09,32.38
