,Date,Round,会場,艇番,選手登番,選手名,年齢,支部,体重,級別,全国勝率,全国２連率,当地勝率,当地２連率,モーター２連率,ボート２連率,展示タイム,スタートタイム
0,20231021,1,大村,1,3859,多羅尾達,50,東京,54,B1,5.05,28.38,3.82,9.09,39.33,33.71,6.99,0.2
1,20231021,1,大村,2,4864,小川日紀,34,福岡,53,B1,4.48,23.91,4.39,26.09,25.88,21.52,6.99,0.2
2,20231021,1,大村,3,3772,一柳和孝,49,埼玉,54,B1,5.52,33.60,0.00,0.00,28.57,33.33,6.99,0.2
3,20231021,1,大村,4,3577,向所浩二,50,兵庫,59,B1,4.50,25.64,5.57,28.57,28.89,20.24,6.99,0.2
4,20231021,1,大村,5,3906,飯山晃三,45,長崎,59,B1,4.44,24.79,5.26,35.96,25.88,23.66,6.99,0.2
5,20231021,1,大村,6,4336,松田竜馬,39,福岡,54,B1,4.88,30.23,5.92,41.67,43.82,36.90,6.99,0.2
0,20231021,2,大村,1,3870,寺嶋雄,47,福井,52,B1,4.96,29.00,3.73,18.18,18.29,28.17,6.99,0.2
1,20231021,2,大村,2,5122,相馬翔,22,埼玉,56,B1,3.40,9.68,4.96,29.63,27.50,36.27,6.99,0.2
2,20231021,2,大村,3,4669,井上茂,38,福岡,54,B1,4.16,18.03,4.08,20.34,18.67,28.41,6.99,0.2
3,20231021,2,大村,4,4497,桑原悠,36,長崎,51,A1,6.15,41.41,7.31,59.24,21.05,33.72,6.99,0.2
4,20231021,2,大村,5,4022,待鳥雄紀,43,福岡,57,A2,5.90,43.36,5.95,50.00,30.12,32.91,6.99,0.2
5,20231021,2,大村,6,5193,米丸乃絵,22,福岡,47,B1,4.89,26.14,1.07,0.00,17.07,21.43,6.99,0.2
0,20231021,3,大村,1,3877,松浦博人,46,三重,58,B1,4.87,24.18,0.00,0.00,47.06,41.25,6.99,0.2
1,20231021,3,大村,2,3843,上之晃弘,47,長崎,52,B1,5.56,34.82,5.03,30.77,24.36,28.40,6.99,0.2
2,20231021,3,大村,3,3523,寳田亮治,54,福岡,53,A2,4.89,28.95,5.12,33.33,42.86,43.24,6.99,0.2
3,20231021,3,大村,4,4533,峰重侑治,34,岡山,51,B1,5.52,38.14,4.92,30.61,32.56,27.27,6.99,0.2
4,20231021,3,大村,5,4288,永田啓二,39,福岡,53,A1,7.50,63.83,7.23,50.00,31.40,24.68,6.99,0.2
5,20231021,3,大村,6,5038,金田智博,25,福井,52,A2,6.54,53.04,7.09,54.55,41.86,39.24,6.99,0.2
0,20231021,4,大村,1,5051,松本純平,28,埼玉,54,A1,6.49,47.79,6.00,28.57,21.95,33.33,6.99,0.2
1,20231021,4,大村,2,3334,角ひとみ,55,広島,45,B1,4.55,26.80,5.16,35.29,29.55,40.96,6.99,0.2
2,20231021,4,大村,3,4301,関裕也,40,福岡,53,B1,4.71,32.53,6.41,53.85,16.88,29.35,6.99,0.2
3,20231021,4,大村,4,4458,抹香雄三,37,広島,53,B1,4.40,25.89,4.06,12.90,34.12,34.52,6.99,0.2
4,20231021,4,大村,5,3792,田中豪,51,東京,53,A1,5.33,33.72,0.00,0.00,34.83,40.85,6.99,0.2
5,20231021,4,大村,6,5188,武井莉里,23,兵庫,43,B1,4.45,25.00,2.65,5.88,49.45,24.44,6.99,0.2
0,20231021,5,大村,1,4522,古澤光紀,35,福岡,53,A1,6.41,49.45,6.64,40.48,30.23,38.46,6.99,0.2
1,20231021,5,大村,2,3986,沖島広和,45,福岡,55,A2,6.18,44.70,5.94,43.75,32.58,28.57,6.99,0.2
2,20231021,5,大村,3,3780,魚谷智之,47,兵庫,52,A1,6.63,44.53,7.02,40.00,14.47,42.86,6.99,0.2
3,20231021,5,大村,4,4579,中嶋健一,34,三重,53,A2,6.30,46.83,0.00,0.00,35.96,34.78,6.99,0.2
4,20231021,5,大村,5,3519,冨田秀幸,55,愛知,51,B1,4.99,25.00,4.86,14.29,26.44,37.04,6.99,0.2
5,20231021,5,大村,6,3935,岩津徹郎,46,岡山,53,B1,4.81,24.05,5.30,31.82,30.34,44.94,6.99,0.2
0,20231021,6,大村,1,4654,篠田優也,37,兵庫,54,A2,5.98,42.53,5.71,35.29,34.09,38.82,6.99,0.2
1,20231021,6,大村,2,3746,岡瀬正人,48,岡山,52,A2,6.03,41.61,4.82,22.22,32.97,36.08,6.99,0.2
2,20231021,6,大村,3,3859,多羅尾達,50,東京,54,B1,5.05,28.38,3.82,9.09,39.33,33.71,6.99,0.2
3,20231021,6,大村,4,4457,神田達也,37,愛知,52,B1,4.52,26.58,3.13,12.50,18.42,37.88,6.99,0.2
4,20231021,6,大村,5,4308,河村了,39,愛知,51,A1,6.88,49.23,5.85,37.04,62.92,30.59,6.99,0.2
5,20231021,6,大村,6,3970,亀山高雅,47,群馬,53,B1,4.82,23.58,3.75,12.50,34.12,40.22,6.99,0.2
0,20231021,7,大村,1,4352,下條雄太,37,長崎,52,A1,6.78,46.38,7.39,60.96,35.16,31.87,6.99,0.2
1,20231021,7,大村,2,4413,水摩敦,37,福岡,51,A1,5.92,42.20,6.30,42.59,32.95,42.50,6.99,0.2
2,20231021,7,大村,3,4864,小川日紀,34,福岡,53,B1,4.48,23.91,4.39,26.09,25.88,21.52,6.99,0.2
3,20231021,7,大村,4,4815,伏島祐介,33,東京,54,B1,4.59,23.23,5.00,28.57,35.96,46.32,6.99,0.2
4,20231021,7,大村,5,4257,古川健,39,広島,53,A2,5.05,33.68,5.39,39.22,22.99,35.63,6.99,0.2
5,20231021,7,大村,6,5122,相馬翔,22,埼玉,56,B1,3.40,9.68,4.96,29.63,27.50,36.27,6.99,0.2
0,20231021,8,大村,1,5129,山口真喜,26,長崎,46,B2,4.97,32.35,4.29,19.42,35.63,35.80,6.99,0.2
1,20231021,8,大村,2,3618,海野ゆか,49,広島,44,A2,6.76,51.22,6.24,40.91,37.93,27.38,6.99,0.2
2,20231021,8,大村,3,5188,武井莉里,23,兵庫,43,B1,4.45,25.00,2.65,5.88,49.45,24.44,6.99,0.2
3,20231021,8,大村,4,5200,筒井美琴,21,福岡,49,B2,1.68,0.00,1.40,0.00,39.13,32.18,6.99,0.2
4,20231021,8,大村,5,3674,岸恵子,51,徳島,47,A2,5.32,36.84,6.18,50.00,29.11,19.54,6.99,0.2
5,20231021,8,大村,6,4874,池田奈津,29,福岡,51,B1,5.31,36.36,5.00,31.82,35.96,33.33,6.99,0.2
0,20231021,9,大村,1,5038,金田智博,25,福井,52,A2,6.54,53.04,7.09,54.55,41.86,39.24,6.99,0.2
1,20231021,9,大村,2,4522,古澤光紀,35,福岡,53,A1,6.41,49.45,6.64,40.48,30.23,38.46,6.99,0.2
2,20231021,9,大村,3,4497,桑原悠,36,長崎,51,A1,6.15,41.41,7.31,59.24,21.05,33.72,6.99,0.2
3,20231021,9,大村,4,5051,松本純平,28,埼玉,54,A1,6.49,47.79,6.00,28.57,21.95,33.33,6.99,0.2
4,20231021,9,大村,5,3772,一柳和孝,49,埼玉,54,B1,5.52,33.60,0.00,0.00,28.57,33.33,6.99,0.2
5,20231021,9,大村,6,3843,上之晃弘,47,長崎,52,B1,5.56,34.82,5.03,30.77,24.36,28.40,6.99,0.2
0,20231021,10,大村,1,4308,河村了,39,愛知,51,A1,6.88,49.23,5.85,37.04,62.92,30.59,6.99,0.2
1,20231021,10,大村,2,5193,米丸乃絵,22,福岡,47,B1,4.89,26.14,1.07,0.00,17.07,21.43,6.99,0.2
2,20231021,10,大村,3,4288,永田啓二,39,福岡,53,A1,7.50,63.83,7.23,50.00,31.40,24.68,6.99,0.2
3,20231021,10,大村,4,3986,沖島広和,45,福岡,55,A2,6.18,44.70,5.94,43.75,32.58,28.57,6.99,0.2
4,20231021,10,大村,5,4352,下條雄太,37,長崎,52,A1,6.78,46.38,7.39,60.96,35.16,31.87,6.99,0.2
5,20231021,10,大村,6,3334,角ひとみ,55,広島,45,B1,4.55,26.80,5.16,35.29,29.55,40.96,6.99,0.2
0,20231021,11,大村,1,3780,魚谷智之,47,兵庫,52,A1,6.63,44.53,7.02,40.00,14.47,42.86,6.99,0.2
1,20231021,11,大村,2,4654,篠田優也,37,兵庫,54,A2,5.98,42.53,5.71,35.29,34.09,38.82,6.99,0.2
2,20231021,11,大村,3,3792,田中豪,51,東京,53,A1,5.33,33.72,0.00,0.00,34.83,40.85,6.99,0.2
3,20231021,11,大村,4,4413,水摩敦,37,福岡,51,A1,5.92,42.20,6.30,42.59,32.95,42.50,6.99,0.2
4,20231021,11,大村,5,4336,松田竜馬,39,福岡,54,B1,4.88,30.23,5.92,41.67,43.82,36.90,6.99,0.2
5,20231021,11,大村,6,3523,寳田亮治,54,福岡,53,A2,4.89,28.95,5.12,33.33,42.86,43.24,6.99,0.2
0,20231021,12,大村,1,4579,中嶋健一,34,三重,53,A2,6.30,46.83,0.00,0.00,35.96,34.78,6.99,0.2
1,20231021,12,大村,2,4022,待鳥雄紀,43,福岡,57,A2,5.90,43.36,5.95,50.00,30.12,32.91,6.99,0.2
2,20231021,12,大村,3,4257,古川健,39,広島,53,A2,5.05,33.68,5.39,39.22,22.99,35.63,6.99,0.2
3,20231021,12,大村,4,3877,松浦博人,46,三重,58,B1,4.87,24.18,0.00,0.00,47.06,41.25,6.99,0.2
4,20231021,12,大村,5,3577,向所浩二,50,兵庫,59,B1,4.50,25.64,5.57,28.57,28.89,20.24,6.99,0.2
5,20231021,12,大村,6,3746,岡瀬正人,48,岡山,52,A2,6.03,41.61,4.82,22.22,32.97,36.08,6.99,0.2
0,20231021,1,芦屋,1,3873,別府昌樹,47,広島,52,A2,5.90,42.65,5.66,38.95,28.57,29.25,6.99,0.2
1,20231021,1,芦屋,2,5160,藤森陸斗,24,福岡,54,B1,3.81,20.83,3.37,9.68,28.44,33.63,6.99,0.2
2,20231021,1,芦屋,3,5111,三村岳人,24,岡山,50,B1,5.30,34.15,3.52,21.21,20.34,36.36,6.99,0.2
3,20231021,1,芦屋,4,5210,藤井公人,25,福岡,57,B1,1.84,0.00,1.60,0.00,35.83,29.51,6.99,0.2
4,20231021,1,芦屋,5,5093,浦野海,21,福岡,52,B1,5.19,29.63,4.74,26.85,25.00,23.64,6.99,0.2
5,20231021,1,芦屋,6,3784,中島友和,47,佐賀,53,B1,4.99,35.16,5.15,33.33,19.42,34.00,6.99,0.2
0,20231021,2,芦屋,1,3502,渡邉英児,54,静岡,53,A2,6.04,44.78,5.64,45.45,22.62,34.19,6.99,0.2
1,20231021,2,芦屋,2,4355,小川広大,39,福岡,57,B1,3.66,15.00,4.22,24.07,29.00,29.66,6.99,0.2
2,20231021,2,芦屋,3,4068,幸田智裕,43,静岡,52,B1,5.38,34.91,5.37,26.32,48.18,31.90,6.99,0.2
3,20231021,2,芦屋,4,4960,黒野元基,27,愛知,52,A1,6.62,48.00,6.33,50.00,44.35,27.27,6.99,0.2
4,20231021,2,芦屋,5,4202,浮田圭浩,41,岡山,54,B1,4.41,22.45,5.47,42.11,35.83,29.73,6.99,0.2
5,20231021,2,芦屋,6,4416,三宅健太,36,広島,54,B1,4.45,22.09,0.00,0.00,38.39,24.07,6.99,0.2
0,20231021,3,芦屋,1,3686,鳥居塚孝,48,群馬,50,A2,6.05,42.74,6.55,55.17,43.40,28.16,6.99,0.2
1,20231021,3,芦屋,2,3731,高濱芳久,50,広島,51,B1,5.36,33.66,5.69,38.71,42.48,28.42,6.99,0.2
2,20231021,3,芦屋,3,4371,西山貴浩,36,福岡,53,A1,6.95,40.44,7.84,50.98,23.60,27.93,6.99,0.2
3,20231021,3,芦屋,4,4995,田邉亮蔵,32,東京,56,B1,4.14,21.62,0.00,0.00,48.57,40.18,6.99,0.2
4,20231021,3,芦屋,5,4152,深水慎一,43,東京,54,A2,4.84,25.53,0.00,0.00,33.63,31.25,6.99,0.2
5,20231021,3,芦屋,6,5239,上野俊樹,23,福岡,49,B2,2.44,0.00,1.64,0.00,35.24,33.90,6.99,0.2
0,20231021,4,芦屋,1,4848,仲谷颯仁,29,福岡,53,A1,6.79,52.76,6.77,50.70,27.10,40.00,6.99,0.2
1,20231021,4,芦屋,2,4383,竹田吉行,38,徳島,52,B1,5.02,29.41,5.27,31.25,34.29,24.77,6.99,0.2
2,20231021,4,芦屋,3,3853,岩崎正哉,51,福岡,55,A2,5.71,36.51,6.16,45.33,30.63,33.91,6.99,0.2
3,20231021,4,芦屋,4,4495,森晋太郎,36,福岡,54,B1,4.14,21.88,4.74,29.76,34.29,35.96,6.99,0.2
4,20231021,4,芦屋,5,4254,川島圭司,40,滋賀,52,A2,5.50,31.09,6.12,46.15,24.79,22.64,6.99,0.2
5,20231021,4,芦屋,6,5268,山本幸也,22,福岡,58,B2,1.59,1.32,1.20,0.00,38.53,33.98,6.99,0.2
0,20231021,5,芦屋,1,3876,中辻崇人,46,福岡,52,A1,7.33,64.46,6.78,56.72,50.45,29.36,6.99,0.2
1,20231021,5,芦屋,2,5111,三村岳人,24,岡山,50,B1,5.30,34.15,3.52,21.21,20.34,36.36,6.99,0.2
2,20231021,5,芦屋,3,4253,西川真人,40,滋賀,58,B1,4.67,26.12,4.44,18.52,37.40,43.10,6.99,0.2
3,20231021,5,芦屋,4,4094,中島真二,42,福岡,53,B1,4.48,24.42,4.34,19.84,46.43,42.86,6.99,0.2
4,20231021,5,芦屋,5,3563,堤昇,53,静岡,53,A2,5.49,36.23,0.00,0.00,34.21,23.64,6.99,0.2
5,20231021,5,芦屋,6,4485,楠原正剛,37,福岡,55,A2,5.86,39.58,5.45,38.81,25.23,31.25,6.99,0.2
0,20231021,6,芦屋,1,4144,石塚久也,42,埼玉,52,B1,5.86,40.00,0.00,0.00,34.19,27.35,6.99,0.2
1,20231021,6,芦屋,2,3158,島川光男,58,広島,53,A2,6.77,53.85,6.93,49.18,32.69,38.18,6.99,0.2
2,20231021,6,芦屋,3,5093,浦野海,21,福岡,52,B1,5.19,29.63,4.74,26.85,25.00,23.64,6.99,0.2
3,20231021,6,芦屋,4,3874,山本寛久,47,岡山,52,A1,6.72,50.00,7.87,70.97,30.17,32.04,6.99,0.2
4,20231021,6,芦屋,5,5240,高橋龍治,23,福岡,55,B2,2.17,2.00,1.40,0.00,28.57,44.34,6.99,0.2
5,20231021,6,芦屋,6,3828,明石正之,50,兵庫,52,A2,5.62,35.87,6.00,60.00,28.18,47.71,6.99,0.2
0,20231021,7,芦屋,1,4355,小川広大,39,福岡,57,B1,3.66,15.00,4.22,24.07,29.00,29.66,6.99,0.2
1,20231021,7,芦屋,2,4231,鈴木裕隆,40,愛知,59,B1,4.45,23.33,3.88,0.00,25.00,29.41,6.99,0.2
2,20231021,7,芦屋,3,4006,小野勇作,45,佐賀,50,B1,5.44,34.65,6.01,40.00,51.64,41.74,6.99,0.2
3,20231021,7,芦屋,4,5025,粟田祥,28,徳島,58,B2,3.42,14.46,4.67,16.67,28.04,32.74,6.99,0.2
4,20231021,7,芦屋,5,4735,角山雄哉,32,兵庫,53,B1,3.98,16.39,4.26,21.05,25.93,47.92,6.99,0.2
5,20231021,7,芦屋,6,5210,藤井公人,25,福岡,57,B1,1.84,0.00,1.60,0.00,35.83,29.51,6.99,0.2
0,20231021,8,芦屋,1,4495,森晋太郎,36,福岡,54,B1,4.14,21.88,4.74,29.76,34.29,35.96,6.99,0.2
1,20231021,8,芦屋,2,3918,深井利寿,49,滋賀,51,A1,6.01,41.79,6.20,40.00,36.36,41.88,6.99,0.2
2,20231021,8,芦屋,3,3784,中島友和,47,佐賀,53,B1,4.99,35.16,5.15,33.33,19.42,34.00,6.99,0.2
3,20231021,8,芦屋,4,4102,益田啓司,44,福岡,51,A1,6.57,51.39,6.19,47.17,42.98,45.00,6.99,0.2
4,20231021,8,芦屋,5,5239,上野俊樹,23,福岡,49,B2,2.44,0.00,1.64,0.00,35.24,33.90,6.99,0.2
5,20231021,8,芦屋,6,4128,川口貴久,43,東京,55,A2,5.26,36.67,5.27,27.27,40.87,29.17,6.99,0.2
0,20231021,9,芦屋,1,4278,藤岡俊介,40,兵庫,51,A1,6.97,58.26,7.00,33.33,37.62,39.62,6.99,0.2
1,20231021,9,芦屋,2,4253,西川真人,40,滋賀,58,B1,4.67,26.12,4.44,18.52,37.40,43.10,6.99,0.2
2,20231021,9,芦屋,3,4887,富澤祐作,36,群馬,56,A2,5.33,36.54,4.83,33.33,28.45,28.30,6.99,0.2
3,20231021,9,芦屋,4,3853,岩崎正哉,51,福岡,55,A2,5.71,36.51,6.16,45.33,30.63,33.91,6.99,0.2
4,20231021,9,芦屋,5,3731,高濱芳久,50,広島,51,B1,5.36,33.66,5.69,38.71,42.48,28.42,6.99,0.2
5,20231021,9,芦屋,6,3589,西村勝,50,埼玉,55,A2,5.51,40.82,3.56,11.11,46.28,26.17,6.99,0.2
0,20231021,10,芦屋,1,4152,深水慎一,43,東京,54,A2,4.84,25.53,0.00,0.00,33.63,31.25,6.99,0.2
1,20231021,10,芦屋,2,4068,幸田智裕,43,静岡,52,B1,5.38,34.91,5.37,26.32,48.18,31.90,6.99,0.2
2,20231021,10,芦屋,3,4848,仲谷颯仁,29,福岡,53,A1,6.79,52.76,6.77,50.70,27.10,40.00,6.99,0.2
3,20231021,10,芦屋,4,4877,鈴谷一平,29,兵庫,56,A1,6.36,47.06,5.90,45.16,35.04,23.15,6.99,0.2
4,20231021,10,芦屋,5,5160,藤森陸斗,24,福岡,54,B1,3.81,20.83,3.37,9.68,28.44,33.63,6.99,0.2
5,20231021,10,芦屋,6,3158,島川光男,58,広島,53,A2,6.77,53.85,6.93,49.18,32.69,38.18,6.99,0.2
0,20231021,11,芦屋,1,4545,岡村慶太,35,福岡,55,A1,6.81,52.78,7.47,63.06,33.03,38.74,6.99,0.2
1,20231021,11,芦屋,2,3563,堤昇,53,静岡,53,A2,5.49,36.23,0.00,0.00,34.21,23.64,6.99,0.2
2,20231021,11,芦屋,3,4995,田邉亮蔵,32,東京,56,B1,4.14,21.62,0.00,0.00,48.57,40.18,6.99,0.2
3,20231021,11,芦屋,4,3873,別府昌樹,47,広島,52,A2,5.90,42.65,5.66,38.95,28.57,29.25,6.99,0.2
4,20231021,11,芦屋,5,3828,明石正之,50,兵庫,52,A2,5.62,35.87,6.00,60.00,28.18,47.71,6.99,0.2
5,20231021,11,芦屋,6,4254,川島圭司,40,滋賀,52,A2,5.50,31.09,6.12,46.15,24.79,22.64,6.99,0.2
0,20231021,12,芦屋,1,4371,西山貴浩,36,福岡,53,A1,6.95,40.44,7.84,50.98,23.60,27.93,6.99,0.2
1,20231021,12,芦屋,2,3874,山本寛久,47,岡山,52,A1,6.72,50.00,7.87,70.97,30.17,32.04,6.99,0.2
2,20231021,12,芦屋,3,3876,中辻崇人,46,福岡,52,A1,7.33,64.46,6.78,56.72,50.45,29.36,6.99,0.2
3,20231021,12,芦屋,4,4278,藤岡俊介,40,兵庫,51,A1,6.97,58.26,7.00,33.33,37.62,39.62,6.99,0.2
4,20231021,12,芦屋,5,4102,益田啓司,44,福岡,51,A1,6.57,51.39,6.19,47.17,42.98,45.00,6.99,0.2
5,20231021,12,芦屋,6,4960,黒野元基,27,愛知,52,A1,6.62,48.00,6.33,50.00,44.35,27.27,6.99,0.2
0,20231021,1,下関,1,4041,小林基樹,44,山口,54,B1,4.74,31.96,4.64,23.75,28.68,22.30,6.99,0.2
1,20231021,1,下関,2,3583,齋藤智裕,50,埼玉,59,B1,4.05,24.10,3.28,22.22,37.06,28.06,6.99,0.2
2,20231021,1,下関,3,4712,冨好祐真,33,兵庫,55,B1,3.33,10.47,4.29,17.65,38.64,43.48,6.99,0.2
3,20231021,1,下関,4,4899,占部一真,31,福岡,52,B2,4.73,27.40,4.76,23.53,39.86,40.30,6.99,0.2
4,20231021,1,下関,5,3878,胡本悟志,46,山口,51,B1,3.91,15.38,5.32,25.40,38.51,35.07,6.99,0.2
5,20231021,1,下関,6,3881,浦上拓也,50,大阪,53,A2,4.76,26.71,4.96,29.63,27.48,36.76,6.99,0.2
0,20231021,2,下関,1,2930,新良一規,67,山口,52,B1,4.66,32.20,5.31,34.72,39.46,23.74,6.99,0.2
1,20231021,2,下関,2,4574,東潤樹,35,広島,52,B1,4.46,27.08,4.71,29.17,31.09,38.97,6.99,0.2
2,20231021,2,下関,3,5167,小川竜太,23,埼玉,53,B1,3.99,23.64,2.63,0.00,34.88,26.28,6.99,0.2
3,20231021,2,下関,4,5011,高木圭大,26,長崎,53,B1,4.18,23.76,4.64,14.29,34.31,30.15,6.99,0.2
4,20231021,2,下関,5,4047,吉永浩則,43,大阪,54,B1,4.18,19.78,4.17,23.81,27.07,32.61,6.99,0.2
5,20231021,2,下関,6,5145,島川海輝,20,山口,53,B1,5.79,38.52,3.54,15.79,35.46,31.62,6.99,0.2
0,20231021,3,下関,1,3478,嶋田貴支,52,香川,52,B1,4.86,30.77,2.29,0.00,31.97,33.58,6.99,0.2
1,20231021,3,下関,2,3621,天野晶夫,49,愛知,56,A1,6.57,45.95,6.45,44.83,34.00,36.96,6.99,0.2
2,20231021,3,下関,3,5054,佐々木大,27,大阪,52,B1,5.09,31.37,6.13,50.00,36.67,50.00,6.99,0.2
3,20231021,3,下関,4,4754,松尾充,35,三重,49,A2,5.89,37.59,5.72,40.00,38.93,32.37,6.99,0.2
4,20231021,3,下関,5,5261,岡暢祐,25,長崎,53,B2,1.87,3.17,1.29,0.00,49.19,37.98,6.99,0.2
5,20231021,3,下関,6,3679,飯島昌弘,50,埼玉,53,A1,6.65,45.36,8.05,63.16,35.62,44.12,6.99,0.2
0,20231021,4,下関,1,3277,齋藤勇,57,東京,51,B1,4.54,21.84,5.00,28.57,32.14,32.61,6.99,0.2
1,20231021,4,下関,2,4475,末永祐輝,36,山口,55,A1,5.96,38.33,6.50,47.30,36.11,25.18,6.99,0.2
2,20231021,4,下関,3,3951,石川吉鎬,47,大阪,56,A2,5.42,30.89,6.39,46.43,31.65,36.03,6.99,0.2
3,20231021,4,下関,4,4466,南佑典,37,三重,51,B1,5.28,28.43,0.00,0.00,38.03,35.25,6.99,0.2
4,20231021,4,下関,5,3612,馬袋義則,51,兵庫,53,A1,5.91,43.95,6.67,51.28,35.66,29.20,6.99,0.2
5,20231021,4,下関,6,3571,寺本武司,52,長崎,54,B1,3.79,15.49,3.64,17.02,36.05,34.81,6.99,0.2
0,20231021,5,下関,1,3842,星野太郎,47,三重,52,A2,5.92,41.51,6.63,62.50,28.24,29.71,6.99,0.2
1,20231021,5,下関,2,4441,末永由楽,37,岡山,53,A1,6.34,48.65,6.51,41.46,37.50,37.96,6.99,0.2
2,20231021,5,下関,3,5055,眞鳥章太,27,長崎,53,B1,4.80,25.00,3.64,20.00,37.32,35.07,6.99,0.2
3,20231021,5,下関,4,5201,村上宗太,21,東京,53,B1,4.08,22.77,0.00,0.00,49.30,38.24,6.99,0.2
4,20231021,5,下関,5,3297,藤丸光一,56,福岡,50,A2,5.09,30.00,5.57,38.04,44.78,34.78,6.99,0.2
5,20231021,5,下関,6,4471,新田泰章,36,広島,51,A1,5.69,45.08,5.52,39.13,34.69,35.88,6.99,0.2
0,20231021,6,下関,1,3832,下田哲也,49,香川,53,B1,4.20,23.40,5.65,32.50,37.50,41.35,6.99,0.2
1,20231021,6,下関,2,4269,杉山裕也,38,愛知,54,A1,6.85,52.55,0.00,0.00,34.35,32.35,6.99,0.2
2,20231021,6,下関,3,4133,高橋正男,43,兵庫,53,A2,5.86,41.84,5.41,37.93,31.06,38.41,6.99,0.2
3,20231021,6,下関,4,5167,小川竜太,23,埼玉,53,B1,3.99,23.64,2.63,0.00,34.88,26.28,6.99,0.2
4,20231021,6,下関,5,3224,栗山繁洋,58,佐賀,53,B1,4.70,32.39,4.00,14.81,24.48,27.01,6.99,0.2
5,20231021,6,下関,6,4163,山崎裕司,41,広島,51,A2,6.07,46.27,6.52,40.85,43.75,31.30,6.99,0.2
0,20231021,7,下関,1,4053,芦澤望,45,東京,55,A2,5.22,36.08,6.82,54.55,33.56,30.37,6.99,0.2
1,20231021,7,下関,2,5011,高木圭大,26,長崎,53,B1,4.18,23.76,4.64,14.29,34.31,30.15,6.99,0.2
2,20231021,7,下関,3,3878,胡本悟志,46,山口,51,B1,3.91,15.38,5.32,25.40,38.51,35.07,6.99,0.2
3,20231021,7,下関,4,4706,三浦洋次,34,愛知,49,A2,5.53,34.91,0.00,0.00,31.30,42.65,6.99,0.2
4,20231021,7,下関,5,4227,安達裕樹,40,三重,53,A1,6.70,48.78,0.00,0.00,31.91,37.78,6.99,0.2
5,20231021,7,下関,6,5307,富永夏哉,20,佐賀,51,B2,1.75,1.47,1.36,0.00,31.30,38.97,6.99,0.2
0,20231021,8,下関,1,4083,福島勇樹,44,東京,53,A1,5.54,38.89,6.44,38.89,19.58,24.24,6.99,0.2
1,20231021,8,下関,2,3539,金子順一,55,山口,53,B1,4.07,19.67,4.46,21.13,28.47,27.41,6.99,0.2
2,20231021,8,下関,3,4047,吉永浩則,43,大阪,54,B1,4.18,19.78,4.17,23.81,27.07,32.61,6.99,0.2
3,20231021,8,下関,4,4771,下寺秀和,30,広島,54,A2,5.95,42.75,6.00,40.00,35.61,29.20,6.99,0.2
4,20231021,8,下関,5,4712,冨好祐真,33,兵庫,55,B1,3.33,10.47,4.29,17.65,38.64,43.48,6.99,0.2
5,20231021,8,下関,6,5261,岡暢祐,25,長崎,53,B2,1.87,3.17,1.29,0.00,49.19,37.98,6.99,0.2
0,20231021,9,下関,1,4451,松崎祐太,35,福岡,52,A1,6.42,44.35,6.40,44.00,34.93,34.06,6.99,0.2
1,20231021,9,下関,2,4948,木場悠介,31,長崎,53,A2,5.41,35.29,4.89,32.14,38.52,42.96,6.99,0.2
2,20231021,9,下関,3,4574,東潤樹,35,広島,52,B1,4.46,27.08,4.71,29.17,31.09,38.97,6.99,0.2
3,20231021,9,下関,4,5004,河野主樹,27,大阪,52,B1,4.32,27.94,4.56,22.22,29.50,30.37,6.99,0.2
4,20231021,9,下関,5,3070,山室展弘,62,岡山,51,A2,6.15,47.06,6.06,46.94,26.50,30.94,6.99,0.2
5,20231021,9,下関,6,3583,齋藤智裕,50,埼玉,59,B1,4.05,24.10,3.28,22.22,37.06,28.06,6.99,0.2
0,20231021,10,下関,1,3621,天野晶夫,49,愛知,56,A1,6.57,45.95,6.45,44.83,34.00,36.96,6.99,0.2
1,20231021,10,下関,2,3881,浦上拓也,50,大阪,53,A2,4.76,26.71,4.96,29.63,27.48,36.76,6.99,0.2
2,20231021,10,下関,3,4471,新田泰章,36,広島,51,A1,5.69,45.08,5.52,39.13,34.69,35.88,6.99,0.2
3,20231021,10,下関,4,5145,島川海輝,20,山口,53,B1,5.79,38.52,3.54,15.79,35.46,31.62,6.99,0.2
4,20231021,10,下関,5,4466,南佑典,37,三重,51,B1,5.28,28.43,0.00,0.00,38.03,35.25,6.99,0.2
5,20231021,10,下関,6,4133,高橋正男,43,兵庫,53,A2,5.86,41.84,5.41,37.93,31.06,38.41,6.99,0.2
0,20231021,11,下関,1,3612,馬袋義則,51,兵庫,53,A1,5.91,43.95,6.67,51.28,35.66,29.20,6.99,0.2
1,20231021,11,下関,2,4041,小林基樹,44,山口,54,B1,4.74,31.96,4.64,23.75,28.68,22.30,6.99,0.2
2,20231021,11,下関,3,4163,山崎裕司,41,広島,51,A2,6.07,46.27,6.52,40.85,43.75,31.30,6.99,0.2
3,20231021,11,下関,4,3842,星野太郎,47,三重,52,A2,5.92,41.51,6.63,62.50,28.24,29.71,6.99,0.2
4,20231021,11,下関,5,5054,佐々木大,27,大阪,52,B1,5.09,31.37,6.13,50.00,36.67,50.00,6.99,0.2
5,20231021,11,下関,6,4706,三浦洋次,34,愛知,49,A2,5.53,34.91,0.00,0.00,31.30,42.65,6.99,0.2
0,20231021,12,下関,1,4475,末永祐輝,36,山口,55,A1,5.96,38.33,6.50,47.30,36.11,25.18,6.99,0.2
1,20231021,12,下関,2,4083,福島勇樹,44,東京,53,A1,5.54,38.89,6.44,38.89,19.58,24.24,6.99,0.2
2,20231021,12,下関,3,3679,飯島昌弘,50,埼玉,53,A1,6.65,45.36,8.05,63.16,35.62,44.12,6.99,0.2
3,20231021,12,下関,4,4227,安達裕樹,40,三重,53,A1,6.70,48.78,0.00,0.00,31.91,37.78,6.99,0.2
4,20231021,12,下関,5,4269,杉山裕也,38,愛知,54,A1,6.85,52.55,0.00,0.00,34.35,32.35,6.99,0.2
5,20231021,12,下関,6,4441,末永由楽,37,岡山,53,A1,6.34,48.65,6.51,41.46,37.50,37.96,6.99,0.2
0,20231021,1,宮島,1,4376,藤田靖弘,39,静岡,51,A1,5.93,38.10,5.38,32.50,0.00,0.00,6.99,0.2
1,20231021,1,宮島,2,4750,井上尚悟,36,大阪,52,B1,4.26,21.25,4.14,20.00,0.00,0.00,6.99,0.2
2,20231021,1,宮島,3,5085,中村栄治,24,福井,52,B1,5.23,29.41,5.75,32.14,0.00,0.00,6.99,0.2
3,20231021,1,宮島,4,3663,木山和幸,53,広島,50,B1,5.74,41.60,5.17,37.69,0.00,0.00,6.99,0.2
4,20231021,1,宮島,5,4258,関根彰人,39,埼玉,51,B1,4.94,22.55,4.50,25.00,0.00,0.00,6.99,0.2
5,20231021,1,宮島,6,5243,三馬崇史,23,広島,54,B2,1.86,2.30,1.37,0.00,0.00,0.00,6.99,0.2
0,20231021,2,宮島,1,3473,石川真二,53,福岡,53,A2,6.81,55.40,6.43,52.38,0.00,0.00,6.99,0.2
1,20231021,2,宮島,2,4272,大場広孝,41,福岡,58,B1,5.19,29.01,4.83,20.69,0.00,0.00,6.99,0.2
2,20231021,2,宮島,3,4665,加藤啓太,40,愛知,52,B1,4.55,19.10,4.00,0.00,0.00,0.00,6.99,0.2
3,20231021,2,宮島,4,4580,長谷川雅,34,岡山,53,A2,5.43,36.03,6.04,46.15,0.00,0.00,6.99,0.2
4,20231021,2,宮島,5,5134,大原祥昌,24,広島,54,B1,4.89,27.59,3.60,13.70,0.00,0.00,6.99,0.2
5,20231021,2,宮島,6,3654,武田光史,50,福井,53,A2,6.74,44.92,6.06,41.18,0.00,0.00,6.99,0.2
0,20231021,3,宮島,1,3212,亀本勇樹,61,広島,58,B1,4.62,27.38,4.79,25.00,0.00,0.00,6.99,0.2
1,20231021,3,宮島,2,3948,大町利克,47,大阪,55,B1,3.78,17.65,4.27,23.08,0.00,0.00,6.99,0.2
2,20231021,3,宮島,3,3647,伊藤雄二,50,埼玉,49,B1,4.22,18.18,0.00,0.00,0.00,0.00,6.99,0.2
3,20231021,3,宮島,4,3701,大西隆洋,50,香川,59,B1,3.67,16.28,4.00,19.23,0.00,0.00,6.99,0.2
4,20231021,3,宮島,5,4973,栗原直也,31,埼玉,52,A2,3.63,14.67,0.00,0.00,0.00,0.00,6.99,0.2
5,20231021,3,宮島,6,4126,吉本玲緒,44,広島,57,B1,3.71,19.23,4.30,25.42,0.00,0.00,6.99,0.2
0,20231021,4,宮島,1,3963,原田秀弥,44,大阪,54,B1,5.32,34.35,6.79,53.57,0.00,0.00,6.99,0.2
1,20231021,4,宮島,2,4391,松田祐季,37,福井,54,A1,6.70,49.58,6.43,46.67,0.00,0.00,6.99,0.2
2,20231021,4,宮島,3,3710,吉永泰弘,49,香川,53,B1,5.39,33.04,4.51,25.40,0.00,0.00,6.99,0.2
3,20231021,4,宮島,4,3615,横田茂,50,広島,51,B1,4.47,25.58,5.31,33.09,0.00,0.00,6.99,0.2
4,20231021,4,宮島,5,3714,梶原正,48,福岡,56,B1,4.50,20.83,5.16,25.00,0.00,0.00,6.99,0.2
5,20231021,4,宮島,6,4652,酒見峻介,38,佐賀,51,A2,5.68,38.18,4.78,22.22,0.00,0.00,6.99,0.2
0,20231021,5,宮島,1,4946,船越健吾,31,香川,52,B1,4.28,22.35,5.54,35.71,0.00,0.00,6.99,0.2
1,20231021,5,宮島,2,5142,常住蓮,22,佐賀,50,A1,5.78,39.19,5.39,30.30,0.00,0.00,6.99,0.2
2,20231021,5,宮島,3,3741,松尾基成,49,福岡,55,B1,4.17,14.44,4.37,19.12,0.00,0.00,6.99,0.2
3,20231021,5,宮島,4,4750,井上尚悟,36,大阪,52,B1,4.26,21.25,4.14,20.00,0.00,0.00,6.99,0.2
4,20231021,5,宮島,5,3737,上平真二,49,広島,52,A1,6.96,47.06,7.80,58.18,0.00,0.00,6.99,0.2
5,20231021,5,宮島,6,5244,黒田剛,23,福岡,51,B2,1.79,1.61,1.78,0.00,0.00,0.00,6.99,0.2
0,20231021,6,宮島,1,4079,出畑孝典,44,福岡,52,A2,6.13,43.69,5.82,41.18,0.00,0.00,6.99,0.2
1,20231021,6,宮島,2,4060,島田一生,44,福岡,54,B1,4.91,35.23,5.37,43.48,0.00,0.00,6.99,0.2
2,20231021,6,宮島,3,5134,大原祥昌,24,広島,54,B1,4.89,27.59,3.60,13.70,0.00,0.00,6.99,0.2
3,20231021,6,宮島,4,4272,大場広孝,41,福岡,58,B1,5.19,29.01,4.83,20.69,0.00,0.00,6.99,0.2
4,20231021,6,宮島,5,3717,立間充宏,48,岡山,55,A1,6.50,52.89,6.66,50.75,0.00,0.00,6.99,0.2
5,20231021,6,宮島,6,4610,佐藤大佑,33,東京,54,A1,6.61,49.56,8.36,81.82,0.00,0.00,6.99,0.2
0,20231021,7,宮島,1,3745,橋本年光,48,兵庫,55,A2,5.92,38.53,5.50,31.58,0.00,0.00,6.99,0.2
1,20231021,7,宮島,2,5085,中村栄治,24,福井,52,B1,5.23,29.41,5.75,32.14,0.00,0.00,6.99,0.2
2,20231021,7,宮島,3,4099,吉永則雄,44,大阪,52,A2,6.59,46.88,6.35,40.00,0.00,0.00,6.99,0.2
3,20231021,7,宮島,4,4839,四宮与寛,33,徳島,52,B1,6.38,46.34,6.00,30.00,0.00,0.00,6.99,0.2
4,20231021,7,宮島,5,5243,三馬崇史,23,広島,54,B2,1.86,2.30,1.37,0.00,0.00,0.00,6.99,0.2
5,20231021,7,宮島,6,4469,土山卓也,36,福井,53,A2,5.60,34.58,5.20,34.09,0.00,0.00,6.99,0.2
0,20231021,8,宮島,1,3905,天野友和,46,愛知,54,A1,6.11,44.26,5.22,29.63,0.00,0.00,6.99,0.2
1,20231021,8,宮島,2,3710,吉永泰弘,49,香川,53,B1,5.39,33.04,4.51,25.40,0.00,0.00,6.99,0.2
2,20231021,8,宮島,3,3615,横田茂,50,広島,51,B1,4.47,25.58,5.31,33.09,0.00,0.00,6.99,0.2
3,20231021,8,宮島,4,3647,伊藤雄二,50,埼玉,49,B1,4.22,18.18,0.00,0.00,0.00,0.00,6.99,0.2
4,20231021,8,宮島,5,4446,和田兼輔,36,兵庫,53,A1,5.76,33.01,6.38,37.50,0.00,0.00,6.99,0.2
5,20231021,8,宮島,6,4973,栗原直也,31,埼玉,52,A2,3.63,14.67,0.00,0.00,0.00,0.00,6.99,0.2
0,20231021,9,宮島,1,3919,村上純,48,岡山,53,A2,4.89,28.89,4.52,35.48,0.00,0.00,6.99,0.2
1,20231021,9,宮島,2,3663,木山和幸,53,広島,50,B1,5.74,41.60,5.17,37.69,0.00,0.00,6.99,0.2
2,20231021,9,宮島,3,3701,大西隆洋,50,香川,59,B1,3.67,16.28,4.00,19.23,0.00,0.00,6.99,0.2
3,20231021,9,宮島,4,4260,中越博紀,39,香川,53,A2,5.84,37.63,5.76,41.27,0.00,0.00,6.99,0.2
4,20231021,9,宮島,5,4422,永井亮次,35,大阪,52,B1,3.90,18.99,4.59,24.32,0.00,0.00,6.99,0.2
5,20231021,9,宮島,6,5278,田中駿兵,21,徳島,52,B2,3.18,13.89,3.22,11.11,0.00,0.00,6.99,0.2
0,20231021,10,宮島,1,4652,酒見峻介,38,佐賀,51,A2,5.68,38.18,4.78,22.22,0.00,0.00,6.99,0.2
1,20231021,10,宮島,2,3717,立間充宏,48,岡山,55,A1,6.50,52.89,6.66,50.75,0.00,0.00,6.99,0.2
2,20231021,10,宮島,3,4580,長谷川雅,34,岡山,53,A2,5.43,36.03,6.04,46.15,0.00,0.00,6.99,0.2
3,20231021,10,宮島,4,4376,藤田靖弘,39,静岡,51,A1,5.93,38.10,5.38,32.50,0.00,0.00,6.99,0.2
4,20231021,10,宮島,5,4079,出畑孝典,44,福岡,52,A2,6.13,43.69,5.82,41.18,0.00,0.00,6.99,0.2
5,20231021,10,宮島,6,3473,石川真二,53,福岡,53,A2,6.81,55.40,6.43,52.38,0.00,0.00,6.99,0.2
0,20231021,11,宮島,1,4610,佐藤大佑,33,東京,54,A1,6.61,49.56,8.36,81.82,0.00,0.00,6.99,0.2
1,20231021,11,宮島,2,3737,上平真二,49,広島,52,A1,6.96,47.06,7.80,58.18,0.00,0.00,6.99,0.2
2,20231021,11,宮島,3,4839,四宮与寛,33,徳島,52,B1,6.38,46.34,6.00,30.00,0.00,0.00,6.99,0.2
3,20231021,11,宮島,4,3745,橋本年光,48,兵庫,55,A2,5.92,38.53,5.50,31.58,0.00,0.00,6.99,0.2
4,20231021,11,宮島,5,4391,松田祐季,37,福井,54,A1,6.70,49.58,6.43,46.67,0.00,0.00,6.99,0.2
5,20231021,11,宮島,6,4946,船越健吾,31,香川,52,B1,4.28,22.35,5.54,35.71,0.00,0.00,6.99,0.2
0,20231021,12,宮島,1,3654,武田光史,50,福井,53,A2,6.74,44.92,6.06,41.18,0.00,0.00,6.99,0.2
1,20231021,12,宮島,2,4446,和田兼輔,36,兵庫,53,A1,5.76,33.01,6.38,37.50,0.00,0.00,6.99,0.2
2,20231021,12,宮島,3,3963,原田秀弥,44,大阪,54,B1,5.32,34.35,6.79,53.57,0.00,0.00,6.99,0.2
3,20231021,12,宮島,4,4099,吉永則雄,44,大阪,52,A2,6.59,46.88,6.35,40.00,0.00,0.00,6.99,0.2
4,20231021,12,宮島,5,3905,天野友和,46,愛知,54,A1,6.11,44.26,5.22,29.63,0.00,0.00,6.99,0.2
5,20231021,12,宮島,6,5142,常住蓮,22,佐賀,50,A1,5.78,39.19,5.39,30.30,0.00,0.00,6.99,0.2
0,20231021,1,丸亀,1,5175,島崎丈一,19,東京,53,B1,3.62,13.59,0.00,0.00,58.82,34.38,6.99,0.2
1,20231021,1,丸亀,2,4981,牧山敦也,27,佐賀,53,B1,4.59,23.01,6.64,54.55,31.25,29.03,6.99,0.2
2,20231021,1,丸亀,3,5110,杉山喜一,24,静岡,50,B1,4.15,20.83,4.68,18.18,0.00,25.93,6.99,0.2
3,20231021,1,丸亀,4,5263,花田凱成,25,福岡,52,B2,1.98,3.19,0.00,0.00,16.67,31.25,6.99,0.2
4,20231021,1,丸亀,5,5032,谷口知優,25,香川,53,B1,5.11,31.96,4.55,28.43,18.75,19.23,6.99,0.2
5,20231021,1,丸亀,6,5223,森清友翔,22,福岡,54,B2,1.94,0.00,2.06,0.00,27.27,32.26,6.99,0.2
0,20231021,2,丸亀,1,5046,松山裕基,29,大阪,54,B1,4.84,28.57,0.00,0.00,33.33,41.38,6.99,0.2
1,20231021,2,丸亀,2,5007,近藤雄一,27,東京,52,B1,4.35,24.21,0.00,0.00,40.00,45.83,6.99,0.2
2,20231021,2,丸亀,3,5043,中村日向,24,香川,52,A1,6.01,42.86,5.83,45.45,37.50,21.21,6.99,0.2
3,20231021,2,丸亀,4,5058,前原大道,27,岡山,53,A2,6.19,43.70,4.70,30.00,20.00,35.14,6.99,0.2
4,20231021,2,丸亀,5,5181,森智哉,25,岡山,50,B1,3.86,16.46,3.06,12.90,30.00,25.81,6.99,0.2
5,20231021,2,丸亀,6,5255,藤原仙二,19,滋賀,54,B1,4.03,13.39,3.38,15.38,87.50,25.71,6.99,0.2
0,20231021,3,丸亀,1,5006,久保原秀,27,群馬,55,B1,3.68,15.22,0.00,0.00,35.71,29.41,6.99,0.2
1,20231021,3,丸亀,2,5136,濱野斗馬,23,香川,53,A2,6.44,48.87,5.07,32.24,52.63,25.93,6.99,0.2
2,20231021,3,丸亀,3,4977,馬野耀,29,大阪,54,A2,5.05,29.79,7.10,55.00,18.75,32.26,6.99,0.2
3,20231021,3,丸亀,4,5257,西丸侑太,19,香川,52,B1,2.65,3.31,1.85,0.00,30.00,45.16,6.99,0.2
4,20231021,3,丸亀,5,5246,楠将太郎,21,埼玉,53,B1,2.66,5.75,0.00,0.00,38.89,37.50,6.99,0.2
5,20231021,3,丸亀,6,5152,丸山祐也,28,福岡,50,B1,3.47,15.56,1.13,0.00,72.73,31.03,6.99,0.2
0,20231021,4,丸亀,1,5014,梶山涼斗,25,佐賀,53,B1,4.42,16.16,4.00,22.22,16.67,37.14,6.99,0.2
1,20231021,4,丸亀,2,5029,中亮太,26,福岡,53,A2,5.74,44.26,7.86,71.43,57.14,18.52,6.99,0.2
2,20231021,4,丸亀,3,4776,竹田和哉,29,香川,53,A1,6.45,43.75,6.77,47.54,30.00,41.18,6.99,0.2
3,20231021,4,丸亀,4,5022,伊藤尚汰,28,福岡,50,B1,4.03,20.00,1.17,0.00,55.00,31.43,6.99,0.2
4,20231021,4,丸亀,5,5267,石本裕武,23,大阪,52,B1,5.70,44.58,6.31,53.85,45.00,29.03,6.99,0.2
5,20231021,4,丸亀,6,5214,田中宏典,24,佐賀,59,B2,2.48,1.37,1.30,0.00,21.74,31.43,6.99,0.2
0,20231021,5,丸亀,1,4872,山下流心,30,広島,52,A2,5.76,40.71,4.93,26.83,30.00,32.43,6.99,0.2
1,20231021,5,丸亀,2,5112,砂長知輝,24,埼玉,52,A2,5.46,39.29,5.61,38.89,55.00,44.44,6.99,0.2
2,20231021,5,丸亀,3,5032,谷口知優,25,香川,53,B1,5.11,31.96,4.55,28.43,18.75,19.23,6.99,0.2
3,20231021,5,丸亀,4,4983,前田篤哉,26,愛知,51,A1,6.19,42.36,5.93,42.50,50.00,25.93,6.99,0.2
4,20231021,5,丸亀,5,5298,水谷理人,21,香川,52,B2,2.50,3.64,2.56,2.78,50.00,29.03,6.99,0.2
5,20231021,5,丸亀,6,4978,山田和佐,29,広島,53,B1,3.96,18.09,4.30,20.00,28.57,34.78,6.99,0.2
0,20231021,6,丸亀,1,5028,原田才一,27,福岡,52,A1,5.66,38.81,6.20,40.00,6.67,32.26,6.99,0.2
1,20231021,6,丸亀,2,5175,島崎丈一,19,東京,53,B1,3.62,13.59,0.00,0.00,58.82,34.38,6.99,0.2
2,20231021,6,丸亀,3,4980,佐々木完,27,山口,52,A1,6.71,52.34,4.90,40.00,41.18,33.33,6.99,0.2
3,20231021,6,丸亀,4,5037,田頭虎親,25,香川,52,A2,5.43,36.96,5.12,32.43,25.00,28.13,6.99,0.2
4,20231021,6,丸亀,5,5255,藤原仙二,19,滋賀,54,B1,4.03,13.39,3.38,15.38,87.50,25.71,6.99,0.2
5,20231021,6,丸亀,6,5133,堀越雄貴,24,東京,51,B1,4.69,25.62,3.80,20.00,37.50,37.93,6.99,0.2
0,20231021,7,丸亀,1,4985,井本昌也,26,山口,50,A1,6.24,46.26,4.73,31.82,41.18,33.33,6.99,0.2
1,20231021,7,丸亀,2,5181,森智哉,25,岡山,50,B1,3.86,16.46,3.06,12.90,30.00,25.81,6.99,0.2
2,20231021,7,丸亀,3,4850,野中一平,29,愛知,52,A2,6.92,55.91,5.96,39.29,50.00,39.29,6.99,0.2
3,20231021,7,丸亀,4,4981,牧山敦也,27,佐賀,53,B1,4.59,23.01,6.64,54.55,31.25,29.03,6.99,0.2
4,20231021,7,丸亀,5,5257,西丸侑太,19,香川,52,B1,2.65,3.31,1.85,0.00,30.00,45.16,6.99,0.2
5,20231021,7,丸亀,6,5042,畑田汰一,24,埼玉,53,A2,6.39,47.52,0.00,0.00,25.00,32.26,6.99,0.2
0,20231021,8,丸亀,1,5017,澤田尚也,24,滋賀,52,A1,6.92,53.28,6.50,50.00,15.00,7.41,6.99,0.2
1,20231021,8,丸亀,2,5034,若林義人,25,静岡,54,A2,6.04,40.54,3.67,16.67,30.00,44.12,6.99,0.2
2,20231021,8,丸亀,3,5246,楠将太郎,21,埼玉,53,B1,2.66,5.75,0.00,0.00,38.89,37.50,6.99,0.2
3,20231021,8,丸亀,4,5029,中亮太,26,福岡,53,A2,5.74,44.26,7.86,71.43,57.14,18.52,6.99,0.2
4,20231021,8,丸亀,5,5170,佐藤太亮,22,岡山,51,B1,4.66,25.23,2.00,0.00,40.91,31.58,6.99,0.2
5,20231021,8,丸亀,6,5263,花田凱成,25,福岡,52,B2,1.98,3.19,0.00,0.00,16.67,31.25,6.99,0.2
0,20231021,9,丸亀,1,4852,川原祐明,28,香川,51,A1,6.81,51.08,6.15,42.65,13.33,8.00,6.99,0.2
1,20231021,9,丸亀,2,5095,小原聡将,29,東京,52,A2,5.68,37.00,0.00,0.00,40.91,31.43,6.99,0.2
2,20231021,9,丸亀,3,5022,伊藤尚汰,28,福岡,50,B1,4.03,20.00,1.17,0.00,55.00,31.43,6.99,0.2
3,20231021,9,丸亀,4,5006,久保原秀,27,群馬,55,B1,3.68,15.22,0.00,0.00,35.71,29.41,6.99,0.2
4,20231021,9,丸亀,5,4992,廣瀬篤哉,26,滋賀,56,B1,4.97,31.63,3.61,17.39,38.10,39.47,6.99,0.2
5,20231021,9,丸亀,6,4950,高岡竜也,30,山口,53,A2,5.59,36.80,4.28,27.78,35.29,46.88,6.99,0.2
0,20231021,10,丸亀,1,4776,竹田和哉,29,香川,53,A1,6.45,43.75,6.77,47.54,30.00,41.18,6.99,0.2
1,20231021,10,丸亀,2,5037,田頭虎親,25,香川,52,A2,5.43,36.96,5.12,32.43,25.00,28.13,6.99,0.2
2,20231021,10,丸亀,3,4983,前田篤哉,26,愛知,51,A1,6.19,42.36,5.93,42.50,50.00,21.21,6.99,0.2
3,20231021,10,丸亀,4,5007,近藤雄一,27,東京,52,B1,4.35,24.21,0.00,0.00,40.00,45.83,6.99,0.2
4,20231021,10,丸亀,5,5223,森清友翔,22,福岡,54,B2,1.94,0.00,2.06,0.00,27.27,32.26,6.99,0.2
5,20231021,10,丸亀,6,5217,藤原碧生,23,岡山,53,B1,5.32,34.41,5.89,44.44,41.18,45.16,6.99,0.2
0,20231021,11,丸亀,1,4980,佐々木完,27,山口,52,A1,6.71,52.34,4.90,40.00,41.18,33.33,6.99,0.2
1,20231021,11,丸亀,2,4872,山下流心,30,広島,52,A2,5.76,40.71,4.93,26.83,30.00,32.43,6.99,0.2
2,20231021,11,丸亀,3,5267,石本裕武,23,大阪,52,B1,5.70,44.58,6.31,53.85,45.00,29.03,6.99,0.2
3,20231021,11,丸亀,4,5042,畑田汰一,24,埼玉,53,A2,6.39,47.52,0.00,0.00,25.00,32.26,6.99,0.2
4,20231021,11,丸亀,5,5136,濱野斗馬,23,香川,53,A2,6.44,48.87,5.07,32.24,52.63,25.93,6.99,0.2
5,20231021,11,丸亀,6,5043,中村日向,24,香川,52,A1,6.01,42.86,5.83,45.45,37.50,21.21,6.99,0.2
0,20231021,12,丸亀,1,4850,野中一平,29,愛知,52,A2,6.92,55.91,5.96,39.29,50.00,39.29,6.99,0.2
1,20231021,12,丸亀,2,5058,前原大道,27,岡山,53,A2,6.19,43.70,4.70,30.00,20.00,35.14,6.99,0.2
2,20231021,12,丸亀,3,5028,原田才一,27,福岡,52,A1,5.66,38.81,6.20,40.00,6.67,32.26,6.99,0.2
3,20231021,12,丸亀,4,5017,澤田尚也,24,滋賀,52,A1,6.92,53.28,6.50,50.00,15.00,7.41,6.99,0.2
4,20231021,12,丸亀,5,4977,馬野耀,29,大阪,54,A2,5.05,29.79,7.10,55.00,18.75,32.26,6.99,0.2
5,20231021,12,丸亀,6,5298,水谷理人,21,香川,52,B2,2.50,3.64,2.56,2.78,50.00,29.03,6.99,0.2
0,20231021,1,鳴門,1,3788,一宮稔弘,52,徳島,53,A1,5.84,35.90,6.50,49.59,31.09,34.15,6.99,0.2
1,20231021,1,鳴門,2,4866,橋本英一,33,福岡,55,B1,4.44,23.81,4.25,0.00,30.40,26.89,6.99,0.2
2,20231021,1,鳴門,3,4987,島倉都,26,群馬,48,B1,4.27,20.63,3.83,16.67,27.78,28.32,6.99,0.2
3,20231021,1,鳴門,4,3950,石川哲秀,47,大阪,54,B1,4.26,27.17,4.58,21.05,34.92,21.43,6.99,0.2
4,20231021,1,鳴門,5,4986,西山祐希,26,兵庫,53,B1,3.75,17.50,3.43,14.29,33.33,40.60,6.99,0.2
5,20231021,1,鳴門,6,4733,赤井睦,34,徳島,47,B2,4.65,33.87,4.52,31.15,28.80,43.08,6.99,0.2
0,20231021,2,鳴門,1,3349,吉田一郎,55,長崎,51,A2,5.40,34.68,6.84,57.89,33.87,31.30,6.99,0.2
1,20231021,2,鳴門,2,4360,庄司孝輔,39,静岡,54,B1,5.46,37.50,0.00,0.00,43.65,41.41,6.99,0.2
2,20231021,2,鳴門,3,4762,藤原啓史,33,岡山,49,A1,7.42,53.33,6.93,64.29,38.02,33.86,6.99,0.2
3,20231021,2,鳴門,4,5171,清水未唯,22,滋賀,53,B1,3.91,19.57,3.55,14.89,34.43,36.43,6.99,0.2
4,20231021,2,鳴門,5,3641,一瀬明,52,東京,52,A2,6.13,45.73,7.24,56.00,35.19,20.34,6.99,0.2
5,20231021,2,鳴門,6,3998,冨成謙児,44,佐賀,53,B1,4.37,28.16,5.30,36.17,24.60,28.45,6.99,0.2
0,20231021,3,鳴門,1,4057,松井賢治,44,兵庫,52,A1,5.81,37.86,6.03,45.00,41.27,45.16,6.99,0.2
1,20231021,3,鳴門,2,4840,鈴木秀茉,32,静岡,51,B1,4.16,25.00,0.00,0.00,30.65,34.48,6.99,0.2
2,20231021,3,鳴門,3,4196,田中太一,41,佐賀,52,B1,4.22,23.40,4.38,26.67,29.60,31.15,6.99,0.2
3,20231021,3,鳴門,4,3347,矢後剛,56,東京,56,A2,4.81,21.01,0.00,0.00,34.71,33.33,6.99,0.2
4,20231021,3,鳴門,5,5218,山田理央,23,香川,47,B1,4.24,22.22,3.75,25.00,33.33,29.91,6.99,0.2
5,20231021,3,鳴門,6,3304,烏野賢太,55,徳島,52,A2,5.76,38.79,6.25,43.81,37.29,34.68,6.99,0.2
0,20231021,4,鳴門,1,4069,山本修一,43,岡山,53,A1,6.71,49.00,6.89,55.56,45.90,25.66,6.99,0.2
1,20231021,4,鳴門,2,4122,安東幸治,41,福岡,55,A2,5.97,41.61,5.41,35.29,39.20,22.81,6.99,0.2
2,20231021,4,鳴門,3,4790,柳内敬太,34,兵庫,52,A2,5.89,44.27,6.05,45.24,32.09,30.25,6.99,0.2
3,20231021,4,鳴門,4,5069,山崎小葉,23,群馬,43,B1,4.51,29.27,3.47,5.88,29.23,34.85,6.99,0.2
4,20231021,4,鳴門,5,4889,後藤盛也,34,東京,52,B1,5.71,42.86,5.32,36.84,34.96,35.94,6.99,0.2
5,20231021,4,鳴門,6,3501,川上昇平,54,長崎,54,B1,4.50,19.57,4.72,27.78,33.07,35.34,6.99,0.2
0,20231021,5,鳴門,1,4054,福嶋智之,45,岡山,51,B1,4.58,28.70,6.25,50.00,41.18,36.07,6.99,0.2
1,20231021,5,鳴門,2,4904,松本一毅,29,大阪,52,B1,5.25,30.99,5.12,28.00,37.70,27.43,6.99,0.2
2,20231021,5,鳴門,3,4207,松下一也,40,静岡,54,A1,5.98,48.94,0.00,0.00,35.94,29.06,6.99,0.2
3,20231021,5,鳴門,4,3307,上瀧和則,55,佐賀,53,A2,5.93,43.68,6.04,52.17,27.64,42.31,6.99,0.2
4,20231021,5,鳴門,5,4251,川崎誠志,40,山口,52,B1,4.90,33.33,4.08,20.00,45.24,32.79,6.99,0.2
5,20231021,5,鳴門,6,3543,福田雅一,55,香川,53,A2,6.02,43.16,5.77,42.47,32.81,33.86,6.99,0.2
0,20231021,6,鳴門,1,3950,石川哲秀,47,大阪,54,B1,4.26,27.17,4.58,21.05,34.92,21.43,6.99,0.2
1,20231021,6,鳴門,2,3333,丸尾義孝,55,徳島,52,A2,6.33,50.75,6.13,44.50,38.10,38.64,6.99,0.2
2,20231021,6,鳴門,3,5192,中尾優香,22,福岡,49,B1,2.88,11.46,1.81,0.00,24.79,28.21,6.99,0.2
3,20231021,6,鳴門,4,3975,小野寺智,46,香川,52,A2,5.79,40.71,5.71,30.65,38.97,27.59,6.99,0.2
4,20231021,6,鳴門,5,5171,清水未唯,22,滋賀,53,B1,3.91,19.57,3.55,14.89,34.43,36.43,6.99,0.2
5,20231021,6,鳴門,6,3961,谷村一哉,44,山口,57,A1,6.62,45.00,5.95,40.00,45.60,35.38,6.99,0.2
0,20231021,7,鳴門,1,4196,田中太一,41,佐賀,52,B1,4.22,23.40,4.38,26.67,29.60,31.15,6.99,0.2
1,20231021,7,鳴門,2,3871,池田紫乃,47,長崎,43,A2,5.11,32.95,5.00,25.00,26.98,34.85,6.99,0.2
2,20231021,7,鳴門,3,4986,西山祐希,26,兵庫,53,B1,3.75,17.50,3.43,14.29,33.33,40.60,6.99,0.2
3,20231021,7,鳴門,4,4052,興津藍,42,徳島,50,A1,5.91,43.20,6.81,56.65,38.21,27.19,6.99,0.2
4,20231021,7,鳴門,5,4360,庄司孝輔,39,静岡,54,B1,5.46,37.50,0.00,0.00,43.65,41.41,6.99,0.2
5,20231021,7,鳴門,6,3802,森岡まき,49,岡山,49,B1,4.45,25.00,5.47,41.18,30.97,29.09,6.99,0.2
0,20231021,8,鳴門,1,4100,松田隆司,44,福岡,53,B1,5.64,37.84,6.30,48.84,36.92,38.64,6.99,0.2
1,20231021,8,鳴門,2,3304,烏野賢太,55,徳島,52,A2,5.76,38.79,6.25,43.81,37.29,34.68,6.99,0.2
2,20231021,8,鳴門,3,3501,川上昇平,54,長崎,54,B1,4.50,19.57,4.72,27.78,33.07,35.34,6.99,0.2
3,20231021,8,鳴門,4,3998,冨成謙児,44,佐賀,53,B1,4.37,28.16,5.30,36.17,24.60,28.45,6.99,0.2
4,20231021,8,鳴門,5,4672,守屋大地,37,岡山,51,B1,4.18,21.57,5.00,36.67,38.89,27.12,6.99,0.2
5,20231021,8,鳴門,6,4324,海野康志,35,山口,61,A1,6.43,45.71,6.15,53.85,27.56,34.35,6.99,0.2
0,20231021,9,鳴門,1,4333,村田友也,39,徳島,64,B1,4.32,27.45,4.58,26.62,33.33,41.41,6.99,0.2
1,20231021,9,鳴門,2,5069,山崎小葉,23,群馬,43,B1,4.51,29.27,3.47,5.88,29.23,34.85,6.99,0.2
2,20231021,9,鳴門,3,4462,夏山亮平,37,大阪,58,A2,5.36,31.90,4.75,30.00,35.65,26.32,6.99,0.2
3,20231021,9,鳴門,4,4054,福嶋智之,45,岡山,51,B1,4.58,28.70,6.25,50.00,41.18,36.07,6.99,0.2
4,20231021,9,鳴門,5,3349,吉田一郎,55,長崎,51,A2,5.40,34.68,6.84,57.89,33.87,31.30,6.99,0.2
5,20231021,9,鳴門,6,3347,矢後剛,56,東京,56,A2,4.81,21.01,0.00,0.00,34.71,33.33,6.99,0.2
0,20231021,10,鳴門,1,3641,一瀬明,52,東京,52,A2,6.13,45.73,7.24,56.00,35.19,20.34,6.99,0.2
1,20231021,10,鳴門,2,4790,柳内敬太,34,兵庫,52,A2,5.89,44.27,6.05,45.24,32.09,30.25,6.99,0.2
2,20231021,10,鳴門,3,4733,赤井睦,34,徳島,47,B2,4.65,33.87,4.52,31.15,28.80,43.08,6.99,0.2
3,20231021,10,鳴門,4,4607,鶴田勇雄,34,福岡,52,B1,5.95,37.07,4.80,33.33,40.65,38.58,6.99,0.2
4,20231021,10,鳴門,5,4840,鈴木秀茉,32,静岡,51,B1,4.16,25.00,0.00,0.00,30.65,34.48,6.99,0.2
5,20231021,10,鳴門,6,3333,丸尾義孝,55,徳島,52,A2,6.33,50.75,6.13,44.50,38.10,38.64,6.99,0.2
0,20231021,11,鳴門,1,3307,上瀧和則,55,佐賀,53,A2,5.93,43.68,6.04,52.17,27.64,42.31,6.99,0.2
1,20231021,11,鳴門,2,3975,小野寺智,46,香川,52,A2,5.79,40.71,5.71,30.65,38.97,27.59,6.99,0.2
2,20231021,11,鳴門,3,4122,安東幸治,41,福岡,55,A2,5.97,41.61,5.41,35.29,39.20,22.81,6.99,0.2
3,20231021,11,鳴門,4,4057,松井賢治,44,兵庫,52,A1,5.81,37.86,6.03,45.00,41.27,45.16,6.99,0.2
4,20231021,11,鳴門,5,3871,池田紫乃,47,長崎,43,A2,5.11,32.95,5.00,25.00,26.98,34.85,6.99,0.2
5,20231021,11,鳴門,6,4762,藤原啓史,33,岡山,49,A1,7.42,53.33,6.93,64.29,38.02,33.86,6.99,0.2
0,20231021,12,鳴門,1,4052,興津藍,42,徳島,50,A1,5.91,43.20,6.81,56.65,38.21,27.19,6.99,0.2
1,20231021,12,鳴門,2,3961,谷村一哉,44,山口,57,A1,6.62,45.00,5.95,40.00,45.60,35.38,6.99,0.2
2,20231021,12,鳴門,3,3788,一宮稔弘,52,徳島,53,A1,5.84,35.90,6.50,49.59,31.09,34.15,6.99,0.2
3,20231021,12,鳴門,4,4324,海野康志,35,山口,61,A1,6.43,45.71,6.15,53.85,27.56,34.35,6.99,0.2
4,20231021,12,鳴門,5,4069,山本修一,43,岡山,53,A1,6.71,49.00,6.89,55.56,45.90,25.66,6.99,0.2
5,20231021,12,鳴門,6,4207,松下一也,40,静岡,54,A1,5.98,48.94,0.00,0.00,35.94,29.06,6.99,0.2
0,20231021,1,三国,1,3841,佐々木和,47,徳島,55,A1,6.09,45.61,6.72,48.28,34.75,38.73,6.99,0.2
1,20231021,1,三国,2,4285,伴将典,39,愛知,66,B2,3.68,12.82,3.30,9.99,29.94,27.78,6.99,0.2
2,20231021,1,三国,3,5114,小林孝彰,23,福井,53,B1,4.48,24.39,3.46,14.87,30.46,31.72,6.99,0.2
3,20231021,1,三国,4,3491,富永茂,55,福岡,52,B1,3.47,12.22,4.83,33.33,23.81,23.24,6.99,0.2
4,20231021,1,三国,5,5159,笠間憲哉,25,愛知,50,B1,2.27,5.81,1.66,0.00,42.36,32.39,6.99,0.2
5,20231021,1,三国,6,5187,小坂風太,23,福井,52,B2,4.49,22.83,4.07,22.86,41.10,38.13,6.99,0.2
0,20231021,2,三国,1,4259,真庭明志,39,長崎,52,A2,5.96,37.50,4.56,16.67,25.58,30.77,6.99,0.2
1,20231021,2,三国,2,4930,佐藤悠,27,福井,53,A2,4.48,26.53,5.78,39.76,23.53,26.06,6.99,0.2
2,20231021,2,三国,3,4693,松下誉士,39,福岡,53,B1,4.06,18.00,5.05,31.58,35.48,39.13,6.99,0.2
3,20231021,2,三国,4,3591,後藤孝義,55,静岡,52,B1,3.24,9.20,4.60,25.00,30.83,38.36,6.99,0.2
4,20231021,2,三国,5,5177,松井貫太,27,福岡,51,B1,2.93,10.10,2.33,11.11,26.76,40.97,6.99,0.2
5,20231021,2,三国,6,4711,前出達吉,33,福井,52,B1,6.13,45.92,5.58,36.00,26.71,40.14,6.99,0.2
0,20231021,3,三国,1,4793,金子萌,33,静岡,52,A2,6.55,51.24,5.14,34.09,30.60,30.43,6.99,0.2
1,20231021,3,三国,2,3448,高山秀雄,53,群馬,53,B1,4.46,26.17,4.26,15.79,37.93,25.55,6.99,0.2
2,20231021,3,三国,3,4472,尾嶋一広,36,兵庫,56,A1,6.79,51.03,6.63,48.57,48.09,32.62,6.99,0.2
3,20231021,3,三国,4,4405,南野利騰,38,福井,53,B1,4.20,17.39,4.59,23.89,35.42,37.67,6.99,0.2
4,20231021,3,三国,5,5150,坂本雄紀,28,群馬,53,B1,5.15,32.05,3.41,14.81,32.06,36.81,6.99,0.2
5,20231021,3,三国,6,5147,田中勇輔,29,埼玉,52,B1,4.23,21.52,0.00,0.00,23.08,38.13,6.99,0.2
0,20231021,4,三国,1,4587,木田峰由,32,福井,54,A2,4.86,27.64,5.83,38.85,31.37,30.00,6.99,0.2
1,20231021,4,三国,2,4766,石井孝之,32,群馬,56,B1,4.58,26.53,4.46,32.43,35.53,39.86,6.99,0.2
2,20231021,4,三国,3,4487,三原司,37,福岡,53,B1,3.93,16.84,3.92,16.00,33.33,29.37,6.99,0.2
3,20231021,4,三国,4,4718,北川太一,30,佐賀,52,A1,6.10,42.50,5.20,40.00,41.43,42.14,6.99,0.2
4,20231021,4,三国,5,4139,丹下健,42,愛知,55,B1,4.85,29.73,4.14,28.57,25.19,31.91,6.99,0.2
5,20231021,4,三国,6,3838,伊藤啓三,48,埼玉,53,A2,5.71,36.52,5.89,38.89,29.53,32.62,6.99,0.2
0,20231021,5,三国,1,4558,宮野仁,33,岡山,53,B1,5.73,37.11,3.94,17.65,25.41,33.57,6.99,0.2
1,20231021,5,三国,2,4197,渥美卓郎,41,静岡,54,B1,3.63,10.89,3.67,11.90,32.84,35.46,6.99,0.2
2,20231021,5,三国,3,3491,富永茂,55,福岡,52,B1,3.47,12.22,4.83,33.33,23.81,23.24,6.99,0.2
3,20231021,5,三国,4,4748,渡邉雄朗,37,東京,53,A2,5.96,46.55,5.56,44.44,33.80,32.37,6.99,0.2
4,20231021,5,三国,5,3957,大谷直弘,46,愛知,55,A2,4.74,26.98,5.07,29.63,53.72,29.29,6.99,0.2
5,20231021,5,三国,6,4236,松村敏,40,福岡,55,A1,7.34,56.93,7.00,54.55,30.50,30.28,6.99,0.2
0,20231021,6,三国,1,5221,竹間隆晟,22,大阪,54,B1,5.68,40.91,4.44,25.00,29.37,33.33,6.99,0.2
1,20231021,6,三国,2,3912,川原正明,49,福井,52,B1,4.45,25.81,5.26,37.37,38.28,37.59,6.99,0.2
2,20231021,6,三国,3,3591,後藤孝義,55,静岡,52,B1,3.24,9.20,4.60,25.00,30.83,38.36,6.99,0.2
3,20231021,6,三国,4,4259,真庭明志,39,長崎,52,A2,5.96,37.50,4.56,16.67,25.58,30.77,6.99,0.2
4,20231021,6,三国,5,3968,茶谷信次,47,滋賀,55,A2,5.35,29.41,5.69,36.54,34.87,30.99,6.99,0.2
5,20231021,6,三国,6,5282,中本大樹,20,福井,53,B2,1.73,0.00,1.58,0.00,36.77,28.57,6.99,0.2
0,20231021,7,三国,1,5150,坂本雄紀,28,群馬,53,B1,5.15,32.05,3.41,14.81,32.06,36.81,6.99,0.2
1,20231021,7,三国,2,5177,松井貫太,27,福岡,51,B1,2.93,10.10,2.33,11.11,26.76,40.97,6.99,0.2
2,20231021,7,三国,3,4405,南野利騰,38,福井,53,B1,4.20,17.39,4.59,23.89,35.42,37.67,6.99,0.2
3,20231021,7,三国,4,5114,小林孝彰,23,福井,53,B1,4.48,24.39,3.46,14.87,30.46,31.72,6.99,0.2
4,20231021,7,三国,5,4285,伴将典,39,愛知,66,B2,3.68,12.82,3.30,9.99,29.94,27.78,6.99,0.2
5,20231021,7,三国,6,5260,佐々木海,25,大阪,54,B2,1.49,1.30,1.41,0.00,40.77,28.97,6.99,0.2
0,20231021,8,三国,1,4139,丹下健,42,愛知,55,B1,4.85,29.73,4.14,28.57,25.19,31.91,6.99,0.2
1,20231021,8,三国,2,5147,田中勇輔,29,埼玉,52,B1,4.23,21.52,0.00,0.00,23.08,38.13,6.99,0.2
2,20231021,8,三国,3,5159,笠間憲哉,25,愛知,50,B1,2.27,5.81,1.66,0.00,42.36,32.39,6.99,0.2
3,20231021,8,三国,4,4587,木田峰由,32,福井,54,A2,4.86,27.64,5.83,38.85,31.37,30.00,6.99,0.2
4,20231021,8,三国,5,3448,高山秀雄,53,群馬,53,B1,4.46,26.17,4.26,15.79,37.93,25.55,6.99,0.2
5,20231021,8,三国,6,4930,佐藤悠,27,福井,53,A2,4.48,26.53,5.78,39.76,23.53,26.06,6.99,0.2
0,20231021,9,三国,1,4718,北川太一,30,佐賀,52,A1,6.10,42.50,5.20,40.00,41.43,42.14,6.99,0.2
1,20231021,9,三国,2,4711,前出達吉,33,福井,52,B1,6.13,45.92,5.58,36.00,26.71,40.14,6.99,0.2
2,20231021,9,三国,3,4793,金子萌,33,静岡,52,A2,6.55,51.24,5.14,34.09,30.60,30.43,6.99,0.2
3,20231021,9,三国,4,4051,清水敦揮,42,岡山,55,A1,6.72,52.94,8.36,81.82,30.14,23.08,6.99,0.2
4,20231021,9,三国,5,4197,渥美卓郎,41,静岡,54,B1,3.63,10.89,3.67,11.90,32.84,35.46,6.99,0.2
5,20231021,9,三国,6,4766,石井孝之,32,群馬,56,B1,4.58,26.53,4.46,32.43,35.53,39.86,6.99,0.2
0,20231021,10,三国,1,3838,伊藤啓三,48,埼玉,53,A2,5.71,36.52,5.89,38.89,29.53,32.62,6.99,0.2
1,20231021,10,三国,2,3841,佐々木和,47,徳島,55,A1,6.09,45.61,6.72,48.28,34.75,38.73,6.99,0.2
2,20231021,10,三国,3,4748,渡邉雄朗,37,東京,53,A2,5.96,46.55,5.56,44.44,33.80,32.37,6.99,0.2
3,20231021,10,三国,4,3912,川原正明,49,福井,52,B1,4.45,25.81,5.26,37.37,38.28,37.59,6.99,0.2
4,20231021,10,三国,5,4693,松下誉士,39,福岡,53,B1,4.06,18.00,5.05,31.58,35.48,39.13,6.99,0.2
5,20231021,10,三国,6,5221,竹間隆晟,22,大阪,54,B1,5.68,40.91,4.44,25.00,29.37,33.33,6.99,0.2
0,20231021,11,三国,1,5187,小坂風太,23,福井,52,B2,4.49,22.83,4.07,22.86,41.10,38.13,6.99,0.2
1,20231021,11,三国,2,3968,茶谷信次,47,滋賀,55,A2,5.35,29.41,5.69,36.54,34.87,30.99,6.99,0.2
2,20231021,11,三国,3,3957,大谷直弘,46,愛知,55,A2,4.74,26.98,5.07,29.63,53.72,29.29,6.99,0.2
3,20231021,11,三国,4,4472,尾嶋一広,36,兵庫,56,A1,6.79,51.03,6.63,48.57,48.09,32.62,6.99,0.2
4,20231021,11,三国,5,4487,三原司,37,福岡,53,B1,3.93,16.84,3.92,16.00,33.33,29.37,6.99,0.2
5,20231021,11,三国,6,4558,宮野仁,33,岡山,53,B1,5.73,37.11,3.94,17.65,25.41,33.57,6.99,0.2
0,20231021,12,三国,1,3833,中辻博訓,49,福井,54,A2,6.55,50.85,6.74,48.65,28.87,37.59,6.99,0.2
1,20231021,12,三国,2,4092,岡部大輔,42,佐賀,53,A2,5.53,37.23,6.19,50.00,28.67,36.17,6.99,0.2
2,20231021,12,三国,3,3708,岡部貴司,49,岡山,56,B1,4.89,26.36,4.38,25.00,27.01,36.30,6.99,0.2
3,20231021,12,三国,4,4061,萩原秀人,44,福井,55,A1,7.07,52.48,7.67,64.43,26.53,45.77,6.99,0.2
4,20231021,12,三国,5,3997,北村征嗣,44,大阪,54,A1,7.12,56.12,6.67,46.94,32.89,28.47,6.99,0.2
5,20231021,12,三国,6,5226,藤田俊祐,21,東京,52,B1,5.63,37.80,0.00,0.00,45.52,25.90,6.99,0.2
0,20231021,1,常滑,1,4142,平野和明,42,愛知,53,A2,5.83,37.86,5.89,38.73,31.94,39.39,6.99,0.2
1,20231021,1,常滑,2,3902,蜷川哲平,46,東京,54,A2,5.33,29.67,6.38,56.25,35.38,29.41,6.99,0.2
2,20231021,1,常滑,3,3065,増田弘喜,63,埼玉,57,B1,3.88,15.38,3.82,18.18,37.67,27.69,6.99,0.2
3,20231021,1,常滑,4,3872,岡田憲行,47,大阪,53,A2,5.71,36.09,5.19,32.43,36.19,36.11,6.99,0.2
4,20231021,1,常滑,5,4453,永田郁弥,35,愛知,54,B1,3.24,13.76,4.33,25.00,27.00,28.36,6.99,0.2
5,20231021,1,常滑,6,5285,若林麗,24,東京,51,B2,1.24,0.00,0.00,0.00,29.56,24.24,6.99,0.2
0,20231021,2,常滑,1,3362,間嶋仁志,54,三重,54,A2,6.22,48.80,5.37,39.53,35.29,26.67,6.99,0.2
1,20231021,2,常滑,2,3776,横井健太,48,愛知,56,B1,3.99,20.91,4.50,21.77,36.74,33.80,6.99,0.2
2,20231021,2,常滑,3,4692,酒井俊弘,39,福井,53,A2,5.21,34.71,6.00,33.33,36.20,27.14,6.99,0.2
3,20231021,2,常滑,4,4110,小澤和也,43,埼玉,57,B1,4.80,27.17,4.89,26.67,38.12,27.87,6.99,0.2
4,20231021,2,常滑,5,4527,高野心吾,35,愛知,50,B1,4.46,27.18,4.60,26.83,30.39,29.03,6.99,0.2
5,20231021,2,常滑,6,3662,大庭元明,53,福岡,56,A2,5.08,32.82,5.00,14.29,28.00,34.21,6.99,0.2
0,20231021,3,常滑,1,4836,大谷健太,34,埼玉,52,B1,3.92,19.44,0.00,0.00,38.57,41.33,6.99,0.2
1,20231021,3,常滑,2,5186,遠藤圭吾,23,東京,54,B1,4.30,21.74,2.67,9.99,24.88,33.77,6.99,0.2
2,20231021,3,常滑,3,4003,表憲一,45,福井,54,B1,5.75,34.15,5.77,36.36,37.90,37.50,6.99,0.2
3,20231021,3,常滑,4,3257,田頭実,56,福岡,51,A2,7.30,66.96,6.33,33.33,31.07,34.67,6.99,0.2
4,20231021,3,常滑,5,5211,高井駿弥,25,愛知,48,B1,2.77,6.76,1.77,1.92,36.16,36.67,6.99,0.2
5,20231021,3,常滑,6,4043,桐本康臣,44,三重,54,A1,6.03,43.09,6.28,46.51,34.53,20.29,6.99,0.2
0,20231021,4,常滑,1,4514,上條嘉嗣,33,大阪,52,A1,6.31,48.18,6.82,58.82,34.45,25.68,6.99,0.2
1,20231021,4,常滑,2,5190,大月遊雅,22,東京,54,B1,3.04,10.26,2.67,16.67,26.63,36.62,6.99,0.2
2,20231021,4,常滑,3,4329,小松卓司,40,福岡,52,B1,4.77,31.96,0.00,0.00,31.28,25.00,6.99,0.2
3,20231021,4,常滑,4,4570,前田聖文,35,愛知,54,A2,5.84,40.54,5.56,37.10,41.74,26.56,6.99,0.2
4,20231021,4,常滑,5,4785,木幡純也,35,愛知,52,B1,3.99,12.35,3.98,16.67,38.18,38.16,6.99,0.2
5,20231021,4,常滑,6,3629,浅見昌克,53,埼玉,52,A2,5.31,33.61,4.91,39.13,33.18,41.56,6.99,0.2
0,20231021,5,常滑,1,3065,増田弘喜,63,埼玉,57,B1,3.88,15.38,3.82,18.18,37.67,27.69,6.99,0.2
1,20231021,5,常滑,2,3361,岡部浩,54,徳島,51,B1,4.49,23.81,8.43,71.43,36.92,35.00,6.99,0.2
2,20231021,5,常滑,3,4903,吉田凌太,30,愛知,50,A1,5.32,31.91,6.50,40.91,32.13,23.53,6.99,0.2
3,20231021,5,常滑,4,4976,金山立樹,29,東京,54,B1,3.85,15.91,4.29,25.00,36.11,47.30,6.99,0.2
4,20231021,5,常滑,5,4663,籾山佳岳,41,愛知,52,B2,5.05,28.21,4.79,25.00,36.87,38.67,6.99,0.2
5,20231021,5,常滑,6,3635,石田政吾,52,福井,52,A2,6.13,39.26,6.10,48.78,34.16,35.14,6.99,0.2
0,20231021,6,常滑,1,4797,中山将,31,三重,53,A2,6.16,48.46,5.06,36.11,26.32,34.33,6.99,0.2
1,20231021,6,常滑,2,4453,永田郁弥,35,愛知,54,B1,3.24,13.76,4.33,25.00,27.00,28.36,6.99,0.2
2,20231021,6,常滑,3,4390,松本弓雄,37,徳島,53,B1,4.30,22.64,0.00,0.00,32.56,29.17,6.99,0.2
3,20231021,6,常滑,4,4318,桑原将光,39,東京,52,A2,5.79,36.30,6.07,46.67,25.97,34.29,6.99,0.2
4,20231021,6,常滑,5,5292,佐藤右京,22,東京,57,B2,1.27,0.00,0.00,0.00,35.38,33.33,6.99,0.2
5,20231021,6,常滑,6,4516,野口勝弘,36,愛知,51,A1,6.92,55.47,7.08,52.08,36.04,32.84,6.99,0.2
0,20231021,7,常滑,1,3692,竹腰正樹,52,福井,53,B1,4.96,26.32,5.22,37.04,26.02,21.21,6.99,0.2
1,20231021,7,常滑,2,4527,高野心吾,35,愛知,50,B1,4.46,27.18,4.60,26.83,30.39,29.03,6.99,0.2
2,20231021,7,常滑,3,4042,丸岡正典,44,大阪,52,A1,6.61,50.00,7.61,61.29,43.66,38.96,6.99,0.2
3,20231021,7,常滑,4,3922,菅沼佳昭,48,愛知,51,B1,3.78,18.58,4.74,27.38,30.41,21.62,6.99,0.2
4,20231021,7,常滑,5,4779,伊倉光,37,東京,50,B2,3.44,11.11,4.65,20.00,27.88,30.77,6.99,0.2
5,20231021,7,常滑,6,3902,蜷川哲平,46,東京,54,A2,5.33,29.67,6.38,56.25,35.38,29.41,6.99,0.2
0,20231021,8,常滑,1,4003,表憲一,45,福井,54,B1,5.75,34.15,5.77,36.36,37.90,37.50,6.99,0.2
1,20231021,8,常滑,2,4785,木幡純也,35,愛知,52,B1,3.99,12.35,3.98,16.67,38.18,38.16,6.99,0.2
2,20231021,8,常滑,3,3293,宮内由紀,58,東京,53,B1,3.96,14.12,3.92,12.50,36.32,32.43,6.99,0.2
3,20231021,8,常滑,4,3662,大庭元明,53,福岡,56,A2,5.08,32.82,5.00,14.29,28.00,34.21,6.99,0.2
4,20231021,8,常滑,5,5285,若林麗,24,東京,51,B2,1.24,0.00,0.00,0.00,29.56,24.24,6.99,0.2
5,20231021,8,常滑,6,4276,鈴木勝博,40,愛知,52,A1,6.79,53.28,6.63,47.37,31.51,35.90,6.99,0.2
0,20231021,9,常滑,1,3872,岡田憲行,47,大阪,53,A2,5.71,36.09,5.19,32.43,36.19,36.11,6.99,0.2
1,20231021,9,常滑,2,4976,金山立樹,29,東京,54,B1,3.85,15.91,4.29,25.00,36.11,47.30,6.99,0.2
2,20231021,9,常滑,3,5211,高井駿弥,25,愛知,48,B1,2.77,6.76,1.77,1.92,36.16,36.67,6.99,0.2
3,20231021,9,常滑,4,3362,間嶋仁志,54,三重,54,A2,6.22,48.80,5.37,39.53,35.29,26.67,6.99,0.2
4,20231021,9,常滑,5,4837,酒井陽祐,34,愛知,51,B1,4.16,19.54,4.25,27.87,34.56,29.17,6.99,0.2
5,20231021,9,常滑,6,4329,小松卓司,40,福岡,52,B1,4.77,31.96,0.00,0.00,31.28,25.00,6.99,0.2
0,20231021,10,常滑,1,4318,桑原将光,39,東京,52,A2,5.79,36.30,6.07,46.67,25.97,25.33,6.99,0.2
1,20231021,10,常滑,2,3851,森田昭彦,51,福岡,56,B1,4.24,22.09,4.92,33.33,31.12,25.71,6.99,0.2
2,20231021,10,常滑,3,3776,横井健太,48,愛知,56,B1,3.99,20.91,4.50,21.77,36.74,33.80,6.99,0.2
3,20231021,10,常滑,4,5186,遠藤圭吾,23,東京,54,B1,4.30,21.74,2.67,9.99,24.88,33.77,6.99,0.2
4,20231021,10,常滑,5,3361,岡部浩,54,徳島,51,B1,4.49,23.81,8.43,71.43,36.92,35.00,6.99,0.2
5,20231021,10,常滑,6,4570,前田聖文,35,愛知,54,A2,5.84,40.54,5.56,37.10,41.74,26.56,6.99,0.2
0,20231021,11,常滑,1,3257,田頭実,56,福岡,51,A2,7.30,66.96,6.33,33.33,31.07,34.67,6.99,0.2
1,20231021,11,常滑,2,3635,石田政吾,52,福井,52,A2,6.13,39.26,6.10,48.78,34.16,35.14,6.99,0.2
2,20231021,11,常滑,3,3629,浅見昌克,53,埼玉,52,A2,5.31,33.61,4.91,39.13,33.18,41.56,6.99,0.2
3,20231021,11,常滑,4,4142,平野和明,42,愛知,53,A2,5.83,37.86,5.89,38.73,31.94,39.39,6.99,0.2
4,20231021,11,常滑,5,4797,中山将,31,三重,53,A2,6.16,48.46,5.06,36.11,26.32,34.33,6.99,0.2
5,20231021,11,常滑,6,4692,酒井俊弘,39,福井,53,A2,5.21,34.71,6.00,33.33,36.20,27.14,6.99,0.2
0,20231021,12,常滑,1,4042,丸岡正典,44,大阪,52,A1,6.61,50.00,7.61,61.29,43.66,38.96,6.99,0.2
1,20231021,12,常滑,2,4276,鈴木勝博,40,愛知,52,A1,6.79,53.28,6.63,47.37,31.51,35.90,6.99,0.2
2,20231021,12,常滑,3,4043,桐本康臣,44,三重,54,A1,6.03,43.09,6.28,46.51,34.53,20.29,6.99,0.2
3,20231021,12,常滑,4,4516,野口勝弘,36,愛知,51,A1,6.92,55.47,7.08,52.08,36.04,32.84,6.99,0.2
4,20231021,12,常滑,5,4514,上條嘉嗣,33,大阪,52,A1,6.31,48.18,6.82,58.82,34.45,25.68,6.99,0.2
5,20231021,12,常滑,6,4903,吉田凌太,30,愛知,50,A1,5.32,31.91,6.50,40.91,32.13,23.53,6.99,0.2
0,20231021,1,平和島,1,4893,渡邉真奈,33,東京,47,B1,4.78,24.07,4.79,32.69,32.31,26.39,6.99,0.2
1,20231021,1,平和島,2,4784,向井田真,36,広島,48,B1,3.99,27.54,0.00,0.00,44.74,28.57,6.99,0.2
2,20231021,1,平和島,3,5153,佐藤ほの,27,東京,46,B1,2.58,6.67,1.93,2.94,45.31,37.14,6.99,0.2
3,20231021,1,平和島,4,3302,谷川里江,56,愛知,46,A2,4.87,27.14,6.10,38.10,30.99,34.85,6.99,0.2
4,20231021,1,平和島,5,5078,山川波乙,26,三重,45,B1,4.35,27.27,1.57,0.00,51.47,46.38,6.99,0.2
5,20231021,1,平和島,6,5251,沼田七華,21,福井,54,B2,1.49,0.00,0.00,0.00,39.44,20.90,6.99,0.2
0,20231021,2,平和島,1,4929,梅内夕貴,28,東京,45,B2,2.24,5.88,2.63,6.25,33.33,25.35,6.99,0.2
1,20231021,2,平和島,2,3693,栢場優子,52,東京,44,B1,3.99,18.56,4.06,16.98,30.99,36.99,6.99,0.2
2,20231021,2,平和島,3,4414,大澤真菜,37,東京,44,B1,4.21,22.41,4.00,20.00,38.36,31.65,6.99,0.2
3,20231021,2,平和島,4,4244,鈴木成美,37,静岡,45,B1,5.09,32.35,4.73,31.82,51.32,32.35,6.99,0.2
4,20231021,2,平和島,5,4317,木村紗友,39,静岡,47,B1,4.75,26.25,5.00,30.00,33.33,31.43,6.99,0.2
5,20231021,2,平和島,6,3579,中里優子,50,埼玉,48,A2,5.74,34.65,6.10,44.90,45.21,26.47,6.99,0.2
0,20231021,3,平和島,1,4283,石井裕美,39,東京,51,B2,4.15,20.59,4.00,11.11,40.51,25.71,6.99,0.2
1,20231021,3,平和島,2,3580,水口由紀,50,滋賀,49,B1,5.28,29.07,6.20,40.00,47.06,32.86,6.99,0.2
2,20231021,3,平和島,3,5194,大久保佑,22,埼玉,42,B1,4.12,21.51,3.00,0.00,36.36,25.30,6.99,0.2
3,20231021,3,平和島,4,4791,黒澤めぐ,33,東京,47,B1,5.21,32.71,5.55,32.50,33.33,21.92,6.99,0.2
4,20231021,3,平和島,5,3999,大瀧明日,44,愛知,46,A1,6.11,42.22,5.43,33.33,33.33,27.54,6.99,0.2
5,20231021,3,平和島,6,4246,喜多那由,41,静岡,50,B1,4.43,23.66,5.36,45.45,43.06,39.44,6.99,0.2
0,20231021,4,平和島,1,3801,五反田忍,49,大阪,51,B1,5.27,40.24,5.18,27.27,34.85,42.62,6.99,0.2
1,20231021,4,平和島,2,5164,森田梨湖,23,福岡,46,B2,1.97,2.78,1.22,0.00,32.43,33.80,6.99,0.2
2,20231021,4,平和島,3,3509,道上千夏,51,香川,50,B1,4.07,20.22,4.40,20.00,36.23,39.71,6.99,0.2
3,20231021,4,平和島,4,4819,蜂須瑞生,32,群馬,46,B1,5.17,32.76,5.12,28.00,38.36,29.82,6.99,0.2
4,20231021,4,平和島,5,4690,高石梨菜,29,東京,48,B1,4.78,19.40,4.74,27.91,37.84,45.16,6.99,0.2
5,20231021,4,平和島,6,3611,岩崎芳美,51,徳島,49,A1,6.74,51.82,0.00,0.00,31.88,42.67,6.99,0.2
0,20231021,5,平和島,1,4484,稲生夏季,33,東京,49,B1,4.49,16.05,4.82,21.31,31.75,40.24,6.99,0.2
1,20231021,5,平和島,2,5056,西岡成美,27,徳島,45,A2,5.63,35.42,5.00,21.05,37.50,33.33,6.99,0.2
2,20231021,5,平和島,3,4893,渡邉真奈,33,東京,47,B1,4.78,24.07,4.79,32.69,32.31,26.39,6.99,0.2
3,20231021,5,平和島,4,5078,山川波乙,26,三重,45,B1,4.35,27.27,1.57,0.00,51.47,46.38,6.99,0.2
4,20231021,5,平和島,5,4891,寺島美里,33,東京,47,B1,5.45,30.00,5.11,38.60,34.72,27.63,6.99,0.2
5,20231021,5,平和島,6,3943,三松直美,44,岡山,63,B1,4.21,20.75,0.00,0.00,33.33,43.28,6.99,0.2
0,20231021,6,平和島,1,4569,中澤宏奈,35,東京,48,B1,4.46,29.41,5.91,49.23,45.68,35.29,6.99,0.2
1,20231021,6,平和島,2,4071,古賀千晶,42,兵庫,47,B1,5.30,33.33,6.91,54.55,28.38,43.84,6.99,0.2
2,20231021,6,平和島,3,4183,宇野弥生,37,愛知,46,A1,5.84,38.18,6.11,44.44,40.28,39.34,6.99,0.2
3,20231021,6,平和島,4,4784,向井田真,36,広島,48,B1,3.99,27.54,0.00,0.00,44.74,28.57,6.99,0.2
4,20231021,6,平和島,5,4929,梅内夕貴,28,東京,45,B2,2.24,5.88,2.63,6.25,33.33,25.35,6.99,0.2
5,20231021,6,平和島,6,4244,鈴木成美,37,静岡,45,B1,5.09,32.35,4.73,31.82,51.32,32.35,6.99,0.2
0,20231021,7,平和島,1,4414,大澤真菜,37,東京,44,B1,4.21,22.41,4.00,20.00,38.36,31.65,6.99,0.2
1,20231021,7,平和島,2,5153,佐藤ほの,27,東京,46,B1,2.58,6.67,1.93,2.94,45.31,37.14,6.99,0.2
2,20231021,7,平和島,3,4478,櫻本あゆ,35,群馬,49,A2,6.34,49.06,6.18,42.86,31.25,25.00,6.99,0.2
3,20231021,7,平和島,4,3355,橋谷田佳,55,東京,42,B2,2.50,0.00,4.97,13.33,38.81,25.00,6.99,0.2
4,20231021,7,平和島,5,3232,山川美由,56,香川,47,A2,6.21,45.56,7.00,54.55,29.85,23.19,6.99,0.2
5,20231021,7,平和島,6,3474,松瀬弘美,53,静岡,46,B1,4.97,28.30,5.11,34.21,39.44,40.91,6.99,0.2
0,20231021,8,平和島,1,3693,栢場優子,52,東京,44,B1,3.99,18.56,4.06,16.98,30.99,36.99,6.99,0.2
1,20231021,8,平和島,2,4011,堀之内紀,44,岡山,46,A1,6.20,49.09,6.15,41.51,28.38,37.68,6.99,0.2
2,20231021,8,平和島,3,3580,水口由紀,50,滋賀,49,B1,5.28,29.07,6.20,40.00,47.06,32.86,6.99,0.2
3,20231021,8,平和島,4,4317,木村紗友,39,静岡,47,B1,4.75,26.25,5.00,30.00,33.33,31.43,6.99,0.2
4,20231021,8,平和島,5,5251,沼田七華,21,福井,54,B2,1.49,0.00,0.00,0.00,39.44,20.90,6.99,0.2
5,20231021,8,平和島,6,3509,道上千夏,51,香川,50,B1,4.07,20.22,4.40,20.00,36.23,39.71,6.99,0.2
0,20231021,9,平和島,1,4891,寺島美里,33,東京,47,B1,5.45,30.00,5.11,38.60,34.72,27.63,6.99,0.2
1,20231021,9,平和島,2,4998,中村かな,30,東京,46,A2,5.67,37.61,6.02,44.90,28.17,48.48,6.99,0.2
2,20231021,9,平和島,3,3801,五反田忍,49,大阪,51,B1,5.27,40.24,5.18,27.27,34.85,42.62,6.99,0.2
3,20231021,9,平和島,4,5164,森田梨湖,23,福岡,46,B2,1.97,2.78,1.22,0.00,32.43,33.80,6.99,0.2
4,20231021,9,平和島,5,5194,大久保佑,22,埼玉,42,B1,4.12,21.51,3.00,0.00,36.36,25.30,6.99,0.2
5,20231021,9,平和島,6,4791,黒澤めぐ,33,東京,47,B1,5.21,32.71,5.55,32.50,33.33,21.92,6.99,0.2
0,20231021,10,平和島,1,3579,中里優子,50,埼玉,48,A2,5.74,34.65,6.10,44.90,45.21,26.47,6.99,0.2
1,20231021,10,平和島,2,3999,大瀧明日,44,愛知,46,A1,6.11,42.22,5.43,33.33,33.33,27.54,6.99,0.2
2,20231021,10,平和島,3,3302,谷川里江,56,愛知,46,A2,4.87,27.14,6.10,38.10,30.99,34.85,6.99,0.2
3,20231021,10,平和島,4,4183,宇野弥生,37,愛知,46,A1,5.84,38.18,6.11,44.44,40.28,39.34,6.99,0.2
4,20231021,10,平和島,5,4484,稲生夏季,33,東京,49,B1,4.49,16.05,4.82,21.31,31.75,40.24,6.99,0.2
5,20231021,10,平和島,6,5056,西岡成美,27,徳島,45,A2,5.63,35.42,5.00,21.05,37.50,33.33,6.99,0.2
0,20231021,11,平和島,1,3611,岩崎芳美,51,徳島,49,A1,6.74,51.82,0.00,0.00,31.88,42.67,6.99,0.2
1,20231021,11,平和島,2,3232,山川美由,56,香川,47,A2,6.21,45.56,7.00,54.55,29.85,23.19,6.99,0.2
2,20231021,11,平和島,3,4819,蜂須瑞生,32,群馬,46,B1,5.17,32.76,5.12,28.00,38.36,29.82,6.99,0.2
3,20231021,11,平和島,4,4478,櫻本あゆ,35,群馬,49,A2,6.34,49.06,6.18,42.86,31.25,25.00,6.99,0.2
4,20231021,11,平和島,5,4071,古賀千晶,42,兵庫,47,B1,5.30,33.33,6.91,54.55,28.38,43.84,6.99,0.2
5,20231021,11,平和島,6,4569,中澤宏奈,35,東京,48,B1,4.46,29.41,5.91,49.23,45.68,35.29,6.99,0.2
0,20231021,12,平和島,1,4387,平山智加,38,香川,46,A1,7.10,54.96,6.79,42.11,53.85,32.76,6.99,0.2
1,20231021,12,平和島,2,3188,日高逸子,62,福岡,45,A1,6.24,46.79,5.00,36.36,29.41,24.68,6.99,0.2
2,20231021,12,平和島,3,4208,三浦永理,40,静岡,48,A1,7.09,55.17,5.27,27.27,40.85,44.05,6.99,0.2
3,20231021,12,平和島,4,4627,藤原菜希,37,東京,48,A2,6.67,50.00,6.61,53.03,44.29,36.99,6.99,0.2
4,20231021,12,平和島,5,4117,廣中智紗,42,東京,45,A1,6.24,38.14,6.69,50.00,34.25,32.26,6.99,0.2
5,20231021,12,平和島,6,4845,前田紗希,30,埼玉,47,A2,5.07,27.91,5.57,35.71,29.73,35.21,6.99,0.2
0,20231021,1,江戸川,1,3273,石田豪,57,広島,52,B1,4.00,18.46,4.11,11.11,46.59,32.35,6.99,0.2
1,20231021,1,江戸川,2,5178,成貞琳平,27,愛知,54,B1,2.74,7.41,3.21,12.82,35.71,28.13,6.99,0.2
2,20231021,1,江戸川,3,4211,村田敦,40,東京,60,B1,4.03,23.48,4.84,30.85,23.91,30.61,6.99,0.2
3,20231021,1,江戸川,4,3808,秋田健太,48,埼玉,60,B1,3.74,11.11,4.88,23.73,30.30,35.64,6.99,0.2
4,20231021,1,江戸川,5,3471,赤峰和也,53,佐賀,55,B1,3.98,21.43,0.00,0.00,27.18,33.33,6.99,0.2
5,20231021,1,江戸川,6,5294,豊田祥生,21,静岡,50,B2,1.53,1.61,0.00,0.00,21.05,33.67,6.99,0.2
0,20231021,2,江戸川,1,5047,國分将太,29,東京,54,B2,5.60,37.93,5.62,38.46,41.18,37.23,6.99,0.2
1,20231021,2,江戸川,2,4572,渡部悟,35,大阪,56,B1,5.65,34.92,5.27,35.06,39.80,38.00,6.99,0.2
2,20231021,2,江戸川,3,4145,小澤学,41,東京,53,B1,4.40,20.66,4.55,22.22,29.89,31.37,6.99,0.2
3,20231021,2,江戸川,4,4824,松井洪弥,30,三重,52,A2,6.24,44.60,6.00,50.00,50.51,35.29,6.99,0.2
4,20231021,2,江戸川,5,3947,寺本昇平,47,群馬,49,B1,4.81,27.43,5.25,29.55,24.42,42.20,6.99,0.2
5,20231021,2,江戸川,6,5300,横田海人,21,愛知,53,B2,1.59,1.45,0.00,0.00,15.96,33.67,6.99,0.2
0,20231021,3,江戸川,1,4271,川崎公靖,41,広島,52,B1,4.21,22.45,5.17,26.67,23.30,36.36,6.99,0.2
1,20231021,3,江戸川,2,4093,吉田宗弘,42,東京,51,B1,4.45,24.36,5.11,30.59,30.30,34.95,6.99,0.2
2,20231021,3,江戸川,3,4651,佐藤大騎,38,大阪,52,B1,4.28,22.11,2.95,5.00,48.00,23.53,6.99,0.2
3,20231021,3,江戸川,4,4959,井上忠政,27,大阪,52,A2,7.01,52.78,7.20,60.00,30.00,24.73,6.99,0.2
4,20231021,3,江戸川,5,4245,高橋直哉,41,東京,53,B1,4.47,24.10,5.52,34.38,27.38,30.61,6.99,0.2
5,20231021,3,江戸川,6,3934,鋤柄貴俊,46,愛知,53,B1,4.88,29.33,4.71,24.14,37.37,29.59,6.99,0.2
0,20231021,4,江戸川,1,3929,杢野誓良,48,愛知,52,B1,5.04,28.83,4.52,24.00,34.34,33.00,6.99,0.2
1,20231021,4,江戸川,2,4200,早川尚人,41,大阪,55,B1,4.56,23.48,4.46,16.67,44.00,36.08,6.99,0.2
2,20231021,4,江戸川,3,3769,佐竹恒彦,50,滋賀,52,A2,4.80,26.97,6.40,45.00,39.22,28.16,6.99,0.2
3,20231021,4,江戸川,4,4407,鹿島敏弘,37,群馬,57,B1,5.19,26.85,5.38,30.19,38.38,25.32,6.99,0.2
4,20231021,4,江戸川,5,5096,上原崚,28,東京,53,B1,5.18,34.21,4.07,22.39,32.99,37.76,6.99,0.2
5,20231021,4,江戸川,6,5290,坂本一真,22,東京,54,B2,1.20,0.00,0.00,0.00,30.93,26.37,6.99,0.2
0,20231021,5,江戸川,1,3807,岡部哲,48,埼玉,52,B1,5.10,30.25,6.22,50.00,29.90,45.19,6.99,0.2
1,20231021,5,江戸川,2,5049,松井友汰,28,大阪,55,B1,5.03,32.89,4.97,29.23,31.96,34.00,6.99,0.2
2,20231021,5,江戸川,3,4928,栗城匠,28,東京,51,A1,6.80,47.30,6.29,38.54,28.28,23.71,6.99,0.2
3,20231021,5,江戸川,4,3471,赤峰和也,53,佐賀,55,B1,3.98,21.43,0.00,0.00,27.18,33.33,6.99,0.2
4,20231021,5,江戸川,5,3690,河合三弘,53,愛知,53,B1,5.21,30.16,6.34,50.00,40.00,37.86,6.99,0.2
5,20231021,5,江戸川,6,4491,田中堅,36,群馬,51,B1,5.56,35.94,4.18,15.22,22.00,38.54,6.99,0.2
0,20231021,6,江戸川,1,4666,日笠勝弘,39,大阪,51,B1,4.26,18.00,4.65,31.08,38.38,36.17,6.99,0.2
1,20231021,6,江戸川,2,3808,秋田健太,48,埼玉,60,B1,3.74,11.11,4.88,23.73,30.30,35.64,6.99,0.2
2,20231021,6,江戸川,3,4112,大久保信,43,佐賀,54,A2,5.74,40.38,6.67,44.44,40.00,45.65,6.99,0.2
3,20231021,6,江戸川,4,4886,入海馨,27,岡山,53,A1,6.83,51.91,6.24,44.83,31.58,37.89,6.99,0.2
4,20231021,6,江戸川,5,5300,横田海人,21,愛知,53,B2,1.59,1.45,0.00,0.00,15.96,33.67,6.99,0.2
5,20231021,6,江戸川,6,4660,宇田川信,32,東京,53,B1,3.76,15.15,5.13,30.83,26.80,32.32,6.99,0.2
0,20231021,7,江戸川,1,4325,新出浩司,40,大阪,52,B1,5.05,28.57,4.75,30.51,36.36,20.93,6.99,0.2
1,20231021,7,江戸川,2,4757,山田祐也,34,徳島,53,A2,6.79,54.87,3.75,0.00,47.42,23.75,6.99,0.2
2,20231021,7,江戸川,3,4245,高橋直哉,41,東京,53,B1,4.47,24.10,5.52,34.38,27.38,30.61,6.99,0.2
3,20231021,7,江戸川,4,4933,板橋侑我,27,静岡,53,A1,6.86,51.65,7.01,53.33,32.65,30.70,6.99,0.2
4,20231021,7,江戸川,5,4572,渡部悟,35,大阪,56,B1,5.65,34.92,5.27,35.06,39.80,38.00,6.99,0.2
5,20231021,7,江戸川,6,5178,成貞琳平,27,愛知,54,B1,2.74,7.41,3.21,12.82,35.71,28.13,6.99,0.2
0,20231021,8,江戸川,1,4888,金児隆太,36,群馬,52,A2,5.73,35.14,5.30,33.96,34.74,33.68,6.99,0.2
1,20231021,8,江戸川,2,4651,佐藤大騎,38,大阪,52,B1,4.28,22.11,2.95,5.00,48.00,23.53,6.99,0.2
2,20231021,8,江戸川,3,5047,國分将太,29,東京,54,B2,5.60,37.93,5.62,38.46,41.18,37.23,6.99,0.2
3,20231021,8,江戸川,4,4465,大西賢,37,東京,52,B1,4.40,26.26,5.39,35.00,27.00,39.80,6.99,0.2
4,20231021,8,江戸川,5,5294,豊田祥生,21,静岡,50,B2,1.53,1.61,0.00,0.00,21.05,33.67,6.99,0.2
5,20231021,8,江戸川,6,4513,河野真也,34,福岡,52,A2,5.70,40.87,5.68,41.94,20.24,43.75,6.99,0.2
0,20231021,9,江戸川,1,4959,井上忠政,27,大阪,52,A2,7.01,52.78,7.20,60.00,30.00,24.73,6.99,0.2
1,20231021,9,江戸川,2,3947,寺本昇平,47,群馬,49,B1,4.81,27.43,5.25,29.55,24.42,42.20,6.99,0.2
2,20231021,9,江戸川,3,4630,岩永雅人,36,愛知,52,A2,5.53,32.85,6.02,47.37,42.86,30.21,6.99,0.2
3,20231021,9,江戸川,4,3273,石田豪,57,広島,52,B1,4.00,18.46,4.11,11.11,46.59,32.35,6.99,0.2
4,20231021,9,江戸川,5,3769,佐竹恒彦,50,滋賀,52,A2,4.80,26.97,6.40,45.00,39.22,28.16,6.99,0.2
5,20231021,9,江戸川,6,5049,松井友汰,28,大阪,55,B1,5.03,32.89,4.97,29.23,31.96,34.00,6.99,0.2
0,20231021,10,江戸川,1,4112,大久保信,43,佐賀,54,A2,5.74,40.38,6.67,44.44,40.00,45.65,6.99,0.2
1,20231021,10,江戸川,2,4928,栗城匠,28,東京,51,A1,6.80,47.30,6.29,38.54,28.28,23.71,6.99,0.2
2,20231021,10,江戸川,3,3934,鋤柄貴俊,46,愛知,53,B1,4.88,29.33,4.71,24.14,37.37,29.59,6.99,0.2
3,20231021,10,江戸川,4,4200,早川尚人,41,大阪,55,B1,4.56,23.48,4.46,16.67,44.00,36.08,6.99,0.2
4,20231021,10,江戸川,5,4824,松井洪弥,30,三重,52,A2,6.24,44.60,6.00,50.00,50.51,35.29,6.99,0.2
5,20231021,10,江戸川,6,4167,片岡秀樹,41,徳島,57,B1,5.34,30.85,5.83,50.00,28.00,22.73,6.99,0.2
0,20231021,11,江戸川,1,4886,入海馨,27,岡山,53,A1,6.83,51.91,6.24,44.83,31.58,37.89,6.99,0.2
1,20231021,11,江戸川,2,4934,佐々木翔,27,大阪,54,A2,5.69,42.42,4.66,28.13,32.08,33.67,6.99,0.2
2,20231021,11,江戸川,3,4093,吉田宗弘,42,東京,51,B1,4.45,24.36,5.11,30.59,30.30,34.95,6.99,0.2
3,20231021,11,江戸川,4,3807,岡部哲,48,埼玉,52,B1,5.10,30.25,6.22,50.00,29.90,45.19,6.99,0.2
4,20231021,11,江戸川,5,4407,鹿島敏弘,37,群馬,57,B1,5.19,26.85,5.38,30.19,38.38,25.32,6.99,0.2
5,20231021,11,江戸川,6,4757,山田祐也,34,徳島,53,A2,6.79,54.87,3.75,0.00,47.42,23.75,6.99,0.2
0,20231021,12,江戸川,1,3685,荒井輝年,49,岡山,57,A1,5.87,40.34,6.10,38.46,27.00,30.39,6.99,0.2
1,20231021,12,江戸川,2,4095,福来剛,42,東京,52,A1,6.62,48.30,6.81,53.15,42.16,33.01,6.99,0.2
2,20231021,12,江戸川,3,4370,山口達也,37,岡山,55,A1,5.56,35.11,6.94,56.45,28.57,24.72,6.99,0.2
3,20231021,12,江戸川,4,4398,船岡洋一,36,広島,52,A1,6.67,51.22,5.61,30.43,16.47,25.29,6.99,0.2
4,20231021,12,江戸川,5,4828,松山将吾,29,滋賀,51,A1,6.12,44.83,5.70,40.00,30.53,39.60,6.99,0.2
5,20231021,12,江戸川,6,4933,板橋侑我,27,静岡,53,A1,6.86,51.65,7.01,53.33,32.65,30.70,6.99,0.2
0,20231021,1,戸田,1,4439,近藤友宝,37,埼玉,54,B1,4.34,21.78,4.33,17.31,44.90,40.00,6.99,0.2
1,20231021,1,戸田,2,4474,渡辺崇,36,福岡,57,B1,5.11,29.20,3.86,14.29,45.83,19.57,6.99,0.2
2,20231021,1,戸田,3,4813,宮内直哉,33,東京,52,B1,4.03,23.68,3.48,17.39,25.00,51.52,6.99,0.2
3,20231021,1,戸田,4,3141,山来和人,61,東京,55,B1,3.85,15.48,4.30,26.98,32.00,29.17,6.99,0.2
4,20231021,1,戸田,5,3339,泉具巳,58,兵庫,56,B1,5.70,38.04,5.31,34.48,40.00,18.18,6.99,0.2
5,20231021,1,戸田,6,3605,中村守成,52,三重,53,B1,3.72,13.92,4.36,26.00,32.50,17.86,6.99,0.2
0,20231021,2,戸田,1,3233,小畑実成,56,岡山,53,B1,5.19,33.90,6.55,45.45,31.91,40.00,6.99,0.2
1,20231021,2,戸田,2,4842,山下昂大,31,岡山,55,A1,6.23,44.78,0.00,0.00,20.00,52.27,6.99,0.2
2,20231021,2,戸田,3,3105,内山文典,60,東京,54,A2,5.60,40.50,4.50,22.50,38.78,35.71,6.99,0.2
3,20231021,2,戸田,4,3619,長谷川充,49,群馬,52,B1,4.75,25.41,5.25,28.85,19.05,35.56,6.99,0.2
4,20231021,2,戸田,5,4432,黄金井力,37,埼玉,55,B1,5.49,29.52,5.25,30.43,40.68,28.00,6.99,0.2
5,20231021,2,戸田,6,4140,梶野学志,42,東京,53,A1,6.67,49.57,7.50,64.52,32.56,44.19,6.99,0.2
0,20231021,3,戸田,1,4406,幸野史明,38,福岡,52,B1,4.91,30.84,5.00,31.25,44.07,26.53,6.99,0.2
1,20231021,3,戸田,2,5036,福田翔吾,25,大阪,53,B1,4.96,31.37,5.11,25.71,25.53,36.36,6.99,0.2
2,20231021,3,戸田,3,3412,鈴木博,54,埼玉,53,A2,6.23,41.13,6.54,46.41,31.11,54.05,6.99,0.2
3,20231021,3,戸田,4,5219,森口和紀,23,福岡,53,B1,2.91,7.89,0.00,0.00,37.25,36.96,6.99,0.2
4,20231021,3,戸田,5,3659,藤生雄人,49,群馬,53,A2,6.02,42.74,5.15,30.77,27.50,29.63,6.99,0.2
5,20231021,3,戸田,6,4428,有賀達也,38,埼玉,52,A1,6.45,43.90,5.87,42.00,33.33,45.83,6.99,0.2
0,20231021,4,戸田,1,4039,村上功祐,44,大阪,58,B1,5.39,33.66,4.50,30.00,27.66,48.84,6.99,0.2
1,20231021,4,戸田,2,4124,池田雄一,41,静岡,52,A1,6.31,47.90,5.35,34.62,52.73,36.59,6.99,0.2
2,20231021,4,戸田,3,3681,山谷央,50,東京,51,A2,5.23,29.31,5.64,30.56,28.00,32.56,6.99,0.2
3,20231021,4,戸田,4,3850,小川知行,51,群馬,52,B1,4.78,28.13,5.27,30.77,20.45,26.42,6.99,0.2
4,20231021,4,戸田,5,4270,岸本雄貴,41,三重,66,B1,4.07,21.43,5.05,37.84,24.49,27.08,6.99,0.2
5,20231021,4,戸田,6,3161,古場輝義,63,大阪,52,A2,5.61,35.43,5.32,28.00,41.18,41.03,6.99,0.2
0,20231021,5,戸田,1,3251,平石和男,57,埼玉,48,A2,5.69,36.36,5.58,36.41,22.22,27.66,6.99,0.2
1,20231021,5,戸田,2,5100,栗原一馬,27,群馬,56,B2,3.69,20.00,2.70,3.33,25.00,43.59,6.99,0.2
2,20231021,5,戸田,3,4281,大澤大夢,39,埼玉,53,B1,5.33,35.14,5.24,31.85,53.33,16.67,6.99,0.2
3,20231021,5,戸田,4,3813,佐藤大介,47,愛知,54,A1,6.47,45.53,6.00,44.44,25.53,14.58,6.99,0.2
4,20231021,5,戸田,5,3346,宮本裕之,56,兵庫,52,B1,3.91,19.75,4.18,25.00,28.89,36.00,6.99,0.2
5,20231021,5,戸田,6,4813,宮内直哉,33,東京,52,B1,4.03,23.68,3.48,17.39,25.00,51.52,6.99,0.2
0,20231021,6,戸田,1,4104,木下陽介,44,東京,52,B1,5.12,35.48,5.76,41.18,27.66,32.08,6.99,0.2
1,20231021,6,戸田,2,3983,須藤博倫,46,埼玉,52,A2,6.52,46.30,6.94,52.63,28.30,18.87,6.99,0.2
2,20231021,6,戸田,3,4037,別府正幸,44,埼玉,53,B1,5.72,36.70,5.12,32.69,18.37,42.50,6.99,0.2
3,20231021,6,戸田,4,3605,中村守成,52,三重,53,B1,3.72,13.92,4.36,26.00,32.50,17.86,6.99,0.2
4,20231021,6,戸田,5,4066,東本勝利,43,三重,53,A2,5.88,42.86,6.29,50.00,26.98,38.46,6.99,0.2
5,20231021,6,戸田,6,3300,川崎智幸,56,岡山,52,A1,6.30,45.07,6.71,47.06,28.89,58.97,6.99,0.2
0,20231021,7,戸田,1,3484,芝田浩治,52,兵庫,53,A1,6.10,42.06,6.08,32.00,31.71,41.46,6.99,0.2
1,20231021,7,戸田,2,4432,黄金井力,37,埼玉,55,B1,5.49,29.52,5.25,30.43,40.68,28.00,6.99,0.2
2,20231021,7,戸田,3,4186,小川時光,42,埼玉,57,B2,3.37,13.56,4.54,22.73,39.58,44.12,6.99,0.2
3,20231021,7,戸田,4,4474,渡辺崇,36,福岡,57,B1,5.11,29.20,3.86,14.29,45.83,19.57,6.99,0.2
4,20231021,7,戸田,5,4674,池田剛規,36,福岡,52,B1,4.90,30.43,5.06,25.00,39.58,45.45,6.99,0.2
5,20231021,7,戸田,6,5036,福田翔吾,25,大阪,53,B1,4.96,31.37,5.11,25.71,25.53,36.36,6.99,0.2
0,20231021,8,戸田,1,3339,泉具巳,58,兵庫,56,B1,5.70,38.04,5.31,34.48,40.00,18.18,6.99,0.2
1,20231021,8,戸田,2,4428,有賀達也,38,埼玉,52,A1,6.45,43.90,5.87,42.00,33.33,45.83,6.99,0.2
2,20231021,8,戸田,3,4506,稗田聖也,35,福岡,53,A2,4.82,32.61,4.55,35.00,40.35,36.59,6.99,0.2
3,20231021,8,戸田,4,4138,中井俊祐,43,大阪,53,B1,4.36,22.09,5.35,35.48,21.74,50.00,6.99,0.2
4,20231021,8,戸田,5,4039,村上功祐,44,大阪,58,B1,5.39,33.66,4.50,30.00,27.66,48.84,6.99,0.2
5,20231021,8,戸田,6,3105,内山文典,60,東京,54,A2,5.60,40.50,4.50,22.50,38.78,35.71,6.99,0.2
0,20231021,9,戸田,1,3659,藤生雄人,49,群馬,53,A2,6.02,42.74,5.15,30.77,27.50,29.63,6.99,0.2
1,20231021,9,戸田,2,4140,梶野学志,42,東京,53,A1,6.67,49.57,7.50,64.52,32.56,44.19,6.99,0.2
2,20231021,9,戸田,3,3505,山田竜一,52,東京,53,A2,5.46,26.45,5.91,35.94,50.00,41.30,6.99,0.2
3,20231021,9,戸田,4,5252,荒木颯斗,21,愛知,54,B1,3.28,9.80,3.71,11.76,40.82,32.61,6.99,0.2
4,20231021,9,戸田,5,4124,池田雄一,41,静岡,52,A1,6.31,47.90,5.35,34.62,52.73,36.59,6.99,0.2
5,20231021,9,戸田,6,4281,大澤大夢,39,埼玉,53,B1,5.33,35.14,5.24,31.85,53.33,16.67,6.99,0.2
0,20231021,10,戸田,1,3319,山崎義明,56,埼玉,52,A2,5.79,34.82,6.47,46.46,55.32,34.62,6.99,0.2
1,20231021,10,戸田,2,3377,塚田修二,56,東京,55,B1,4.61,28.57,4.07,18.52,31.71,15.09,6.99,0.2
2,20231021,10,戸田,3,3300,川崎智幸,56,岡山,52,A1,6.30,45.07,6.71,47.06,28.89,58.97,6.99,0.2
3,20231021,10,戸田,4,4406,幸野史明,38,福岡,52,B1,4.91,30.84,5.00,31.25,44.07,26.53,6.99,0.2
4,20231021,10,戸田,5,4076,杉田篤光,45,静岡,52,A2,5.79,38.40,5.40,34.00,43.18,52.63,6.99,0.2
5,20231021,10,戸田,6,3681,山谷央,50,東京,51,A2,5.23,29.31,5.64,30.56,28.00,32.56,6.99,0.2
0,20231021,11,戸田,1,4066,東本勝利,43,三重,53,A2,5.88,42.86,6.29,50.00,26.98,38.46,6.99,0.2
1,20231021,11,戸田,2,3412,鈴木博,54,埼玉,53,A2,6.23,41.13,6.54,46.41,31.11,54.05,6.99,0.2
2,20231021,11,戸田,3,3251,平石和男,57,埼玉,48,A2,5.69,36.36,5.58,36.41,22.22,27.66,6.99,0.2
3,20231021,11,戸田,4,3484,芝田浩治,52,兵庫,53,A1,6.10,42.06,6.08,32.00,31.71,41.46,6.99,0.2
4,20231021,11,戸田,5,3850,小川知行,51,群馬,52,B1,4.78,28.13,5.27,30.77,20.45,26.42,6.99,0.2
5,20231021,11,戸田,6,3619,長谷川充,49,群馬,52,B1,4.75,25.41,5.25,28.85,19.05,35.56,6.99,0.2
0,20231021,12,戸田,1,3813,佐藤大介,47,愛知,54,A1,6.47,45.53,6.00,44.44,25.53,14.58,6.99,0.2
1,20231021,12,戸田,2,4506,稗田聖也,35,福岡,53,A2,4.82,32.61,4.55,35.00,40.35,36.59,6.99,0.2
2,20231021,12,戸田,3,4080,山崎哲司,44,愛知,50,B2,6.58,44.44,7.11,55.56,31.82,43.64,6.99,0.2
3,20231021,12,戸田,4,4842,山下昂大,31,岡山,55,A1,6.23,44.78,0.00,0.00,20.00,52.27,6.99,0.2
4,20231021,12,戸田,5,3161,古場輝義,63,大阪,52,A2,5.61,35.43,5.32,28.00,41.18,41.03,6.99,0.2
5,20231021,12,戸田,6,4674,池田剛規,36,福岡,52,B1,4.90,30.43,5.06,25.00,39.58,45.45,6.99,0.2
0,20231021,1,桐生,1,5184,飯塚響,24,群馬,44,B2,2.05,2.56,1.83,6.06,41.18,31.94,6.99,0.2
1,20231021,1,桐生,2,4546,浜田亜理,35,埼玉,47,A1,7.10,53.66,5.89,34.04,36.22,27.54,6.99,0.2
2,20231021,1,桐生,3,5005,石田貴洋,27,埼玉,52,A2,5.67,33.59,4.59,25.93,33.33,29.29,6.99,0.2
3,20231021,1,桐生,4,5306,河内悠利,20,群馬,47,B2,1.25,0.00,1.50,0.00,36.59,31.44,6.99,0.2
4,20231021,1,桐生,5,4004,山本浩輔,45,長崎,54,B1,3.95,15.32,0.00,0.00,34.52,32.80,6.99,0.2
5,20231021,1,桐生,6,3949,今出晋二,47,岡山,58,B1,3.30,7.50,3.75,25.00,35.90,37.50,6.99,0.2
0,20231021,2,桐生,1,4568,廣瀬真也,35,東京,50,B1,4.89,31.96,6.21,42.86,30.66,39.29,6.99,0.2
1,20231021,2,桐生,2,3699,富永正人,50,埼玉,54,B1,4.50,23.33,4.67,28.33,34.21,30.90,6.99,0.2
2,20231021,2,桐生,3,4098,赤澤文香,41,岡山,49,B1,4.51,18.18,5.11,22.22,27.98,31.96,6.99,0.2
3,20231021,2,桐生,4,4601,森野正弘,38,山口,54,A1,5.90,43.48,6.75,50.00,45.20,40.10,6.99,0.2
4,20231021,2,桐生,5,3967,鈴木茂高,44,愛知,57,B1,4.55,24.37,4.26,17.65,37.43,33.85,6.99,0.2
5,20231021,2,桐生,6,3702,貞兼淳二,50,福岡,58,A2,5.73,40.59,5.00,33.33,35.03,27.37,6.99,0.2
0,20231021,3,桐生,1,3226,浦田信義,58,東京,51,B1,4.87,27.05,4.44,25.93,37.13,28.04,6.99,0.2
1,20231021,3,桐生,2,4161,黒柳浩孝,41,愛知,55,A2,5.57,38.46,6.40,41.67,44.51,32.28,6.99,0.2
2,20231021,3,桐生,3,4501,樋口由加,35,岡山,45,B1,5.61,40.32,5.31,18.75,29.24,41.15,6.99,0.2
3,20231021,3,桐生,4,3435,寺田千恵,54,岡山,46,A1,6.63,49.59,8.00,75.00,34.36,27.33,6.99,0.2
4,20231021,3,桐生,5,4343,村岡賢,39,広島,54,B1,4.02,19.79,0.00,0.00,31.87,30.57,6.99,0.2
5,20231021,3,桐生,6,3246,星野政彦,59,兵庫,54,B1,4.45,23.75,6.70,60.00,30.00,27.63,6.99,0.2
0,20231021,4,桐生,1,4691,水原慎,40,徳島,50,B1,4.40,21.88,0.00,0.00,37.77,30.34,6.99,0.2
1,20231021,4,桐生,2,4090,中村尊,43,埼玉,54,A2,6.50,51.75,6.13,46.43,26.90,31.44,6.99,0.2
2,20231021,4,桐生,3,3488,柳田英明,56,東京,52,B1,2.76,5.88,3.74,15.79,32.02,25.14,6.99,0.2
3,20231021,4,桐生,4,4134,杉山貴博,43,東京,55,A2,6.55,51.43,6.22,41.67,31.82,36.55,6.99,0.2
4,20231021,4,桐生,5,4683,向井田直,33,広島,46,B1,4.63,32.93,0.00,0.00,32.45,25.53,6.99,0.2
5,20231021,4,桐生,6,3489,大場敏,56,静岡,53,A1,6.34,44.78,6.48,46.43,43.09,37.11,6.99,0.2
0,20231021,5,桐生,1,4603,谷川将太,35,長崎,54,B1,4.60,24.53,2.33,11.11,34.90,36.96,6.99,0.2
1,20231021,5,桐生,2,3719,辻栄蔵,48,広島,52,A1,6.83,42.66,7.60,40.00,29.95,27.81,6.99,0.2
2,20231021,5,桐生,3,4373,若狭奈美,35,岡山,47,A2,5.37,34.69,6.14,52.38,32.28,31.52,6.99,0.2
3,20231021,5,桐生,4,3984,坂口周,45,三重,54,A1,6.52,52.99,7.03,55.00,34.38,24.38,6.99,0.2
4,20231021,5,桐生,5,5184,飯塚響,24,群馬,44,B2,2.05,2.56,1.83,6.06,41.18,31.94,6.99,0.2
5,20231021,5,桐生,6,4274,長畑友輔,41,東京,51,B1,4.61,27.72,4.64,24.00,39.90,36.27,6.99,0.2
0,20231021,6,桐生,1,4523,中村辰也,35,長崎,52,A1,5.81,41.67,0.00,0.00,34.38,38.30,6.99,0.2
1,20231021,6,桐生,2,4098,赤澤文香,41,岡山,49,B1,4.51,18.18,5.11,22.22,27.98,31.96,6.99,0.2
2,20231021,6,桐生,3,3949,今出晋二,47,岡山,58,B1,3.30,7.50,3.75,25.00,35.90,37.50,6.99,0.2
3,20231021,6,桐生,4,4034,西原明生,44,香川,55,B1,4.13,17.53,0.00,0.00,29.76,35.86,6.99,0.2
4,20231021,6,桐生,5,3796,長野道臣,50,静岡,54,B1,5.72,39.13,5.14,35.71,35.58,41.45,6.99,0.2
5,20231021,6,桐生,6,5248,本田愛,21,静岡,48,B2,3.22,10.53,0.00,0.00,28.57,30.99,6.99,0.2
0,20231021,7,桐生,1,3740,大澤普司,49,群馬,54,A2,6.12,42.57,6.70,47.93,38.46,36.27,6.99,0.2
1,20231021,7,桐生,2,4268,和合俊介,38,福岡,59,B1,3.96,23.81,4.83,16.67,29.65,37.24,6.99,0.2
2,20231021,7,桐生,3,4109,谷津幸宏,43,埼玉,55,A2,6.51,47.37,5.91,40.00,39.32,31.09,6.99,0.2
3,20231021,7,桐生,4,3699,富永正人,50,埼玉,54,B1,4.50,23.33,4.67,28.33,34.21,30.90,6.99,0.2
4,20231021,7,桐生,5,4501,樋口由加,35,岡山,45,B1,5.61,40.32,5.31,18.75,29.24,41.15,6.99,0.2
5,20231021,7,桐生,6,5306,河内悠利,20,群馬,47,B2,1.25,0.00,1.50,0.00,36.59,31.44,6.99,0.2
0,20231021,8,桐生,1,3811,石田章央,47,静岡,54,A2,6.54,48.46,5.90,39.74,32.32,33.51,6.99,0.2
1,20231021,8,桐生,2,3967,鈴木茂高,44,愛知,57,B1,4.55,24.37,4.26,17.65,37.43,29.85,6.99,0.2
2,20231021,8,桐生,3,3226,浦田信義,58,東京,51,B1,4.87,27.05,4.44,25.93,37.13,28.04,6.99,0.2
3,20231021,8,桐生,4,4201,佐竹友樹,41,埼玉,52,B1,5.20,30.61,4.64,24.72,39.23,42.05,6.99,0.2
4,20231021,8,桐生,5,3743,林美憲,48,徳島,53,A1,6.62,48.04,0.00,0.00,35.23,32.28,6.99,0.2
5,20231021,8,桐生,6,3488,柳田英明,56,東京,52,B1,2.76,5.88,3.74,15.79,32.02,25.14,6.99,0.2
0,20231021,9,桐生,1,5027,重冨勇哉,27,山口,54,B1,4.95,27.38,0.00,0.00,43.10,41.33,6.99,0.2
1,20231021,9,桐生,2,4683,向井田直,33,広島,46,B1,4.63,32.93,0.00,0.00,32.45,25.53,6.99,0.2
2,20231021,9,桐生,3,3702,貞兼淳二,50,福岡,58,A2,5.73,40.59,5.00,33.33,35.03,27.37,6.99,0.2
3,20231021,9,桐生,4,4004,山本浩輔,45,長崎,54,B1,3.95,15.32,0.00,0.00,34.52,32.80,6.99,0.2
4,20231021,9,桐生,5,3441,土屋太朗,54,群馬,53,B1,4.62,22.58,5.51,37.67,35.98,36.08,6.99,0.2
5,20231021,9,桐生,6,4189,川上剛,42,福岡,56,A2,6.57,48.65,7.50,62.50,32.24,34.10,6.99,0.2
0,20231021,10,桐生,1,4623,中北将史,38,三重,52,B1,4.85,22.33,4.28,16.00,29.51,31.41,6.99,0.2
1,20231021,10,桐生,2,3406,中里英夫,55,群馬,52,A2,4.78,25.47,6.18,42.68,39.58,34.29,6.99,0.2
2,20231021,10,桐生,3,4134,杉山貴博,43,東京,55,A2,6.55,51.43,6.22,41.67,31.82,36.55,6.99,0.2
3,20231021,10,桐生,4,4373,若狭奈美,35,岡山,47,A2,5.37,34.69,6.14,52.38,32.28,31.52,6.99,0.2
4,20231021,10,桐生,5,5248,本田愛,21,静岡,48,B2,3.22,10.53,0.00,0.00,28.57,30.99,6.99,0.2
5,20231021,10,桐生,6,4343,村岡賢,39,広島,54,B1,4.02,19.79,0.00,0.00,31.87,30.57,6.99,0.2
0,20231021,11,桐生,1,3719,辻栄蔵,48,広島,52,A1,6.83,42.66,7.60,40.00,29.95,27.81,6.99,0.2
1,20231021,11,桐生,2,3489,大場敏,56,静岡,53,A1,6.34,44.78,6.48,46.43,43.09,37.11,6.99,0.2
2,20231021,11,桐生,3,4523,中村辰也,35,長崎,52,A1,5.81,41.67,0.00,0.00,34.38,38.30,6.99,0.2
3,20231021,11,桐生,4,4109,谷津幸宏,43,埼玉,55,A2,6.51,47.37,5.91,40.00,39.32,31.09,6.99,0.2
4,20231021,11,桐生,5,4161,黒柳浩孝,41,愛知,55,A2,5.57,38.46,6.40,41.67,44.51,32.28,6.99,0.2
5,20231021,11,桐生,6,4546,浜田亜理,35,埼玉,47,A1,7.10,53.66,5.89,34.04,36.22,27.54,6.99,0.2
0,20231021,12,桐生,1,3435,寺田千恵,54,岡山,46,A1,6.63,49.59,8.00,75.00,34.36,36.18,6.99,0.2
1,20231021,12,桐生,2,3743,林美憲,48,徳島,53,A1,6.62,48.04,0.00,0.00,35.23,32.28,6.99,0.2
2,20231021,12,桐生,3,3984,坂口周,45,三重,54,A1,6.52,52.99,7.03,55.00,34.38,24.38,6.99,0.2
3,20231021,12,桐生,4,4090,中村尊,43,埼玉,54,A2,6.50,51.75,6.13,46.43,26.90,31.44,6.99,0.2
4,20231021,12,桐生,5,4601,森野正弘,38,山口,54,A1,5.90,43.48,6.75,50.00,45.20,40.10,6.99,0.2
5,20231021,12,桐生,6,5005,石田貴洋,27,埼玉,52,A2,5.67,33.59,4.59,25.93,33.33,29.29,6.99,0.2
